people_id,name,first_name,middle_name,last_name,suffix,nickname,party_id,party,role_id,role,district,followthemoney_eid,votesmart_id,opensecrets_id,ballotpedia,knowwho_pid,committee_id
2390,"James Arciero",James,,Arciero,,,1,D,1,Rep,HD-02-MID,6494968,109539,,James_Arciero,270806,0
2391,"Brian Ashe",Brian,Michael,Ashe,,,1,D,1,Rep,HD-02-HAM,6480013,65679,,Brian_Ashe,270802,0
2394,"Bruce Ayers",Bruce,J.,Ayers,,,1,D,1,Rep,HD-01-NOR,13001289,18958,,Bruce_Ayers,195044,0
2403,"Michael Brady",Michael,D.,Brady,,,1,D,2,Sen,SD-02-NOR,13001522,172879,,Michael_Brady,270833,0
2404,"William Brownsberger",William,N.,Brownsberger,,,1,D,2,Sen,SD-SUFFOL,927721,66893,,William_Brownsberger,250538,0
2405,"Antonio Cabral",Antonio,"F D",Cabral,,,1,D,1,Rep,HD-13-BRI,6390585,4772,,Antonio_Cabral,195150,0
2422,"Paul Donato",Paul,J.,Donato,,,1,D,1,Rep,HD-35-MID,438104,54358,,Paul_Donato_Sr.,130917,0
2434,"Ann-Margaret Ferrante",Ann-Margaret,,Ferrante,,,1,D,1,Rep,HD-05-ESS,13001444,109532,,Ann-Margaret_Ferrante,270798,0
2435,"Barry Finegold",Barry,R.,Finegold,,,1,D,2,Sen,SD-02-MID,622936,13653,,Barry_Finegold,195171,0
2440,"Paul Frost",Paul,K.,Frost,,,2,R,1,Rep,HD-07-WOR,716914,13647,,Paul_Frost,195105,0
2441,"William Galvin",William,C.,Galvin,,,1,D,1,Rep,HD-06-NOR,839710,4803,,William_Galvin_(House_of_Representatives),195098,0
2442,"Sean Garballey",Sean,,Garballey,,,1,D,1,Rep,HD-23-MID,218908,103921,,Sean_Garballey,263009,0
2443,"Colleen Garry",Colleen,M.,Garry,,,1,D,1,Rep,HD-36-MID,1759500,4761,,Colleen_Garry,195197,0
2449,"Danielle Gregoire",Danielle,W.,Gregoire,,,1,D,1,Rep,HD-04-MID,13001419,109544,,Danielle_Gregoire,270811,0
2456,"Kate Hogan",Kate,,Hogan,,,1,D,1,Rep,HD-03-MID,272599,109541,,Kate_Hogan,270809,0
2457,"Kevin Honan",Kevin,G.,Honan,,,1,D,1,Rep,HD-17-SUF,162102,4816,,Kevin_Honan,195173,0
2459,"Bradley Jones",Bradley,H.,Jones,Jr.,,2,R,1,Rep,HD-20-MID,42563,4821,,Bradley_Jones_Jr.,195179,0
2463,"John Keenan",John,F.,Keenan,,,1,D,2,Sen,SD-NORFOL,13001485,35690,,John_Keenan_(Massachusetts_State_Senate),311913,0
2471,"Jason Lewis",Jason,M.,Lewis,,,1,D,2,Sen,SD-05-MID,172685,109548,,Jason_Lewis_(Massachusetts),270822,0
2472,"David Linsky",David,Paul,Linsky,,,1,D,1,Rep,HD-05-MID,2119359,1971,,David_Linsky,195087,0
2478,"Paul McMurtry",Paul,,McMurtry,,,1,D,1,Rep,HD-11-NOR,716154,74235,,Paul_McMurtry,256432,0
2480,"Aaron Michlewitz",Aaron,M.,Michlewitz,,,1,D,1,Rep,HD-03-SUF,398607,115768,,Aaron_Michlewitz,279145,0
2481,"Michael Moran",Michael,,Moran,,,1,D,1,Rep,HD-18-SUF,1740498,15237,,Michael_Moran_(Massachusetts),234680,0
2483,"James Murphy",James,Michael,Murphy,,,1,D,1,Rep,HD-04-NOR,13001423,36011,,James_Murphy_(Massachusetts),209539,0
2488,"James O'Day",James,J.,O'Day,,,1,D,1,Rep,HD-14-WOR,13001235,74291,,James_O%27Day,255607,0
2493,"Alice Peisch",Alice,Hanlon,Peisch,,,1,D,1,Rep,HD-14-NOR,461472,35864,,Alice_Peisch,212643,0
2501,"Angelo Puppolo",Angelo,J.,Puppolo,Jr.,,1,D,1,Rep,HD-12-HAM,1485565,65779,,Angelo_Puppolo_Jr.,250533,0
2506,"Michael Rodrigues",Michael,J.,Rodrigues,,,1,D,2,Sen,SD-01-PLY,1758292,4834,,Michael_Rodrigues,195116,0
2507,"John Rogers",John,H.,Rogers,,,1,D,1,Rep,HD-12-NOR,501933,4860,,John_Rogers_(Massachusetts),195147,0
2510,"Michael Rush",Michael,F.,Rush,,,1,D,2,Sen,SD-NORFOL,13001178,35666,,Michael_Rush,212637,0
2519,"Todd Smola",Todd,M.,Smola,,,2,R,1,Rep,HD-01-HAM,13001282,35966,,Todd_Smola,228416,0
2526,"Thomas Stanley",Thomas,M.,Stanley,,,1,D,1,Rep,HD-09-MID,13001517,54380,,Thomas_Stanley,209220,0
2552,"Cynthia Creem",Cynthia,Stone,Creem,,,1,D,2,Sen,SD-NORFOL,376496,18877,,Cynthia_Stone_Creem,194981,0
2555,"James Eldridge",James,B.,Eldridge,,,1,D,2,Sen,SD-MIDDLE,13001367,36072,,James_Eldridge,212647,0
2560,"Patricia Jehlen",Patricia,D.,Jehlen,,,1,D,2,Sen,SD-02-MID,162294,4820,,Patricia_Jehlen,195188,0
2566,"Mark Montigny",Mark,C.,Montigny,,,1,D,2,Sen,SD-02-PLY,567833,4749,,Mark_Montigny,195004,0
2567,"Michael Moore",Michael,O.,Moore,,,1,D,2,Sen,SD-02-WOR,249185,151167,,Michael_Moore_(Massachusetts),270855,0
2576,"Karen Spilka",Karen,E.,Spilka,,,1,D,2,Sen,SD-MIDDLE,570502,35683,,Karen_Spilka,210064,0
2577,"Bruce Tarr",Bruce,E.,Tarr,,,2,R,2,Sen,SD-01-MID,39412,4759,,Bruce_Tarr,195009,0
9608,"Joint Committee on Revenue",,,,,,0,,3,Jnt,,0,0,,,0,773
9610,"Joint Committee on Consumer Protection and Professional Licensure",,,,,,0,,3,Jnt,,0,0,,,0,755
9611,"Senate Committee on Ways and Means",,,,,,0,,2,Sen,,0,0,,,0,746
9612,"Joint Committee on Transportation",,,,,,0,,3,Jnt,,0,0,,,0,777
9613,"Joint Committee on Labor and Workforce Development",,,,,,0,,3,Jnt,,0,0,,,0,767
9614,"Joint Committee on Financial Services",,,,,,0,,3,Jnt,,0,0,,,0,762
12436,"Marc Lombardo",Marc,T.,Lombardo,,,2,R,1,Rep,HD-22-MID,13001304,74647,,Marc_Lombardo,295332,0
12439,"Salvatore DiDomenico",Salvatore,N.,DiDomenico,,,1,D,2,Sen,SD-MIDDLE,13012178,75393,,Sal_DiDomenico,287769,0
12442,"Steven Howitt",Steven,S.,Howitt,,,2,R,1,Rep,HD-04-BRI,1687643,35669,,Steven_Howitt,295127,0
12454,"David Vieira",David,T.,Vieira,,,2,R,1,Rep,HD-03-BAR,13001380,54354,,David_Vieira,295284,0
12455,"Donald Wong",Donald,H.,Wong,,,2,R,1,Rep,HD-09-ESS,1197773,124851,,Donald_Wong,295306,0
12461,"Russell Holmes",Russell,E.,Holmes,,,1,D,1,Rep,HD-06-SUF,6508115,125270,,Russell_Holmes,295367,0
13053,"Tackey Chan",Tackey,,Chan,,,1,D,1,Rep,HD-02-NOR,673716,125254,,Tackey_Chan,295339,0
13058,"Nick Collins",Nick,,Collins,,,1,D,2,Sen,SD-01-SUF,6508069,125266,,Nick_Collins,295359,0
13059,"Christopher Markey",Christopher,,Markey,,,1,D,1,Rep,HD-09-BRI,6508145,124990,,Christopher_Markey,295296,0
13064,"Mark Cusack",Mark,James,Cusack,,,1,D,1,Rep,HD-05-NOR,6508083,125256,,Mark_Cusack,295342,0
13105,"Ryan Fattman",Ryan,C.,Fattman,,,2,R,2,Sen,SD-WORCES,13001267,124937,,Ryan_Fattman,295170,0
13106,"Michael Finn",Michael,J.,Finn,,,1,D,1,Rep,HD-06-HAM,6508108,125111,,Michael_Finn,295318,0
13110,"Paul Mark",Paul,W.,Mark,,,1,D,2,Sen,SD-BERKSH,13001328,124969,,Paul_Mark,295289,0
13114,"Kimberly Ferguson",Kimberly,N.,Ferguson,,,2,R,1,Rep,HD-01-WOR,13001298,124876,,Kimberly_Ferguson,295377,0
13116,"Nicholas Boldyga",Nicholas,A.,Boldyga,,,2,R,1,Rep,HD-03-HAM,21849,110813,,Nicholas_Boldyga,295144,0
13123,"John Mahoney",John,J.,Mahoney,,,1,D,1,Rep,HD-13-WOR,720697,78214,,John_Mahoney_(Massachusetts),295440,0
13317,"Peter Durant",Peter,J.,Durant,,,2,R,2,Sen,SD-WORCES,363363,124927,,Peter_Durant,295382,0
13338,"Joint Committee on State Administration and Regulatory Oversight",,,,,,0,,3,Jnt,,0,0,,,0,774
13339,"Joint Committee on the Judiciary",,,,,,0,,3,Jnt,,0,0,,,0,766
13341,"House Committee on Ways and Means",,,,,,0,,1,Rep,,0,0,,,0,737
13501,"Joint Committee on Public Service",,,,,,0,,3,Jnt,,0,0,,,0,772
13502,"Joint Committee on Higher Education",,,,,,0,,3,Jnt,,0,0,,,0,764
13519,"Committee on Education",,,,,,0,,3,Jnt,,0,0,,,0,757
13529,"Joint Committee on Children, Families and Persons with Disabilities",,,,,,0,,3,Jnt,,0,0,,,0,753
13530,"Joint Committee on Municipalities and Regional Government",,,,,,0,,3,Jnt,,0,0,,,0,769
13658,"Joint Committee on Public Health",,,,,,0,,3,Jnt,,0,0,,,0,770
13877,"Tricia Farley-Bouvier",Tricia,,Farley-Bouvier,,,1,D,1,Rep,HD-02-BER,1097874,139625,,Tricia_Farley-Bouvier,377162,0
13944,"Committee on Election Laws",,,,,,0,,3,Jnt,,0,0,,,0,759
13967,"Committee on Community Development and Small Business",,,,,,0,,3,Jnt,,0,0,,,0,754
13969,"John Lawn",John,J.,Lawn,Jr.,,1,D,1,Rep,HD-10-MID,6513431,78646,,John_Lawn,341040,0
16183,"Michael Barrett",Michael,J.,Barrett,,,1,D,2,Sen,SD-03-MID,169372,141572,,Mike_Barrett,387754,0
16186,"Jeffrey Roy",Jeffrey,N.,Roy,,,1,D,1,Rep,HD-10-NOR,16501209,141607,,Jeffrey_Roy,416670,0
16188,"Marjorie Decker",Marjorie,C.,Decker,,,1,D,1,Rep,HD-25-MID,1651795,74924,,Marjorie_Decker,425744,0
16189,"Kenneth Gordon",Kenneth,I.,Gordon,,,1,D,1,Rep,HD-21-MID,16113679,143502,,Kenneth_Gordon,439447,0
16191,"David Rogers",David,M.,Rogers,,,1,D,1,Rep,HD-24-MID,15749196,141601,,David_Rogers_(Massachusetts),416700,0
16192,"Alan Silvia",Alan,D.,Silvia,,,1,D,1,Rep,HD-07-BRI,633234,124984,,Alan_Silvia,295129,0
16194,"Mary Keefe",Mary,S.,Keefe,,,1,D,1,Rep,HD-15-WOR,15749187,141620,,Mary_Keefe,425747,0
16196,"Jonathan Zlotnik",Jonathan,D.,Zlotnik,,,1,D,1,Rep,HD-02-WOR,15749216,141617,,Jonathan_Zlotnik,416672,0
16197,"Frank Moran",Frank,A.,Moran,,,1,D,1,Rep,HD-17-ESS,15749190,77573,,Frank_Moran,419908,0
16199,"Carole Fiola",Carole,A.,Fiola,,,1,D,1,Rep,HD-06-BRI,1615992,36056,,Carole_Fiola,469378,0
16202,"Daniel Donahue",Daniel,M.,Donahue,,,1,D,1,Rep,HD-16-WOR,18982501,144807,,Daniel_Donahue_(Massachusetts),469376,0
16203,"Jay Livingstone",Jay,D.,Livingstone,,,1,D,1,Rep,HD-08-SUF,18982521,144642,,Jay_Livingstone,464465,0
16207,"Joan Lovely",Joan,B.,Lovely,,,1,D,2,Sen,SD-02-ESS,13001486,35974,,Joan_Lovely,425753,0
16256,"John Velis",John,C.,Velis,,,1,D,2,Sen,SD-HAMPDE,20875059,150304,,John_Velis,495725,0
17537,Rules,,,,,,0,,2,Sen,,0,0,,,0,3320
17644,"Carlos Gonzalez",Carlos,,Gonzalez,,,1,D,1,Rep,HD-10-HAM,22853,154169,,Carlos_Gonzalez_(Massachusetts),501355,0
17645,"Carmine Gentile",Carmine,Lawrence,Gentile,,,1,D,1,Rep,HD-13-MID,194137,154176,,Carmine_Gentile,501369,0
17646,"Christine Barber",Christine,P.,Barber,,,1,D,1,Rep,HD-34-MID,25004764,154193,,Christine_Barber,501379,0
17647,"Daniel Hunt",Daniel,J.,Hunt,,,1,D,1,Rep,HD-13-SUF,24675866,150308,,Daniel_Hunt,495730,0
17648,"David DeCoste",David,F.,DeCoste,,,2,R,1,Rep,HD-05-PLY,25004607,154081,,David_DeCoste,501410,0
17649,"David Muradian",David,K.,Muradian,Jr.,,2,R,1,Rep,HD-09-WOR,25004632,154095,,David_Muradian_Jr.,294840,0
17650,"Donald Berthiaume",Donald,R.,Berthiaume,Jr.,,2,R,1,Rep,HD-05-WOR,25004597,154093,,Donald_Berthiaume_Jr.,501417,0
17652,"Joseph McKenna",Joseph,D.,McKenna,,,2,R,1,Rep,HD-18-WOR,25004630,154106,,Joseph_McKenna_(Massachusetts),481166,0
17653,"Joseph McGonagle",Joseph,W.,McGonagle,Jr.,,1,D,1,Rep,HD-28-MID,20848799,122737,,Joseph_McGonagle_Jr.,501375,0
17656,"Michael Day",Michael,Seamus,Day,,,1,D,1,Rep,HD-31-MID,215407,125317,,Michael_Day,295444,0
17657,"Michelle DuBois",Michelle,M.,DuBois,,,1,D,1,Rep,HD-10-PLY,25004759,74838,,Michelle_DuBois,501390,0
17660,"Steven Ultrino",Steven,Rocco,Ultrino,,,1,D,1,Rep,HD-33-MID,494359,148776,,Steven_Ultrino,501378,0
17661,"Susannah Whipps Lee",Susannah,M.,"Whipps Lee",,,3,I,1,Rep,HD-02-FRA,346399,141636,,Susannah_Whipps,416732,0
17662,"Brendan Crighton",Brendan,P.,Crighton,,,1,D,2,Sen,SD-03-ESS,25004692,123763,,Brendan_Crighton,479267,0
17708,"Adrian Madaro",Adrian,,Madaro,,,1,D,1,Rep,HD-01-SUF,41757691,156167,,Adrian_Madaro,481041,0
17871,"Daniel Ryan",Daniel,Joseph,Ryan,,Dan,1,D,1,Rep,HD-02-SUF,24675862,150302,,Daniel_Joseph_Ryan,495739,0
17960,"Thomas Walsh",Thomas,P.,Walsh,,,1,D,1,Rep,HD-12-ESS,13001464,159728,,Thomas_Walsh_(Massachusetts),573845,0
17963,"Patrick O'Connor",Patrick,M.,O'Connor,,,2,R,2,Sen,SD-01-NOR,6536109,75467,,Patrick_O%27Connor_(Massachusetts),584170,0
17971,"Daniel Cahill",Daniel,,Cahill,,,1,D,1,Rep,HD-10-ESS,152445,77732,,Daniel_Cahill,584158,0
17989,"Hannah Kane",Hannah,,Kane,,,2,R,1,Rep,HD-11-WOR,70643,156164,,Hannah_Kane,533043,0
19185,"Mike Connolly",Mike,,Connolly,,,1,D,1,Rep,HD-26-MID,16113682,143505,,Mike_Connolly_(Massachusetts),416719,0
19188,"Natalie Higgins",Natalie,M.,Higgins,,,1,D,1,Rep,HD-04-WOR,41757793,172249,,Natalie_Higgins,586630,0
19189,"Jack Lewis",Jack,Patrick,Lewis,,,1,D,1,Rep,HD-07-MID,172685,172134,,Jack_Patrick_Lewis,586568,0
19191,"Joan Meschino",Joan,,Meschino,,,1,D,1,Rep,HD-03-PLY,145589,172049,,Joan_Meschino,586437,0
19192,"Brian Murray",Brian,W.,Murray,,,1,D,1,Rep,HD-10-WOR,41757820,172253,,Brian_Murray,586634,0
19193,"Chynah Tyler",Chynah,,Tyler,,,1,D,1,Rep,HD-07-SUF,41757814,172224,,Chynah_Tyler,586623,0
19194,"Bud Williams",Bud,L.,Williams,,,1,D,1,Rep,HD-11-HAM,6401548,35846,,Bud_Williams,586534,0
19195,"Julian Cyr",Julian,Andre,Cyr,,,1,D,2,Sen,SD-CAPE,41757746,171999,,Julian_Andre_Cyr,420276,0
19304,"William Driscoll",William,J.,Driscoll,Jr.,,1,D,2,Sen,SD-NORFOL,1627842,172176,,William_Driscoll_Jr.,586602,0
19306,"Dylan Fernandes",Dylan,A.,Fernandes,,,1,D,2,Sen,SD-PLYMOU,41757765,172069,,Dylan_Fernandes,586452,0
19410,"Cindy Friedman",Cindy,F.,Friedman,,,1,D,2,Sen,SD-04-MID,43850232,176469,,Cindy_Friedman,479109,0
19433,"Paul Feeney",Paul,R.,Feeney,,,1,D,2,Sen,SD-BRISTO,13001274,67571,,Paul_Feeney,386745,0
19442,"John Barrett",John,,Barrett,III,,1,D,1,Rep,HD-01-BER,44001496,176803,,John_Barrett_III,643980,0
19443,"Andres Vargas",Andres,X.,Vargas,,Andy,1,D,1,Rep,HD-03-ESS,44001501,173806,,Andy_Vargas,644958,0
19623,"James Hawkins",James,,Hawkins,,Jim,1,D,1,Rep,HD-02-BRI,44290780,178193,,James_Hawkins_(Massachusetts),663478,0
21064,"Joanne Comerford",Joanne,M.,Comerford,,Jo,1,D,2,Sen,SD-HAMPSH,45816733,185114,,Jo_Comerford,679758,0
21065,"Natalie Blais",Natalie,M.,Blais,,,1,D,1,Rep,HD-01-FRA,45365140,184681,,Natalie_Blais,241312,0
21126,"Edward Kennedy",Edward,J.,Kennedy,,,1,D,2,Sen,SD-01-MID,45365150,148768,,Edward_Kennedy,669142,0
21127,"Rebecca Rausch",Rebecca,L.,Rausch,,Becca,1,D,2,Sen,SD-NORFOL,45365185,184660,,Becca_Rausch,669152,0
21129,"David Biele",David,M.,Biele,,,1,D,1,Rep,HD-04-SUF,15449176,184729,,David_Biele,669327,0
21131,"Michelle Ciccolo",Michelle,L.,Ciccolo,,,1,D,1,Rep,HD-15-MID,171355,160017,,Michelle_Ciccolo,669268,0
21132,"Mindy Domb",Mindy,,Domb,,,1,D,1,Rep,HD-03-HAM,173684,184695,,Mindy_Domb,669261,0
21135,"Richard Haggerty",Richard,M.,Haggerty,,,1,D,1,Rep,HD-30-MID,45365222,132156,,Richard_Haggerty,669297,0
21136,"Christopher Hendricks",Christopher,,Hendricks,,,1,D,1,Rep,HD-11-BRI,45365117,184671,,Christopher_Hendricks,669181,0
21137,"Patrick Kearney",Patrick,Joseph,Kearney,,,1,D,1,Rep,HD-04-PLY,45365165,184723,,Patrick_Joseph_Kearney,669313,0
21138,"Kathleen LaNatra",Kathleen,R.,LaNatra,,,1,D,1,Rep,HD-12-PLY,45365229,184728,,Kathleen_LaNatra,669324,0
21139,"David LeBoeuf",David,"Henry Argosky",LeBoeuf,,,1,D,1,Rep,HD-17-WOR,45361467,184765,,David_LeBoeuf,669360,0
21141,"Liz Miranda",Liz,,Miranda,,,1,D,2,Sen,SD-02-SUF,45365131,184732,,Liz_Miranda,669330,0
21142,"Tram Nguyen",Tram,T.,Nguyen,,,1,D,1,Rep,HD-18-ESS,43879098,184679,,Tram_Nguyen,669207,0
21143,"David Robertson",David,Allen,Robertson,,,1,D,1,Rep,HD-19-MID,45365176,184707,,David_Allen_Robertson,669290,0
21145,"Lindsay Sabadosa",Lindsay,N.,Sabadosa,,,1,D,1,Rep,HD-01-HAM,45365147,184690,,Lindsay_Sabadosa,669257,0
21147,"Michael Soter",Michael,J.,Soter,,,2,R,1,Rep,HD-08-WOR,26371834,184829,,Michael_Soter,669352,0
21148,"Alyson Sullivan-Almeida",Alyson,M.,Sullivan-Almeida,,,2,R,1,Rep,HD-07-PLY,45365204,184824,,Alyson_Sullivan,669320,0
21149,"Tommy Vitolo",Tommy,,Vitolo,,,1,D,1,Rep,HD-15-NOR,45365124,184721,,Tommy_Vitolo,669309,0
21280,"Norman Orrall",Norman,J.,Orrall,,,2,R,1,Rep,HD-12-BRI,45365228,184790,,Norman_Orrall,669183,0
21638,"Kate Lipper-Garabedian",Kate,,Lipper-Garabedian,,,1,D,1,Rep,HD-32-MID,44282378,189030,,Kate_Lipper-Garabedian,736733,0
21652,"Joint Committee on Cannabis Policy",,,,,,0,,3,Jnt,,0,0,,,0,4068
21653,"Joint Committee on Mental Health, Substance Use and Recovery",,,,,,0,,3,Jnt,,0,0,,,0,3708
21656,"Carol Doherty",Carol,A.,Doherty,,,1,D,1,Rep,HD-03-BRI,15869767,189538,,Carol_Doherty,743332,0
21657,"Danillo Sena",Danillo,A.,Sena,,,1,D,1,Rep,HD-37-MID,48871270,189535,,Danillo_Sena,707665,0
22681,"Steven Xiarhos",Steven,George,Xiarhos,,,2,R,1,Rep,HD-05-BAR,50861728,194775,,Steven_Xiarhos,743330,0
22730,"Rob Consalvo",Rob,,Consalvo,,,1,D,1,Rep,HD-14-SUF,45787755,35886,,Rob_Consalvo,743502,0
22731,"Kip Diggs",Kip,A.,Diggs,,,1,D,1,Rep,HD-02-BAR,52345994,195295,,Kip_Diggs,750585,0
22732,"Patricia Duffy",Patricia,A.,Duffy,,,1,D,1,Rep,HD-05-HAM,1416861,36038,,Patricia_Duffy,743404,0
22733,"Brandy Fluker Oakley",Brandy,,"Fluker Oakley",,,1,D,1,Rep,HD-12-SUF,50171497,194765,,Brandy_Fluker_Oakley,743497,0
22734,"Jessica Giannino",Jessica,Ann,Giannino,,,1,D,1,Rep,HD-16-SUF,23430482,148815,,Jessica_Giannino,743503,0
22735,"Vanna Howard",Vanna,,Howard,,,1,D,1,Rep,HD-17-MID,46856443,194833,,Vanna_Howard,261933,0
22736,"Sally Kerans",Sally,P.,Kerans,,,1,D,1,Rep,HD-13-ESS,14467722,4826,,Sally_Kerans,743388,0
22737,"Meghan Kilcoyne",Meghan,K.,Kilcoyne,,,1,D,1,Rep,HD-12-WOR,50861987,194739,,Meghan_Kilcoyne,743516,0
22738,"Michael Kushmerek",Michael,P.,Kushmerek,,,1,D,1,Rep,HD-03-WOR,44001502,148735,,Michael_Kushmerek,743509,0
22739,"Jacob Oliveira",Jacob,R.,Oliveira,,,1,D,2,Sen,SD-HAMPDE,50171479,194843,,Jacob_Oliveira,743409,0
22740,"Steven Owens",Steven,C.,Owens,,,1,D,1,Rep,HD-29-MID,25827190,194827,,Steven_Owens_(Massachusetts),743444,0
22741,"Kelly Pease",Kelly,W.,Pease,,,2,R,1,Rep,HD-04-HAM,50861747,194782,,Kelly_Pease,743401,0
22742,"Ted Philips",Edward,R.,Philips,,Ted,1,D,1,Rep,HD-08-NOR,50171439,194801,,Ted_Philips,743470,0
22743,"Orlando Ramos",Orlando,,Ramos,,,1,D,1,Rep,HD-09-HAM,50171466,148829,,Orlando_Ramos,743415,0
22744,"Adam Scanlon",Adam,J.,Scanlon,,,1,D,1,Rep,HD-14-BRI,50171457,194794,,Adam_Scanlon,743340,0
22745,"Erika Uyterhoeven",Erika,,Uyterhoeven,,,1,D,1,Rep,HD-27-MID,50171503,194829,,Erika_Uyterhoeven,743440,0
22841,"Adam Gomez",Adam,,Gomez,,,1,D,2,Sen,SD-HAMPDE,50171463,194698,,Adam_Gomez,743266,0
22842,"John Cronin",John,J.,Cronin,,,1,D,2,Sen,SD-WORCES,50171504,194700,,John_J._Cronin,743311,0
22912,"Jeffrey Turco",Jeffrey,Rosario,Turco,,,1,D,1,Rep,HD-19-SUF,296228,195769,,Jeffrey_Turco,773396,0
23059,"Lydia Edwards",Lydia,Marie,Edwards,,,1,D,2,Sen,SD-03-SUF,35754155,186210,,Lydia_Edwards,795088,0
23092,"Advanced Information Technology, the Internet and Cybersecurity",,,,,,0,,3,Jnt,,0,0,,,0,4535
24754,"James Arena-DeRosa",James,C.,Arena-Derosa,,,1,D,1,Rep,HD-08-MID,209165,147433,,James_Arena-DeRosa,413319,0
24755,"Jennifer Balinsky Armini",Jennifer,W.,"Balinsky Armini",,Jenny,1,D,1,Rep,HD-08-ESS,55632463,209560,,Jenny_Armini,815352,0
24756,"Shirley Arriaga",Shirley,B.,Arriaga,,,1,D,1,Rep,HD-08-HAM,55632473,209570,,Shirley_Arriaga,641731,0
24757,"Simon Cataldo",Simon,,Cataldo,,,1,D,1,Rep,HD-14-MID,51472714,209578,,Simon_Cataldo,815387,0
24758,"Manny Cruz",Manny,,Cruz,,,1,D,1,Rep,HD-07-ESS,55632461,209559,,Manny_Cruz,625741,0
24759,"Kate Donaghue",Kate,,Donaghue,,,1,D,1,Rep,HD-19-WOR,14468048,209605,,Kate_Donaghue,816199,0
24760,"Rodney Elliott",Rodney,M.,Elliott,,,1,D,1,Rep,HD-16-MID,45365149,77710,,Rodney_Elliott,669141,0
24761,"Christopher Flanagan",Christopher,Richard,Flanagan,,Chris,1,D,1,Rep,HD-01-BAR,55632445,209551,,Chris_Flanagan,357926,0
24762,"Judith Garcia",Judith,A.,Garcia,,,1,D,1,Rep,HD-11-SUF,55632510,173776,,Judith_Garcia,816163,0
24763,"Ryan Hamilton",Ryan,M.,Hamilton,,,1,D,1,Rep,HD-15-ESS,55632469,209567,,Ryan_Hamilton,703093,0
24764,"Kristin Kassner",Kristin,E.,Kassner,,,1,D,1,Rep,HD-02-ESS,55632457,0,,Kristin_Kassner,815110,0
24765,"Robyn Kennedy",Robyn,K.,Kennedy,,,1,D,2,Sen,SD-01-WOR,46853333,209540,,Robyn_Kennedy,338240,0
24766,"Rita Mendes",Rita,A.,Mendes,,,1,D,1,Rep,HD-11-PLY,55632501,198794,,Rita_Mendes,816075,0
24767,"Samantha Montano",Samantha,,Montano,,Sam,1,D,1,Rep,HD-15-SUF,55632515,209602,,Sam_Montaño,816186,0
24768,"Francisco Paulino",Francisco,E.,Paulino,,,1,D,1,Rep,HD-16-ESS,55632470,209568,,Francisco_Paulino,815364,0
24769,"Pavel Payano",Pavel,M.,Payano,,,1,D,2,Sen,SD-01-ESS,55632415,154126,,Pavel_Payano,262115,0
24770,"Adrianne Ramos",Adrianne,Pusateri,Ramos,,,1,D,1,Rep,HD-14-ESS,55632468,209566,,Adrianne_Ramos,815361,0
24771,"Estela Reyes",Estela,A.,Reyes,,,1,D,1,Rep,HD-04-ESS,55632459,148762,,Estela_Reyes,815114,0
24772,"Aaron Saunders",Aaron,L.,Saunders,,,1,D,1,Rep,HD-07-HAM,55632472,154132,,Aaron_Saunders,501232,0
24773,"Margaret Scarsdale",Margaret,R.,Scarsdale,,,1,D,1,Rep,HD-01-MID,55632476,0,,Margaret_Scarsdale,815375,0
24774,"Dawne Shand",Dawne,,Shand,,,1,D,1,Rep,HD-01-ESS,58167970,211160,,Dawne_Shand,816457,0
24775,"Priscila Sousa",Priscila,S.,Sousa,,,1,D,1,Rep,HD-06-MID,55632480,209574,,Priscila_Sousa,815380,0
24776,"Marcus Vaughn",Marcus,S.,Vaughn,,,2,R,1,Rep,HD-09-NOR,55632544,0,,Marcus_Vaughn,816510,0
24777,"Christopher Worrell",Christopher,J.,Worrell,,,1,D,1,Rep,HD-05-SUF,55632505,209597,,Christopher_Worrell,816149,0
24947,"Bill MacGregor",William,F.,MacGregor,,Bill,1,D,1,Rep,HD-10-SUF,58803407,212177,,Bill_MacGregor,0,0
24948,"John Moran",John,Francis,Moran,,,1,D,1,Rep,HD-09-SUF,58803406,212175,,John_Moran_(Massachusetts),0,0
25116,"Joint Committee on Environment and Natural Resources",,,,,,0,,3,Jnt,,0,0,,,0,4875
25189,"John Marsi",John,J.,Marsi,Jr.,,2,R,1,Rep,HD-06-WOR,59682217,214551,,John_Marsi_Jr.,0,0
25787,"Michelle Badger",Michelle,L.,Badger,,,1,D,1,Rep,HD-01-PLY,59986038,218947,,Michelle_Badger,0,0
25788,"Michael Chaisson",Michael,S.,Chaisson,,,2,R,1,Rep,HD-01-BRI,58203853,218956,,Michael_Chaisson,0,0
25789,"Leigh Davis",Leigh,Susan,Davis,,,1,D,1,Rep,HD-03-BER,59986002,218885,,Leigh_Davis,0,0
25790,"Dennis Gallagher",Dennis,C.,Gallagher,,,1,D,1,Rep,HD-08-PLY,288557,218949,,Dennis_Gallagher_(Massachusetts),0,0
25791,"John Gaskey",John,Robert,Gaskey,,,2,R,1,Rep,HD-02-PLY,59986058,218965,,John_Gaskey,0,0
25792,"Homar Gomez",Homar,,Gomez,,,1,D,1,Rep,HD-02-HAM,59241366,218918,,Homar_Gomez,879967,0
25793,"Tara Hong",Tara,T.,Hong,,,1,D,1,Rep,HD-18-MID,54460112,209586,,Tara_Hong,0,0
25794,"Hadley Luddy",Hadley,,Luddy,,,1,D,1,Rep,HD-04-BAR,59985999,218877,,Hadley_Luddy,0,0
25795,"Thomas Moakley",Thomas,W.,Moakley,,,1,D,1,Rep,HD-BARNST,59985995,189531,,Thomas_Moakley,0,0
25796,"Steven Ouellette",Steven,J.,Ouellette,,,1,D,1,Rep,HD-08-BRI,59986008,218899,,Steven_Ouellette,0,0
25797,"Bridget Plouffe",Bridget,M.,Plouffe,,,1,D,1,Rep,HD-09-PLY,59986040,218950,,Bridget_Plouffe,0,0
25798,"Sean Reid",Sean,,Reid,,,1,D,1,Rep,HD-11-ESS,59986014,218910,,Sean_Reid,0,0
25799,"Amy Sangiolo",Amy,Mah,Sangiolo,,,1,D,1,Rep,HD-11-MID,14519788,78003,,Amy_Sangiolo,0,0
25800,"Greg Schwartz",Gregory,,Schwartz,,Greg,1,D,1,Rep,HD-12-MID,13477993,148798,,Greg_Schwartz,0,0
25801,"Kenneth Sweezey",Kenneth,P.,Sweezey,,,2,R,1,Rep,HD-06-PLY,46988957,209621,,Kenneth_Sweezey,0,0
25802,"Mark Sylvia",Mark,David,Sylvia,,,1,D,1,Rep,HD-10-BRI,59986009,218902,,Mark_Sylvia,0,0
25803,"Joshua Tarsky",Joshua,,Tarsky,,,1,D,1,Rep,HD-13-NOR,59986037,218946,,Joshua_Tarsky,0,0
25804,"Justin Thurber",Justin,,Thurber,,,2,R,1,Rep,HD-05-BRI,58158664,218957,,Justin_Thurber,0,0
25805,"Richard Wells",Richard,Gerard,Wells,Jr.,,1,D,1,Rep,HD-07-NOR,59986032,218943,,Richard_Wells_Jr.,0,0
25806,"Kelly Dooner",Kelly,A.,Dooner,,,2,R,2,Sen,SD-03-PLY,59985990,189540,,Kelly_Dooner,0,0
26479,"Hannah Bowen",Hannah,,Bowen,,,1,D,1,Rep,HD-06-ESS,0,221537,,Hannah_Bowen,920929,0
26489,"Joint Committee on Aging and Independence",,,,,,0,,3,Jnt,,0,0,,,0,5221
26490,"Lisa Field",Lisa,,Field,,,1,D,1,Rep,HD-03-BRI,0,222634,,Lisa_Field,0,0
