people_id,name,first_name,middle_name,last_name,suffix,nickname,party_id,party,role_id,role,district,followthemoney_eid,votesmart_id,opensecrets_id,ballotpedia,knowwho_pid,committee_id
6301,"Erin Murphy",Erin,P.,Murphy,,,1,D,2,Sen,SD-064,6517326,65842,,Erin_Murphy_(Minnesota),249338,0
6306,"Bobby Champion",Bobby,Joe,Champion,,,1,D,2,Sen,SD-059,13003030,109081,,Bobby_Joe_Champion,271019,0
6307,"Rick Hansen",Rick,,Hansen,,,1,D,1,Rep,HD-053B,13002934,38981,,Rick_Hansen_(Minnesota),227824,0
6321,"Leon Lillie",Leon,Michael,Lillie,,,1,D,1,Rep,HD-044B,13002960,38900,,Leon_Lillie,227842,0
6344,"Melissa Hortman",Melissa,,Hortman,,,1,D,1,Rep,HD-034B,6462446,20295,,Melissa_Hortman,227836,0
6367,"Tina Liebling",Tina,,Liebling,,,1,D,1,Rep,HD-024B,13002868,38468,,Tina_Liebling,227797,0
6374,"Paul Torkelson",Paul,,Torkelson,,,2,R,1,Rep,HD-015B,6678649,109197,,Paul_Torkelson,270918,0
6381,"Paul H. Anderson",Paul,H.,Anderson,,,2,R,1,Rep,HD-012A,6560558,110598,,Paul_Anderson_(Minnesota),270896,0
6384,"Steve Drazkowski",Steve,,Drazkowski,,,2,R,2,Sen,SD-020,6668032,65586,,Steve_Drazkowski,258645,0
6387,"Bruce Anderson",Bruce,D.,Anderson,,,2,R,2,Sen,SD-029,6597628,3752,,Bruce_Anderson_(Minnesota),195861,0
6392,"Gregory Davids",Gregory,M.,Davids,,Greg,2,R,1,Rep,HD-026B,13002881,3761,,Greg_Davids,195885,0
6403,"Torrey Westrom",Torrey,,Westrom,,,2,R,2,Sen,SD-012,6597542,13444,,Torrey_Westrom,195850,0
6407,"Peggy Scott",Peggy,,Scott,,,2,R,1,Rep,HD-031B,6678633,109239,,Peggy_Scott,270989,0
6408,"Jim Abeler",Jim,J.,Abeler,,,2,R,2,Sen,SD-035,6597958,20208,,Jim_Abeler,195846,0
6430,"Ann Rest",Ann,H,Rest,,,1,D,2,Sen,SD-043,13002971,3841,,Ann_Rest,195916,0
6436,"David Dibble",David,Scott,Dibble,,Scott,1,D,2,Sen,SD-061,6515414,54751,,Scott_Dibble,208318,0
6439,"Ronald Latz",Ronald,,Latz,,Ron,1,D,2,Sen,SD-046,13002962,38473,,Ron_Latz,212962,0
6444,"John Marty",John,J.,Marty,,,1,D,2,Sen,SD-040,6428402,3909,,John_Marty,195809,0
6447,"James Carlson",James,,Carlson,,Jim,1,D,2,Sen,SD-052,6516817,38829,,Jim_Carlson,249358,0
6458,"Warren Limmer",Warren,,Limmer,,,2,R,2,Sen,SD-037,13012418,3908,,Warren_Limmer,195788,0
6483,"Sandra Pappas",Sandra,L,Pappas,,,1,D,2,Sen,SD-065,6428546,3921,,Sandra_Pappas,195820,0
10511,"Duane Quam",Duane,,Quam,,,2,R,1,Rep,HD-024A,13002866,123232,,Duane_Quam,299654,0
10515,"Chris Swedzinski",Chris,,Swedzinski,,,2,R,1,Rep,HD-015A,6694353,123175,,Chris_Swedzinski,221055,0
10520,"Mary Franson",Mary,,Franson,,,2,R,1,Rep,HD-012B,6694311,123109,,Mary_Franson,299576,0
10522,"Glenn Gruenhagen",Glenn,,Gruenhagen,,,2,R,2,Sen,SD-017,6694368,123208,,Glenn_Gruenhagen,299256,0
10524,"Tim O'Driscoll",Tim,,O'Driscoll,,,2,R,1,Rep,HD-013B,6694321,123119,,Tim_O%27Driscoll,299642,0
10860,"Joe McDonald",Joe,,McDonald,,,2,R,1,Rep,HD-029A,6694340,125675,,Joe_McDonald,299887,0
10861,"Joe Schomacker",Joe,,Schomacker,,,2,R,1,Rep,HD-021A,13002853,123181,,Joe_Schomacker,299307,0
10866,"John Hoffman",John,A.,Hoffman,,,1,D,2,Sen,SD-034,12745973,140901,,John_Hoffman_(Minnesota),424303,0
10869,"Gary Dahms",Gary,H,Dahms,,,2,R,2,Sen,SD-015,13012387,111351,,Gary_Dahms,299245,0
10870,"Carla Nelson",Carla,J.,Nelson,,,2,R,2,Sen,SD-024,13002891,38565,,Carla_Nelson,212950,0
10874,"Jeremy Miller",Jeremy,,Miller,,,2,R,2,Sen,SD-026,10885453,136730,,Jeremy_Miller_(Minnesota),299890,0
14365,"Peter Fischer",Peter,,Fischer,,,1,D,1,Rep,HD-044A,16072411,141045,,Peter_Fischer,424880,0
14366,"Mike Freiberg",Mike,,Freiberg,,,1,D,1,Rep,HD-043B,16072415,141051,,Mike_Freiberg,424885,0
14838,"Jeff Howe",Jeff,,Howe,,,2,R,2,Sen,SD-013,9157230,140969,,Jeff_Howe,424678,0
14839,"Ron Kresha",Ron,,Kresha,,,2,R,1,Rep,HD-010A,12746162,140955,,Ron_Kresha,424662,0
15070,"Karin Housley",Karin,,Housley,,,2,R,2,Sen,SD-033,13012467,123021,,Karin_Housley,299266,0
15072,"Eric Pratt",Eric,R.,Pratt,,,2,R,2,Sen,SD-054,12746198,140917,,Eric_Pratt,424321,0
15367,"Steve Green",Steve,,Green,,,2,R,2,Sen,SD-002,13002756,109054,,Steve_Green_(Minnesota),299878,0
15369,"Foung Hawj",Foung,,Hawj,,,1,D,2,Sen,SD-067,6518345,123032,,Foung_Hawj,424635,0
15371,"Bill Weber",Bill,,Weber,,,2,R,2,Sen,SD-021,13012399,68614,,Bill_Weber,424227,0
15436,"Melissa Wiklund",Melissa,Havlorson,Wiklund,,,1,D,2,Sen,SD-051,12745982,140913,,Melissa_Halvorson_Wiklund,424317,0
15471,"Marion Rarick",Marion,,Rarick,,,2,R,1,Rep,HD-029B,12746182,141007,,Marion_Rarick,419566,0
16544,"Jeff Backer",Jeff,,Backer,,,2,R,1,Rep,HD-009A,13012370,122963,,Jeff_Backer,669176,0
16545,"Dave Baker",Dave,,Baker,,,2,R,1,Rep,HD-016B,13562062,152840,,Dave_Baker_(Minnesota),500296,0
16546,"Peggy Bennett",Peggy,,Bennett,,,2,R,1,Rep,HD-023A,24844794,152868,,Peggy_Bennett,500301,0
16548,"Joshua Heintzeman",Joshua,,Heintzeman,,,2,R,1,Rep,HD-006B,24844757,152810,,Josh_Heintzeman,500292,0
16550,"Jon Koznick",Jon,,Koznick,,,2,R,1,Rep,HD-057A,24844880,152876,,Jon_Koznick,500336,0
16553,"Jim Nash",Jim,,Nash,,,2,R,1,Rep,HD-048A,24844848,152912,,Jim_Nash_(Minnesota),500318,0
16555,"Jason Rarick",Jason,,Rarick,,,2,R,1,Rep,SD-011,24844760,152816,,Jason_Rarick,499716,0
16700,"Eric Lucero",Eric,,Lucero,,,2,R,2,Sen,SD-030,24844804,152881,,Eric_Lucero_(Minnesota),499724,0
16705,"Cheryl Youakim",Cheryl,,Youakim,,,1,D,1,Rep,HD-046B,16993699,152915,,Cheryl_Youakim,473094,0
17034,"Dave Pinto",Dave,,Pinto,,,1,D,1,Rep,HD-064B,24844900,152837,,Dave_Pinto,500341,0
18340,"Steve Cwodzinski",Steve,,Cwodzinski,,,1,D,2,Sen,SD-049,40606581,171409,,Steve_Cwodzinski,584349,0
18341,"Rich Draheim",Rich,,Draheim,,,2,R,2,Sen,SD-022,38299511,171366,,Rich_Draheim,585507,0
18343,"Nick Frentz",Nick,A.,Frentz,,,1,D,2,Sen,SD-018,14693708,171364,,Nick_Frentz,583485,0
18345,"Matt Klein",Matt,,Klein,,,1,D,2,Sen,SD-053,40606588,171413,,Matt_Klein,583493,0
18346,"Mark Koran",Mark,,Koran,,,2,R,2,Sen,SD-028,38430158,171390,,Mark_Koran,584984,0
18347,"Andrew Lang",Andrew,,Lang,,,2,R,2,Sen,SD-016,40606549,171360,,Andrew_Lang,585505,0
18349,"Andrew Mathews",Andrew,,Mathews,,,2,R,2,Sen,SD-027,15336495,171355,,Andrew_Mathews,524016,0
18351,"Paul Utke",Paul,,Utke,,,2,R,2,Sen,SD-005,40606530,171335,,Paul_Utke,584977,0
18352,"John Jasinski",John,,Jasinski,,,2,R,2,Sen,SD-019,40606559,171379,,John_Jasinski,583662,0
18397,"Mary Kunesh-Podein",Mary,,Kunesh-Podein,,,1,D,2,Sen,SD-039,40606705,171572,,Mary_Kunesh-Podein,583503,0
18398,"Fue Lee",Fue,,Lee,,,1,D,1,Rep,HD-059A,40606746,171626,,Fue_Lee,583991,0
18399,"Erin Maye Quade",Erin,,"Maye Quade",,,1,D,2,Sen,SD-056,39434111,171620,,Erin_Maye_Quade,534490,0
18507,"Cal Bahr",Cal,K.,Bahr,,,2,R,2,Sen,SD-031,38531993,171539,,Calvin_Bahr,584793,0
18510,"Erin Koegel",Erin,,Koegel,,,1,D,1,Rep,HD-039A,40606694,171555,,Erin_Koegel,584641,0
18560,"Matt Bliss",Matt,,Bliss,,,2,R,1,Rep,HD-002B,39149035,171445,,Matt_Bliss,584627,0
18564,"Nolan West",Nolan,,West,,,2,R,1,Rep,HD-032A,40606697,171557,,Nolan_West,529336,0
19400,"Mark Johnson",Mark,,Johnson,,,2,R,2,Sen,SD-001,40606527,171332,,Mark_Johnson_(Minnesota),584974,0
20437,"Patty Acomb",Patty,,Acomb,,,1,D,1,Rep,HD-045B,45362668,143648,,Patty_Acomb,668378,0
20438,"Kristin Bahner",Kristin,,Bahner,,,1,D,1,Rep,HD-037B,40606690,171548,,Kristin_Bahner,585710,0
20443,"Steve Elkins",Steve,,Elkins,,,1,D,1,Rep,HD-050B,6518305,77012,,Steve_Elkins,299874,0
20444,"Aisha Gomez",Aisha,,Gomez,,,1,D,1,Rep,HD-062A,45362762,183855,,Aisha_Gomez,668484,0
20446,"Kaohly Her",Kaohly,,Her,,,1,D,1,Rep,HD-064A,45362768,183857,,Kaohly_Her,669399,0
20447,"Michael Howard",Michael,,Howard,,,1,D,1,Rep,HD-051A,44829682,160310,,Michael_Howard_(Minnesota),668393,0
20448,"John Huot",John,,Huot,,,1,D,1,Rep,HD-056B,35078685,171622,,John_Huot,584654,0
20449,"Ginny Klevorn",Ginny,,Klevorn,,,1,D,1,Rep,HD-042B,9154035,171580,,Ginny_Klevorn,584797,0
20450,"Carlie Kotyza-Witthuhn",Carlie,,Kotyza-Witthuhn,,,1,D,1,Rep,HD-049B,44984269,183813,,Carlie_Kotyza-Witthuhn,669357,0
20453,"Jamie Long",Jamie,,Long,,,1,D,1,Rep,HD-061B,45362753,183847,,Jamie_Long,287429,0
20454,"Alice Mann",Alice,,Mann,,,1,D,2,Sen,SD-050,44938528,183826,,Alice_Mann,668431,0
20455,"Kelly Moller",Kelly,,Moller,,,1,D,1,Rep,HD-040A,45362658,183801,,Kelly_Moller,668374,0
20457,"Mohamud Noor",Mohamud,,Noor,,,1,D,1,Rep,HD-060B,6518455,152863,,Mohamud_Noor,499749,0
20460,"Zack Stephenson",Zack,,Stephenson,,,1,D,1,Rep,HD-035A,14943746,183789,,Zack_Stephenson,668360,0
20461,"Brad Tabke",Brad,,Tabke,,,1,D,1,Rep,HD-054A,45362714,143691,,Brad_Tabke,669365,0
20462,"Samantha Vang",Samantha,,Vang,,,1,D,1,Rep,HD-038B,45362650,183797,,Samantha_Vang,669241,0
20464,"Dan Wolgamott",Dan,,Wolgamott,,,1,D,1,Rep,HD-014B,19395676,152827,,Dan_Wolgamott,500295,0
20465,"Jay Xiong",Jay,,Xiong,,,1,D,1,Rep,HD-067B,45362782,183862,,Jay_Xiong,473120,0
20466,"Tou Xiong",Tou,,Xiong,,,1,D,2,Sen,SD-044,45362705,173949,,Tou_Xiong,668403,0
20621,"Robert Bierman",Robert,,Bierman,,,1,D,1,Rep,HD-056A,45362722,183828,,Robert_Bierman,669373,0
20623,"Shane Mekeland",Shane,,Mekeland,,,2,R,1,Rep,HD-027A,45256221,183734,,Shane_Mekeland,668168,0
20897,"Lisa Demuth",Lisa,,Demuth,,,2,R,1,Rep,HD-013A,45362531,183728,,Lisa_Demuth,668537,0
21063,"Kristin Robbins",Kristin,,Robbins,,,2,R,1,Rep,HD-037A,14692676,183783,,Kristin_Robbins,668557,0
21346,"Nathan Nelson",Nathan,,Nelson,,,2,R,1,Rep,HD-011B,47157585,186184,,Nathan_Nelson,700885,0
21605,"Sydney Jordan",Sydney,,Jordan,,,1,D,1,Rep,HD-060A,48592529,188492,,Sydney_Jordan,732062,0
21606,"Paul Novotny",Paul,,Novotny,,,2,R,1,Rep,HD-030B,48592286,188706,,Paul_Novotny,732059,0
22139,"Esther Agbaje",Esther,,Agbaje,,,1,D,1,Rep,HD-059B,50059920,194194,,Esther_Agbaje,742169,0
22140,"Liz Boldon",Liz,,Boldon,,,1,D,2,Sen,SD-025,50059772,194218,,Liz_Boldon,743120,0
22141,"Julia Coleman",Julia,,Coleman,,,2,R,2,Sen,SD-048,50059612,194080,,Julia_Coleman,743007,0
22142,"Cedrick Frazier",Cedrick,Rommel,Frazier,,,1,D,1,Rep,HD-043A,50059858,194187,,Cedrick_Frazier,742119,0
22143,"Emma Greenman",Emma,,Greenman,,,1,D,1,Rep,HD-063B,50059942,194130,,Emma_Greenman,743180,0
22144,"Heather Keeler",Heather,,Keeler,,,1,D,1,Rep,HD-004A,50059681,194060,,Heather_Keeler,741914,0
22145,"Bjorn Olson",Bjorn,,Olson,,,2,R,1,Rep,HD-022A,50059759,194224,,Bjorn_Olson,742006,0
22209,"Zach Duckworth",Zach,,Duckworth,,,2,R,2,Sen,SD-057,50059640,194113,,Zach_Duckworth,743018,0
22210,"Jen McEwen",Jen,,McEwen,,,1,D,2,Sen,SD-008,50059518,194018,,Jen_McEwen,741832,0
22211,"Aric Putnam",Aric,,Putnam,,,1,D,2,Sen,SD-014,40606645,171487,,Aric_Putnam,585005,0
22267,"Kaela Berg",Kaela,,Berg,,,1,D,1,Rep,HD-055B,50059908,194235,,Kaela_Berg,742156,0
22268,"Jessica Hanson",Jessica,,Hanson,,,1,D,1,Rep,HD-055A,50059906,194236,,Jessica_Hanson,743163,0
22269,"Athena Hollins",Athena,,Hollins,,,1,D,1,Rep,HD-066B,50059954,194059,,Athena_Hollins,743189,0
22270,"Spencer Igo",Spencer,,Igo,,,2,R,1,Rep,HD-007A,50059686,194065,,Spencer_Igo,693312,0
22272,"Liz Reyer",Liz,,Reyer,,,1,D,1,Rep,HD-052A,50059885,194258,,Liz_Reyer,743156,0
22442,"Gene Dornink",Gene,,Dornink,,,2,R,2,Sen,SD-023,16888715,171382,,Gene_Dornink,584982,0
22443,"Omar Fateh",Omar,,Fateh,,,1,D,2,Sen,SD-062,45362756,183849,,Omar_Fateh,668479,0
22444,"Ann Johnson Stewart",Ann,,"Johnson Stewart",,,1,D,2,Sen,SD-045,50059606,194078,,Ann_Johnson_Stewart,741882,0
22445,"Lindsey Port",Lindsey,,Port,,,1,D,2,Sen,SD-055,23405546,171617,,Lindsey_Port,583509,0
22498,"John Burkel",John,,Burkel,,,2,R,1,Rep,HD-001A,50059665,194044,,John_Burkel,743027,0
22499,"Sandra Feist",Sandra,,Feist,,,1,D,1,Rep,HD-039B,50059843,194173,,Sandra_Feist,742086,0
22575,"Patricia Mueller",Patricia,,Mueller,,,2,R,1,Rep,HD-023B,50059780,194177,,Patricia_Mueller,742009,0
22651,"Luke Frederick",Luke,,Frederick,,,1,D,1,Rep,HD-018B,50059746,194250,,Luke_Frederick,741997,0
22653,"Jordan Rasmusson",Jordan,,Rasmusson,,,2,R,2,Sen,SD-009,50059696,194138,,Jordan_Rasmusson,741916,0
23575,"Heather Gustafson",Heather,,Gustafson,,,1,D,2,Sen,SD-036,52551026,207838,,Heather_Gustafson,0,0
23576,"Grant Hauschild",Grant,,Hauschild,,,1,D,2,Sen,SD-003,40626176,0,,Grant_Hauschild_(Minnesota),0,0
23577,"Rob Kupec",Rob,,Kupec,,,1,D,2,Sen,SD-004,55630163,207783,,Rob_Kupec,0,0
23578,"Zaynab Mohamed",Zaynab,,Mohamed,,,1,D,2,Sen,SD-063,55630244,207883,,Zaynab_Mohamed,0,0
23579,"Clare Oumou Verbeten",Clare,,"Oumou Verbeten",,,1,D,2,Sen,SD-066,55630248,207890,,Clare_Oumou_Verbeten,811381,0
23580,"Susan Pha",Susan,,Pha,,,1,D,2,Sen,SD-038,55630212,199097,,Susan_Pha,0,0
23581,"Judy Seeberger",Judy,,Seeberger,,,1,D,2,Sen,SD-041,55630218,0,,Judy_Seeberger,0,0
23582,"Bonnie Westlin",Bonnie,,Westlin,,,1,D,2,Sen,SD-042,55630219,171396,,Bonnie_Westlin,0,0
23654,"Ned Carroll",Ned,,Carroll,,,1,D,1,Rep,HD-042A,55630361,160306,,Ned_Carroll,811838,0
23655,"Ethan Cha",Ethan,,Cha,,,1,D,1,Rep,HD-047B,55630374,208048,,Ethan_Cha,811860,0
23656,"Mary Clardy",Mary,Frances,Clardy,,,1,D,1,Rep,HD-053A,55630387,208057,,Mary_Frances_Clardy,811884,0
23657,"Nathan Coulter",Nathan,,Coulter,,,1,D,1,Rep,HD-051B,55630381,187694,,Nathan_Coulter,473087,0
23658,"Brion Curran",Brion,,Curran,,,1,D,1,Rep,HD-036B,55630350,208034,,Brion_Curran,811768,0
23659,"Ben Davis",Ben,,Davis,,,2,R,1,Rep,HD-006A,54854588,207769,,Ben_Davis,811567,0
23660,"Robert Farnsworth",Robert,,Farnsworth,,,2,R,2,Sen,SD-007,50059688,171450,,Robert_Farnsworth,0,0
23661,"Leigh Finke",Leigh,,Finke,,,1,D,1,Rep,HD-066A,55630425,208084,,Leigh_Finke,811958,0
23662,"Amanda Hemmingsen-Jaeger",Amanda,,Hemmingsen-Jaeger,,,1,D,1,Rep,HD-047A,55630372,208047,,Amanda_Hemmingsen-Jaeger,811857,0
23663,"Kim Hicks",Kim,,Hicks,,,1,D,1,Rep,HD-025A,55630319,194219,,Kim_Hicks,743117,0
23664,"Josiah Hill",Josiah,,Hill,,,1,D,1,Rep,HD-033B,55630340,194071,,Josiah_Hill,743001,0
23665,"Samakab Hussein",Samakab,,Hussein,,,1,D,1,Rep,HD-065A,55630418,208078,,Samakab_Hussein,811948,0
23666,"Alicia Kozlowski",Alicia,,Kozlowski,,,1,D,1,Rep,HD-008B,55630275,207774,,Alicia_Kozlowski,811576,0
23667,"Larry Kraft",Larry,,Kraft,,,1,D,1,Rep,HD-046A,51571392,199244,,Larry_Kraft,811855,0
23668,"Liz Lee",Liz,,Lee,,,1,D,1,Rep,HD-067A,55630429,208087,,Liz_Lee,507125,0
23669,"Nicole Mitchell",Nicole,,Mitchell,,,1,D,2,Sen,SD-047,55630227,207857,,Nicole_Mitchell,0,0
23670,"Matt Norris",Matt,,Norris,,,1,D,1,Rep,HD-032B,55630337,0,,Matt_Norris,811746,0
23671,"Maria Perez-Vega",Maria,Isa,Perez-Vega,,,1,D,1,Rep,HD-065B,55630422,208082,,Maria_Isa_Pérez-Hedges,811951,0
23672,"Kristi Pursell",Kristi,,Pursell,,,1,D,1,Rep,HD-058A,55630403,208070,,Kristi_Pursell,811928,0
23673,"Lucille Rehm",Lucille,Lucy,Rehm,,,1,D,1,Rep,HD-048B,55630376,0,,Lucille_Rehm,811865,0
23674,"Samantha Sencer-Mura",Samantha,,Sencer-Mura,,,1,D,1,Rep,HD-063A,55630415,208074,,Samantha_Sencer-Mura,811944,0
23675,"Roger Skraba",Roger,J.,Skraba,,,2,R,1,Rep,HD-003A,55630259,0,,Roger_Skraba,811467,0
23676,"Andrew Smith",Andrew,,Smith,,,1,D,1,Rep,HD-025B,55630320,208017,,Andrew_Smith_(Minnesota_House_District_25B_candidate),811684,0
23677,"Ben Bakeberg",Ben,,Bakeberg,,,2,R,1,Rep,HD-054B,55630394,208061,,Ben_Bakeberg,811896,0
23678,"Jeff Dotseth",Jeff,,Dotseth,,,2,R,1,Rep,HD-011A,55630284,0,,Jeff_Dotseth,668050,0
23679,"Dawn Gillman",Dawn,,Gillman,,,2,R,1,Rep,HD-017A,55630298,207908,,Dawn_Gillman,811635,0
23680,"Harry Niska",Harry,,Niska,,,2,R,1,Rep,HD-031A,15363161,208024,,Harry_Niska,811722,0
23681,"Bernie Perryman",Bernie,,Perryman,,,2,R,1,Rep,HD-014A,55630292,0,,Bernie_Perryman,811619,0
23682,"Natalie Zeleznikar",Natalie,,Zeleznikar,,,2,R,1,Rep,HD-003B,54855563,0,,Natalie_Zeleznikar,811471,0
23686,"Steven Jacob",Steven,E.,Jacob,,,2,R,1,Rep,HD-020B,55630308,207916,,Steven_Jacob,811649,0
23741,"Elliott Engen",Elliott,,Engen,,,2,R,1,Rep,HD-036A,55630349,0,,Elliott_Engen,742079,0
23742,"Patti Anderson",Patti,E.,Anderson,,,2,R,1,Rep,HD-033A,55630339,183792,,Patti_Anderson,240402,0
23755,"Bill Lieske",Bill,,Lieske,,,2,R,2,Sen,SD-058,55630238,207872,,Bill_Lieske,0,0
23756,"Nathan Wesenberg",Nathan,,Wesenberg,,,2,R,2,Sen,SD-010,55630178,207797,,Nathan_Wesenberg,0,0
23808,"Michael Kreun",Michael,,Kreun,,,2,R,2,Sen,SD-032,47227419,207831,,Michael_Kreun,0,0
23858,"Bobbie Harder",Bobbie,V.,Harder,,,2,R,1,Rep,HD-017B,55630299,159993,,Bobbie_Harder,811637,0
23860,"Jim Joy",Jim,,Joy,,,2,R,1,Rep,HD-004B,55630264,207764,,Jim_Joy,811473,0
23861,"Krista Knudsen",Krista,,Knudsen,,,2,R,1,Rep,HD-005A,55630266,207766,,Krista_Knudsen,811488,0
23862,"Andrew Myers",Andrew,,Myers,,,2,R,1,Rep,HD-045A,55630369,194131,,Andrew_Myers_(Minnesota),742036,0
23863,"Danny Nadeau",Danny,,Nadeau,,,2,R,1,Rep,HD-034A,46884507,208031,,Danny_Nadeau,811758,0
23864,"Mike Wiener",Mike,,Wiener,,,2,R,1,Rep,HD-005B,55630267,207768,,Mike_Wiener,811563,0
23865,"Jeff Witte",Jeff,,Witte,,,2,R,1,Rep,HD-057B,55630402,208068,,Jeff_Witte_(Minnesota),811927,0
23892,"Pam Altendorf",Pam,,Altendorf,,,2,R,1,Rep,HD-020A,43259553,0,,Pam_Altendorf,811642,0
23893,"Marj Fogelman",Marj,,Fogelman,,,2,R,1,Rep,HD-021B,55630311,207918,,Marj_Fogelman,811657,0
23894,"Walter Hudson",Walter,,Hudson,,,2,R,1,Rep,HD-030A,55630330,208022,,Walter_Hudson,811711,0
24680,"Tom Murphy",Tom,,Murphy,,,2,R,1,Rep,HD-009B,55630278,207776,,Tom_Murphy_(Minnesota),811579,0
24681,"Isaac Schultz",Isaac,,Schultz,,,2,R,1,Rep,HD-010B,55630282,207780,,Isaac_Schultz,537860,0
25139,"Bianca Virnig",Bianca,Ward,Virnig,,,1,D,1,Rep,HD-052B,59500403,212785,,Bianca_Ward_Virnig,0,0
25190,"Bryan Lawrence",Bryan,,Lawrence,,,2,R,1,Rep,HD-027B,6631335,0,,Bryan_Lawrence,0,0
26170,"Keith Allen",Keith,,Allen,,,2,R,1,Rep,HD-019A,59984786,218769,,Keith_Allen,840630,0
26171,"Tom Dippel",Tom,,Dippel,,,2,R,1,Rep,HD-041B,59984886,207847,,Tom_Dippel,0,0
26172,"Bidal Duran",Bidal,,Duran,Jr.,,2,R,1,Rep,HD-002A,59984709,218702,,Bidal_Duran,0,0
26173,"Alex Falconer",Alex,,Falconer,,,1,D,1,Rep,HD-049A,59984917,218820,,Alex_Falconer,0,0
26174,"Steve Gander",Steve,,Gander,,,2,R,1,Rep,HD-001B,59984707,218700,,Steve_Gander,0,0
26175,"Jimmy Gordon",James,,Gordon,,Jimmy,2,R,1,Rep,HD-028A,59984828,218790,,James_Gordon_(Minnesota),0,0
26176,"Julie Greene",Julie,,Greene,,,1,D,1,Rep,HD-050A,59984921,218823,,Julie_Greene,881416,0
26177,"Huldah Momanyi-Hiltsley",Huldah,,Momanyi-Hiltsley,,,1,D,1,Rep,HD-038A,59984871,207843,,Huldah_Hiltsley,0,0
26178,"Pete Johnson",Pete,,Johnson,,,1,D,1,Rep,HD-008A,59984739,218717,,Pete_Johnson_(Minnesota),348196,0
26179,"Wayne Johnson",Wayne,,Johnson,,,2,R,1,Rep,HD-041A,59984883,187703,,Wayne_Johnson_(Minnesota),881383,0
26180,"Katie Jones",Katie,,Jones,,,1,D,1,Rep,HD-061A,59984963,218850,,Katie_Jones_(Minnesota),0,0
26181,"Anquam Mahamoud",Anquam,,Mahamoud,,,1,D,1,Rep,HD-062B,59984971,218855,,Anquam_Mahamoud,0,0
26182,"Kari Rehrauer",Kari,,Rehrauer,,,1,D,1,Rep,HD-035B,59984860,199343,,Kari_Rehrauer,0,0
26183,"Aaron Repinski",Aaron,,Repinski,,,2,R,1,Rep,HD-026A,59984817,218785,,Aaron_Repinski,0,0
26184,"Drew Roach",Drew,,Roach,,,2,R,1,Rep,HD-058B,59984954,218845,,Drew_Roach,0,0
26185,"Max Rymer",Max,,Rymer,,,2,R,1,Rep,HD-028B,59984831,171595,,Max_Rymer,0,0
26186,"Erica Schwartz",Erica,,Schwartz,,,2,R,1,Rep,HD-018A,59984782,218768,,Erica_Schwartz,0,0
26187,"Thomas Sexton",Thomas,,Sexton,,Tom,2,R,1,Rep,HD-019B,59984789,218772,,Tom_Sexton,0,0
26188,"Terry Stier",Terry,,Stier,,,2,R,1,Rep,HD-022B,59984801,218778,,Terry_Stier,0,0
26189,"Scott Van Binsbergen",Scott,,"Van Binsbergen",,,2,R,1,Rep,HD-016A,59984773,68738,,Scott_Van_Binsbergen,0,0
26190,"Cal Warwas",Cal,,Warwas,,,2,R,1,Rep,HD-007B,59984735,218714,,Cal_Warwas,0,0
26404,"Doron Clark",Doron,,Clark,,,1,D,2,Sen,SD-060,0,220698,,Doron_Clark,0,0
26439,"David Gottfried",David,,Gottfried,,,1,D,1,Rep,HD-040B,0,220705,,David_Gottfried,0,0
26466,"Keri Heintzeman",Keri,,Heintzeman,,,2,R,2,Sen,SD-006,0,222639,,Keri_Heintzeman,0,0
