people_id,name,first_name,middle_name,last_name,suffix,nickname,party_id,party,role_id,role,district,followthemoney_eid,votesmart_id,opensecrets_id,ballotpedia,knowwho_pid,committee_id
7170,"G.A. Hardaway",G.A.,,Hardaway,Sr.,,1,D,1,Rep,HD-093,6494843,70007,,G.A._Hardaway,254536,0
7178,"Timothy Hill",Timothy,,Hill,,,2,R,1,Rep,HD-003,6689045,125373,,Timothy_Hill,251572,0
7186,"David Hawk",David,B.,Hawk,,,2,R,1,Rep,HD-005,6646041,49150,,David_Hawk,212527,0
7188,"Johnny Shaw",Johnny,W.,Shaw,,,1,D,1,Rep,HD-080,13006761,48857,,Johnny_Shaw,205569,0
7195,"Jon Lundberg",Jon,C.,Lundberg,,,2,R,2,Sen,SD-004,6144047,66051,,Jon_Lundberg,249269,0
7202,"Joseph Hensley",Joseph,,Hensley,,Joey,2,R,2,Sen,SD-028,6607468,48811,,Joey_Hensley,212528,0
7205,"Pat Marsh",Pat,,Marsh,,,2,R,1,Rep,HD-062,6689158,116508,,Pat_Marsh,281958,0
7214,"Susan Lynn",Susan,,Lynn,,,2,R,1,Rep,HD-057,6607561,48869,,Susan_Lynn,212508,0
7240,"Frank Niceley",Frank,S.,Niceley,,,2,R,2,Sen,SD-008,6658949,48702,,Frank_Niceley,227000,0
7242,"Karen Camper",Karen,D.,Camper,,,1,D,1,Rep,HD-087,6494807,104685,,Karen_Camper,263915,0
7259,"Larry Miller",Larry,J.,Miller,,,1,D,1,Rep,HD-088,6402789,24460,,Larry_Miller_(Tennessee_representative),199084,0
7265,"Joe Towns",Joe,E.,Towns,Jr.,,1,D,1,Rep,HD-084,6402945,24457,,Joe_Towns_Jr.,199080,0
7269,"Mark White",Mark,,White,,,2,R,1,Rep,HD-083,6658998,48823,,Mark_White_(Tennessee),283725,0
7270,"Bo Watson",Bo,,Watson,,,2,R,2,Sen,SD-011,13006679,48696,,Bo_Watson,227014,0
7271,"Ken Yager",Ken,,Yager,,,2,R,2,Sen,SD-012,6678128,104797,,Ken_Yager,268607,0
7273,"Randy McNally",Randy,,McNally,,,2,R,2,Sen,SD-005,6607616,24356,,Randy_McNally,198966,0
7282,"Rusty Crowe",Rusty,,Crowe,,,2,R,2,Sen,SD-003,6607266,24342,,Rusty_Crowe,198964,0
7292,"Steve Southerland",Steve,,Southerland,,,2,R,2,Sen,SD-009,6607751,48766,,Steve_Southerland_(Tennessee),212532,0
7298,"Jack Johnson",Jack,,Johnson,,,2,R,2,Sen,SD-027,6669848,67802,,Jack_Johnson,249316,0
10589,"Ferrell Haile",Ferrell,,Haile,,,2,R,2,Sen,SD-018,6646035,49009,,Ferrell_Haile,313072,0
10934,"Cameron Sexton",Cameron,,Sexton,,,2,R,1,Rep,HD-025,6689081,125418,,Cameron_Sexton,292798,0
12069,"Kelly Keisling",Kelly,,Keisling,,,2,R,1,Rep,HD-038,6689103,125428,,Kelly_Keisling,290527,0
12100,"Mike Sparks",Mike,,Sparks,,,2,R,1,Rep,HD-049,6689129,99698,,Mike_Sparks_(Tennessee),292816,0
12112,"Jeremy Faison",Jeremy,,Faison,,,2,R,1,Rep,HD-011,6689072,125397,,Jeremy_Faison,292794,0
12113,"Ryan Williams",Ryan,,Williams,,,2,R,1,Rep,HD-042,6689117,113713,,Ryan_Williams_(Tennessee),292813,0
12227,"Art Swann",Art,,Swann,,,2,R,2,Sen,SD-002,6689061,125390,,Art_Swann,292787,0
12238,"Mark Pody",Mark,,Pody,,,2,R,2,Sen,SD-017,13006712,125439,,Mark_Pody,290530,0
12246,"Dennis Powers",Dennis,,Powers,,,2,R,1,Rep,HD-036,6645850,12119,,Dennis_Powers_(Tennessee),292805,0
12345,"Antonio Parkinson",Antonio,,Parkinson,,"2 Shay",1,D,1,Rep,HD-098,6514389,128741,,Antonio_Parkinson,331599,0
12656,"Kerry Roberts",Kerry,,Roberts,,,2,R,2,Sen,SD-023,6698863,124647,,Kerry_Roberts,285147,0
13706,"Becky Massey",Becky,Duncan,Massey,,,2,R,2,Sen,SD-006,11030005,135260,,Becky_Duncan_Massey,376023,0
14455,"William Lamberth",William,G.,Lamberth,,,2,R,1,Rep,HD-044,11029833,138679,,William_Lamberth,409737,0
14457,"Ron Travis",Ron,,Travis,,,2,R,1,Rep,HD-031,11029816,138649,,Ron_Travis,409691,0
14460,"John Stevens",John,,Stevens,,,2,R,2,Sen,SD-024,9422162,139031,,John_Stevens_(Tennessee),399468,0
14809,"Gloria Johnson",Gloria,,Johnson,,,1,D,1,Rep,HD-090,11029794,138629,,Gloria_Johnson_(Tennessee),409641,0
15127,"Andrew Farmer",Andrew,E.,Farmer,,,2,R,1,Rep,HD-017,11029798,138632,,Andrew_Farmer,409646,0
15129,"Debra Moody",Debra,,Moody,,,2,R,1,Rep,HD-081,11029876,138810,,Debra_Moody,409823,0
15131,"Janince Bowling",Janince,,Bowling,,,2,R,2,Sen,SD-016,9394277,49078,,Janice_Bowling,399469,0
15132,"Todd Gardenhire",Todd,,Gardenhire,,,2,R,2,Sen,SD-010,11030008,138996,,Todd_Gardenhire,409854,0
15467,"Dawn White",Dawn,,White,,,2,R,2,Sen,SD-013,9385469,138657,,Dawn_White,409713,0
15501,"Mary Littleton",Mary,,Littleton,,,2,R,1,Rep,HD-078,17359594,138796,,Mary_Littleton,366234,0
15502,"Harold Love",Harold,M.,Love,,,1,D,1,Rep,HD-058,6451486,25301,,Harold_Love,409795,0
15503,"Bo Mitchell",Bo,,Mitchell,,,1,D,1,Rep,HD-050,6443135,80054,,Bo_Mitchell,409769,0
15504,"Jason Powell",Jason,,Powell,,,1,D,1,Rep,HD-053,2871265,65608,,Jason_Powell,409792,0
16126,"Raumesh Akbari",Raumesh,A.,Akbari,,,1,D,2,Sen,SD-029,23424804,145407,,Raumesh_Akbari,478138,0
16127,"Paul Bailey",Paul,E.,Bailey,,,2,R,2,Sen,SD-015,6607075,49079,,Paul_Bailey_(Tennessee),483071,0
16859,"Dan Howell",Dan,,Howell,,,2,R,1,Rep,HD-022,22216004,153254,,Dan_Howell,494306,0
16860,"Bud Hulsey",Bud,,Hulsey,,,2,R,1,Rep,HD-002,23424637,153238,,Bud_Hulsey,494448,0
16861,"Sabi Kumar",Sabi,,Kumar,,Doc,2,R,1,Rep,HD-066,23424773,153308,,Sabi_Kumar,494394,0
16862,"Jay Reedy",Jay,D.,Reedy,,,2,R,1,Rep,HD-074,22216006,153314,,Jay_Reedy,494400,0
16865,"Bryan Terry",Gregory,Bryan,Terry,,Bryan,2,R,1,Rep,HD-048,20677085,153281,,Bryan_Terry,494387,0
16867,"John Clemmons",John,Ray,Clemmons,,,1,D,1,Rep,HD-055,23424763,153298,,John_Ray_Clemmons,494468,0
17140,"Richard Briggs",Richard,M.,Briggs,,,2,R,2,Sen,SD-007,9370641,108375,,Richard_Briggs_(Tennessee),494255,0
17141,"Jeff Yarbro",Jeff,,Yarbro,,,1,D,2,Sen,SD-021,5788462,125593,,Jeff_Yarbro,290546,0
17751,"Jason Zachary",Jason,,Zachary,,,2,R,1,Rep,HD-014,18329441,146213,,Jason_Zachary,475047,0
17807,"Gary Hicks",Gary,,Hicks,,,2,R,1,Rep,HD-009,39714769,100745,,Gary_Hicks_(Tennessee),565135,0
17913,"Edward Jackson",Edward,S.,Jackson,,,2,R,2,Sen,SD-025,14039341,153232,,Ed_Jackson,494265,0
18120,"Sara Kyle",Sara,,Kyle,,,1,D,2,Sen,SD-030,9594917,155856,,Sara_Kyle,431332,0
18642,"John Crawford",John,,Crawford,,,2,R,1,Rep,HD-001,6669797,66050,,John_Crawford_(Tennessee),578441,0
18644,"Ron Gant",Ron,M.,Gant,,,2,R,1,Rep,HD-094,39655602,98086,,Ron_Gant,578876,0
18646,"Tim Rudd",Tim,,Rudd,,,2,R,1,Rep,HD-034,15054843,170213,,Tim_Rudd,578570,0
18647,"Paul Sherrell",Paul,,Sherrell,,,2,R,1,Rep,HD-043,39714828,170257,,Paul_Sherrell,578629,0
19504,"Jerome Moon",Jerome,,Moon,,,2,R,1,Rep,HD-008,9373564,133193,,Jerome_Moon,648013,0
19505,"Kevin Vaughan",Kevin,,Vaughan,,,2,R,1,Rep,HD-095,39659486,176201,,Kevin_Vaughan,738427,0
19515,"Clark Boyd",Clark,,Boyd,,,2,R,1,Rep,HD-046,9396582,153222,,Clark_Boyd,494260,0
19609,"Shane Reeves",Shane,,Reeves,,,2,R,2,Sen,SD-014,9406976,177642,,Shane_Reeves,659395,0
19923,"Johnny Garrett",Johnny,C.,Garrett,,,2,R,1,Rep,HD-045,43465275,182452,,Johnny_Garrett,662696,0
20161,"Scott Cepicky",Scott,E.,Cepicky,,,2,R,1,Rep,HD-064,44970550,134051,,Scott_Cepicky,662734,0
20192,"London Lamar",London,P.,Lamar,,,1,D,1,Rep,SD-033,44187848,182530,,London_Lamar,578863,0
20335,"Charlie Baum",Charlie,,Baum,,,2,R,1,Rep,HD-037,44970537,182443,,Charlie_Baum,662623,0
20336,"Rush Bricken",Rush,,Bricken,,,2,R,1,Rep,HD-047,9360689,97314,,Rush_Bricken,662701,0
20337,"Jesse Chism",Jesse,,Chism,,,1,D,1,Rep,HD-085,39714881,182512,,Jesse_Chism,578861,0
20338,"Mark Cochran",Mark,,Cochran,,,2,R,1,Rep,HD-023,43137249,182418,,Mark_Cochran,286201,0
20339,"Vincent Dixie",Vincent,,Dixie,,,1,D,1,Rep,HD-054,44970562,182467,,Vincent_Dixie,662713,0
20340,"Clay Doggett",Clay,,Doggett,,,2,R,1,Rep,HD-070,44970563,182490,,Clay_Doggett,662744,0
20341,"Bob Freeman",Bob,,Freeman,,,1,D,1,Rep,HD-056,41365313,182470,,Bob_Freeman_(Tennessee),662717,0
20343,"Yusuf Hakeem",Yusuf,A.,Hakeem,,,1,D,1,Rep,HD-028,9464809,160425,,Yusuf_Hakeem,662597,0
20345,"Kirk Haston",Kirk,,Haston,,,2,R,1,Rep,HD-072,44970590,182493,,Kirk_Haston,662747,0
20346,"Esther Helton-Haynes",Esther,,Helton-Haynes,,,2,R,1,Rep,HD-030,39546859,182434,,Esther_Helton,662605,0
20348,"Chris Hurt",Chris,,Hurt,,,2,R,1,Rep,HD-082,44970608,182507,,Chris_Hurt,662782,0
20349,"Justin Lafferty",Justin,,Lafferty,,,2,R,1,Rep,HD-089,44970617,182523,,Justin_Lafferty,662799,0
20350,"Tom Leatherwood",Tom,,Leatherwood,,,2,R,1,Rep,HD-099,6645800,24355,,Tom_Leatherwood,577529,0
20352,"Iris Rudder",Iris,,Rudder,,,2,R,1,Rep,HD-039,9385004,163549,,Iris_Rudder,662632,0
20353,"Lowell Russell",Lowell,,Russell,,,2,R,1,Rep,HD-021,9540021,182416,,Lowell_Russell,662568,0
20354,"Chris Todd",Chris,,Todd,,,2,R,1,Rep,HD-073,9367293,182499,,Chris_Todd_(Tennessee),662757,0
20355,"Dave Wright",Dave,,Wright,,,2,R,1,Rep,HD-019,44970701,108378,,Dave_Wright_(Tennessee),662559,0
20594,"Rick Eldridge",Rick,,Eldridge,,,2,R,1,Rep,HD-010,14040352,133773,,Rick_Eldridge,662524,0
21328,"Paul Rose",Paul,,Rose,,,2,R,2,Sen,SD-032,46894549,185953,,Paul_Rose,700165,0
21356,"Bill Powers",Bill,,Powers,,,2,R,2,Sen,SD-022,9382935,160448,,Bill_Powers_(Tennessee),704583,0
21500,"Rusty Grills",Rusty,,Grills,,,2,R,1,Rep,HD-077,23584030,133675,,Rusty_Grills,726418,0
21697,"Tandy Darby",Tandy,,Darby,,,2,R,1,Rep,HD-076,17767814,193487,,Tandy_Darby,738385,0
21715,"John Gillespie",John,,Gillespie,,,2,R,1,Rep,HD-097,48872693,193527,,John_Gillespie,738428,0
21716,"Todd Warner",Todd,,Warner,,,2,R,1,Rep,HD-092,49611078,193526,,Todd_Warner,738425,0
21757,"Michele Carringer",Michele,,Carringer,,,2,R,1,Rep,HD-016,49611018,113855,,Michele_Carringer,738290,0
21777,"Page Walley",Page,,Walley,,,2,R,2,Sen,SD-026,6645937,24455,,Page_Walley,263494,0
22242,"Torrey Harris",Torrey,C.,Harris,,,1,D,1,Rep,HD-091,44970588,182528,,Torrey_Harris,662806,0
22266,"Heidi Campbell",Heidi,,Campbell,,,1,D,2,Sen,SD-020,49461874,193429,,Heidi_Campbell,738478,0
22446,"Sam McKenzie",Samuel,,McKenzie,,Sam,1,D,1,Rep,HD-015,49611014,108369,,Sam_McKenzie,738281,0
22447,"Tim Hicks",Tim,,Hicks,,,2,R,1,Rep,HD-006,49611008,193437,,Tim_Hicks_(Tennessee),738264,0
22856,"Rebecca Alexander",Rebecca,Kefauver,Alexander,,,2,R,1,Rep,HD-007,49611010,193440,,Rebecca_Alexander,738268,0
22960,"Greg Vital",Greg,,Vital,,,2,R,1,Rep,HD-029,11030011,138995,,Greg_Vital,409852,0
23124,"Greg Martin",Greg,,Martin,,,2,R,1,Rep,HD-026,0,187538,,Greg_Martin_(Tennessee),804209,0
23185,"Kip Capley",Kip,,Capley,,,2,R,1,Rep,HD-071,55466322,206897,,Kip_Capley,0,0
23186,"Monty Fritts",Monty,,Fritts,,,2,R,1,Rep,HD-032,51714875,206832,,Monty_Fritts,0,0
23187,"Jake McCalmon",Jake,,McCalmon,,,2,R,1,Rep,HD-063,53914578,206887,,,0,0
23188,"Kevin Raper",Kevin,D.,Raper,,,2,R,1,Rep,HD-024,55466276,0,,Jake_McCalmon,0,0
23362,"Brent Taylor",Brent,,Taylor,,,2,R,2,Sen,SD-031,48872269,48828,,Brent_Taylor_(Tennessee),0,0
23378,"Ed Butler",Ed,,Butler,,,2,R,1,Rep,HD-041,39714823,170244,,Ed_Butler_(Tennessee),0,0
23616,"William Slater",William,,Slater,,,2,R,1,Rep,HD-035,45071952,206839,,William_Slater,0,0
23880,"Gino Bulso",Eugene,N.,Bulso,Jr.,Gino,2,R,1,Rep,HD-061,9467268,182476,,Gino_Bulso,0,0
23881,"Michael Hale",Michael,,Hale,,,2,R,1,Rep,HD-040,55466294,206873,,Michael_Hale_(Tennessee),0,0
23882,"Caleb Hemmer",Caleb,,Hemmer,,,1,D,1,Rep,HD-059,46910490,206794,,Caleb_Hemmer,0,0
24115,"Jody Barrett",Jody,,Barrett,,,2,R,1,Rep,HD-069,55466316,206893,,Jody_Barrett,0,0
24116,"Jeff Burkhart",Jeff,,Burkhart,,,2,R,1,Rep,HD-075,45114356,113667,,Jeff_Burkhart,0,0
24117,"Elaine Davis",Elaine,,Davis,,,2,R,1,Rep,HD-018,49611012,108373,,Elaine_Davis,0,0
24118,"Ronnie Glynn",Ronnie,L.,Glynn,,,1,D,1,Rep,HD-067,50445927,193431,,Ronnie_Glynn,0,0
24119,"Robert Stevens",Robert,,Stevens,,,2,R,1,Rep,HD-013,23424754,153284,,Robert_Stevens_(Tennessee),0,0
24186,"Brock Martin",Brock,,Martin,,,2,R,1,Rep,HD-079,41364741,206907,,Brock_Martin,0,0
24390,"Adam Lowe","J. Adam",,Lowe,,Adam,2,R,2,Sen,SD-001,55509219,133392,,J._Adam_Lowe,0,0
24391,"Charlane Oliver",Charlane,,Oliver,,,1,D,2,Sen,SD-019,52443337,206796,,Charlane_Oliver,0,0
24826,"Justin Jones",Justin,,Jones,,,1,D,1,Rep,HD-052,55466304,139778,,Justin_Jones_(Tennessee_House_candidate),726626,0
24880,"Justin Pearson",Justin,J.,Pearson,,,1,D,1,Rep,HD-086,58374543,211334,,Justin_Pearson_(Tennessee),0,0
24997,"Aftyn Behn",Aftyn,,Behn,,,1,D,1,Rep,HD-051,56909362,0,,Aftyn_Behn,0,0
25238,"Fred Atchley",Fred,,Atchley,,,2,R,1,Rep,HD-012,59849373,99759,,Fred_Atchley,0,0
25239,"Shaundelle Brooks",Shaundelle,,Brooks,,,1,D,1,Rep,HD-060,59849662,216610,,Shaundelle_Brooks,0,0
25240,"Renea Jones",Renea,,Jones,,,2,R,1,Rep,HD-004,59849399,216392,,Renea_Jones,0,0
25241,"Aron Maberry",Aron,,Maberry,,,2,R,1,Rep,HD-068,59849616,216641,,Aron_Maberry,0,0
25242,"Lee Reeves",Lee,,Reeves,,,2,R,1,Rep,HD-065,59849661,216629,,Lee_Reeves,0,0
25243,"Michele Reneau",Michele,,Reneau,,,2,R,1,Rep,HD-027,59849553,206813,,Michele_Reneau,0,0
25244,"Gabby Salinas",Gabby,,Salinas,,,1,D,1,Rep,HD-096,40220788,182387,,Gabby_Salinas,0,0
25245,"Richard Scarbrough",Richard,,Scarbrough,,Rick,2,R,1,Rep,HD-033,59849617,216555,,Richard_Scarbrough,0,0
25246,"Tom Stinnett",Tom,,Stinnett,,,2,R,1,Rep,HD-020,59849525,162586,,Tom_Stinnett,0,0
25247,"Robert Harshbarger",Robert,,Harshbarger,,Bobby,2,R,2,Sen,SD-004,59849668,216367,,Bobby_Harshbarger,0,0
25248,"Tom Hatcher",Tom,,Hatcher,,,2,R,2,Sen,SD-002,59849463,216363,,Tom_Hatcher,0,0
25249,"Jessie Seal",Jessie,,Seal,,,2,R,2,Sen,SD-008,59849635,216372,,Jessie_Seal,0,0
