people_id,name,first_name,middle_name,last_name,suffix,nickname,party_id,party,role_id,role,district,followthemoney_eid,votesmart_id,opensecrets_id,ballotpedia,knowwho_pid,committee_id
6493,"Percy Watson",Percy,W.,Watson,,,1,D,1,Rep,HD-103,13003544,3733,,Percy_Watson,196337,0
6499,"Donnie Bell",Donnie,,Bell,,,2,R,1,Rep,HD-021,13003464,69899,,Donnie_Bell,260619,0
6500,"Lester Carpenter",Lester,,Carpenter,,Bubba,2,R,1,Rep,HD-001,13003437,69848,,Lester_Carpenter,260611,0
6503,"Karl Gibbs",Karl,,Gibbs,,,1,D,1,Rep,HD-036,16501214,144426,,Karl_Gibbs,456327,0
6509,"Jerry Turner",Jerry,R.,Turner,,,2,R,1,Rep,HD-018,6611903,40284,,Jerry_Turner_(Mississippi),219720,0
6513,"Henry Zuber",Henry,B.,Zuber,III,Hank,2,R,1,Rep,HD-113,6611995,20796,,Hank_Zuber_III,196317,0
6514,"Jeffrey Guice",Jeffrey,S.,Guice,,Jeff,2,R,1,Rep,HD-114,6680467,114211,,Jeffrey_S._Guice,267510,0
6520,"Stephen Horne",Stephen,A.,Horne,,Steve,2,R,1,Rep,HD-081,6611472,40296,,Steve_Horne,221486,0
6524,"Omeria Scott",Omeria,,Scott,,,1,D,1,Rep,HD-080,6408576,20822,,Omeria_Scott,196312,0
6525,"Bryant Clark",Bryant,Wandrick,Clark,,,1,D,1,Rep,HD-047,6407548,40102,,Bryant_Clark,221683,0
6526,"Richard Bennett",Richard,,Bennett,,,2,R,1,Rep,HD-120,6673113,69948,,Richard_Bennett_(Mississippi),260712,0
6527,"Larry Byrd",Larry,,Byrd,,,2,R,1,Rep,HD-104,13003546,69934,,Larry_Byrd,260710,0
6530,"Sam Mims",Sam,C.,Mims,V,,2,R,1,Rep,HD-097,6611663,40027,,Sam_Mims_V,219770,0
6535,"Bill Pigott",Bill,,Pigott,,,2,R,1,Rep,HD-099,6408463,40147,,Bill_Pigott,260701,0
6537,"Ken Morgan",Ken,,Morgan,,,2,R,1,Rep,HD-100,6408331,20648,,Ken_Morgan,251736,0
6549,"Bob Evans",Robert,,Evans,,Bob,1,D,1,Rep,HD-091,6483933,69908,,Bob_Evans,260695,0
6554,"Becky Currie",Becky,,Currie,,,2,R,1,Rep,HD-092,6673513,69911,,Becky_Currie,260698,0
6571,"Robert Johnson",Robert,L,Johnson,III,,1,D,1,Rep,HD-094,180781,3630,,Robert_Johnson_III,196211,0
6577,"Earle Banks",Earle,S,Banks,,,1,D,1,Rep,HD-067,6407342,3664,,Earle_Banks,196299,0
6580,"Scott DeLano",Scott,,DeLano,,,2,R,2,Sen,SD-050,6698631,117442,,Scott_DeLano,283036,0
6584,"John Hines",John,W,Hines,Sr.,,1,D,1,Rep,HD-050,6407961,54828,,"John_Hines,_Mississippi_Representative",209154,0
6585,"Gregory Holloway",Gregory,,Holloway,Sr.,,1,D,1,Rep,HD-076,6407975,20670,,Gregory_Holloway_Sr.,196308,0
6593,"John Read",John,O.,Read,,,2,R,1,Rep,HD-112,6430335,3712,,John_Read,196345,0
6602,"Angela Cockerham",Angela,,Cockerham,,,3,I,1,Rep,HD-096,13003532,56520,,Angela_Cockerham,241891,0
6604,"Willie Bailey",Willie,L.,Bailey,,,1,D,1,Rep,HD-049,6407338,8835,,Willie_Bailey,196282,0
6611,"Scott Bounds","C. Scott",,Bounds,,Scott,2,R,1,Rep,HD-044,6407400,40166,,C._Scott_Bounds,220481,0
6615,"Joey Fillingane",Joey,,Fillingane,,,2,R,2,Sen,SD-041,13003540,20644,,Joey_Fillingane,196335,0
6617,"Lee Yancey",Lee,,Yancey,,,2,R,1,Rep,HD-074,6673226,69828,,Lee_Yancey,260584,0
6619,"Walter Michel",Walter,,Michel,,,2,R,2,Sen,SD-025,6611658,20701,,Walter_Michel,196185,0
6626,"David Blount",David,,Blount,,,1,D,2,Sen,SD-029,13012539,69833,,David_Blount,260594,0
6634,"David Jordan",David,,Jordan,,,1,D,2,Sen,SD-024,6408094,3621,,David_Jordan_(Mississippi),196195,0
6637,"Dean Kirby",Dean,,Kirby,,,2,R,2,Sen,SD-030,13012541,3609,,Dean_Kirby,196203,0
6646,"Lydia Chassaniol",Lydia,Graves,Chassaniol,,,2,R,2,Sen,SD-014,13012523,3611,,Lydia_Graves_Chassaniol,251688,0
6658,"Hillman Frazier",Hillman,Terome,Frazier,,,1,D,2,Sen,SD-027,6407842,3615,,Hillman_Frazier,196197,0
6660,"Briggs Hopson","W. Briggs",,Hopson,III,Briggs,2,R,2,Sen,SD-023,6673163,69802,,Briggs_Hopson,260592,0
6662,"John Horhn",John,,Horhn,,,1,D,2,Sen,SD-026,6407993,3619,,John_Horhn,196196,0
6664,"Hob Bryan",Hob,,Bryan,,,1,D,2,Sen,SD-007,6407467,3605,,Hob_Bryan,196177,0
6665,"Albert Butler",Albert,,Butler,,,1,D,2,Sen,SD-037,13012546,69811,,Albert_Butler,285591,0
12068,"Casey Eure",Casey,,Eure,,,2,R,1,Rep,HD-116,13003554,128734,,Casey_Eure,330956,0
13043,"Derrick Simmons",Derrick,T.,Simmons,,,1,D,2,Sen,SD-012,6513373,128785,,Derrick_Simmons,334440,0
13662,"Josh Harkins",Josh,,Harkins,,,2,R,2,Sen,SD-020,13012530,130331,,Josh_Harkins,363899,0
13663,"Angela Burks Hill",Angela,,"Burks Hill",,,2,R,2,Sen,SD-040,6698758,130344,,Angela_Burks_Hill,364059,0
13669,"Rita Potts Parks",Rita,,"Potts Parks",,,2,R,2,Sen,SD-004,6698663,130322,,Rita_Potts_Parks,363643,0
13670,"John Polk",John,A.,Polk,,,2,R,2,Sen,SD-044,6698779,130348,,John_Polk_(Mississippi),364084,0
13675,"Brice Wiggins",Brice,,Wiggins,,,2,R,2,Sen,SD-052,6698809,130356,,Brice_Wiggins,364137,0
13679,"William Arnold",William,Tracy,Arnold,,,2,R,1,Rep,HD-003,6673503,69854,,William_Arnold,364268,0
13769,"Dennis DeBar",Dennis,L.,DeBar,Jr.,,2,R,2,Sen,SD-043,6698593,130305,,Dennis_DeBar,364946,0
13770,"Greg Haney",Greg,,Haney,,,2,R,1,Rep,HD-118,6698636,130314,,Greg_Haney,365024,0
13773,"Joey Hood",Joey,,Hood,,,2,R,1,Rep,HD-035,13003481,130280,,Joey_Hood,364413,0
13776,"Carolyn Crawford",Carolyn,,Crawford,,,2,R,1,Rep,HD-121,6698642,130317,,Carolyn_Crawford,365044,0
13782,"Jason White",Jason,M.,White,,,2,R,1,Rep,HD-048,13003490,130555,,Jason_White_(Mississippi),364496,0
13790,"Manly Barton",Manly,,Barton,,,2,R,1,Rep,HD-109,6698612,88559,,Manly_Barton,364977,0
13791,"Randy Boyd",Randy,P.,Boyd,,,2,R,1,Rep,HD-019,13003460,69890,,Randy_Boyd_(Mississippi),364360,0
13795,"Timmy Ladner",Timmy,,Ladner,,,2,R,1,Rep,HD-093,8383135,130301,,Timmy_Ladner,364902,0
13796,"John Lamar",John,Thomas,Lamar,III,Trey,2,R,1,Rep,HD-008,6698460,130266,,Trey_Lamar,364275,0
13797,"Steve Massengill",Steve,E.,Massengill,,,2,R,1,Rep,HD-013,6698477,130270,,Steve_Massengill,364284,0
13801,"Randal Rushing",Randal,,Rushing,,Randy,2,R,1,Rep,HD-078,13003516,69973,,Randy_Rushing,364629,0
13802,"Jody Steverson",Jody,,Steverson,,,2,R,1,Rep,HD-004,13003441,130532,,Jody_Steverson,364269,0
13810,"Kevin Horan",Kevin,,Horan,,,2,R,1,Rep,HD-034,13003471,130542,,Kevin_Horan_(Mississippi),364405,0
14359,"David Parker",David,,Parker,,,2,R,2,Sen,SD-002,16113720,143586,,David_Parker_(Mississippi),446563,0
14360,"Bill Kinkade",Bill,,Kinkade,,,2,R,1,Rep,HD-052,16113718,143589,,Bill_Kinkade,448959,0
14595,"Brent Powell",Brent,,Powell,,,2,R,1,Rep,HD-059,16501220,144187,,Brent_Powell,449166,0
15953,"Sollie Norwood",Sollie,B.,Norwood,,,1,D,2,Sen,SD-028,16501272,144231,,Sollie_Norwood,453733,0
16044,"Lataisha Jackson",Lataisha,M.,Jackson,,,1,D,1,Rep,HD-011,16685562,144473,,Lataisha_M._Jackson,459208,0
16103,"Jeramey Anderson",Jeramey,,Anderson,,,1,D,1,Rep,HD-110,18912706,145360,,Jeramey_Anderson,478121,0
16104,"Oscar Denton",Oscar,,Denton,,,1,D,1,Rep,HD-055,18912701,145498,,Oscar_Denton,477339,0
16105,"John Faulkner",John,Gary,Faulkner,,,1,D,1,Rep,HD-005,18912697,145354,,John_Faulkner,504065,0
16607,"Charles Younger",Charles,A.,Younger,,Chuck,2,R,2,Sen,SD-017,27768153,156194,,Charles_Younger,521982,0
17748,"Shane Barnett",Shane,,Barnett,,,2,R,1,Rep,HD-086,29336935,156365,,Shane_Barnett,531595,0
17749,"Juan Barnett",Juan,,Barnett,,,1,D,2,Sen,SD-034,29337092,156222,,Juan_Barnett,529956,0
17754,"Shane Aguirre",Shane,,Aguirre,,,2,R,1,Rep,HD-017,29336791,156337,,Shane_Aguirre,531567,0
17755,"Christopher Bell",Christopher,,Bell,,,1,D,1,Rep,HD-065,6407365,40229,,Christopher_M._Bell,529889,0
17759,"Dan Eubanks",Dan,,Eubanks,,,2,R,1,Rep,HD-025,29336813,156347,,Dan_Eubanks,531577,0
17761,"Jeff Hale",Jeff,,Hale,,,2,R,1,Rep,HD-024,29336806,156342,,Jeff_Hale,531572,0
17765,"Chris Johnson",Chris,,Johnson,,,2,R,2,Sen,SD-045,8148128,156305,,Chris_Johnson_(Mississippi),531596,0
17766,"Kabir Karriem",Kabir,,Karriem,,,1,D,1,Rep,HD-041,29336850,156262,,Kabir_Karriem,529870,0
17767,"Vince Mangold",Vince,,Mangold,,,2,R,1,Rep,HD-053,29336873,156355,,Vince_Mangold,531585,0
17769,"Carl Mickens",Carl,,Mickens,,,1,D,1,Rep,HD-042,29336853,156264,,Carl_L._Mickens,529874,0
17770,"Karl Oliver",Karl,,Oliver,,,2,R,1,Rep,HD-046,8268901,156354,,Karl_Oliver,531584,0
17771,"Orlando Paden",Orlando,,Paden,,,1,D,1,Rep,HD-026,29336814,156250,,Orlando_Paden,529849,0
17772,"Rob Roberson",Rob,,Roberson,,,2,R,1,Rep,HD-043,6611794,20762,,Rob_Roberson,196266,0
17773,"Noah Sanford",Noah,,Sanford,,,2,R,1,Rep,HD-090,29336945,156370,,Noah_Sanford,531601,0
17779,"Kevin Blackwell",Kevin,,Blackwell,,,2,R,2,Sen,SD-019,13012529,69823,,Kevin_Blackwell,531620,0
17782,"Chad Mcmahan",Chad,,Mcmahan,,,2,R,2,Sen,SD-006,29337036,156312,,Chad_McMahan,531613,0
17783,"Joseph Seymour",Joseph,M.,Seymour,,Mike,2,R,2,Sen,SD-047,13012558,40160,,Joseph_Seymour,531635,0
17853,"Mark Tullos",Mark,K.,Tullos,,,2,R,1,Rep,HD-079,29336922,156364,,Mark_Tullos,531594,0
18245,"Angela Turner-Ford",Angela,,Turner-Ford,,,1,D,2,Sen,SD-016,16501270,144220,,Angela_Turner-Ford,451677,0
18368,"Donnie Scoggin",Donnie,,Scoggin,,,2,R,1,Rep,HD-089,42071134,176171,,Donnie_Scoggin,606101,0
19479,"Joel Carter",Joel,,Carter,,,2,R,2,Sen,SD-049,44044060,176960,,Joel_Carter,656103,0
19480,"Neil Whaley",Neil,S.,Whaley,,,2,R,2,Sen,SD-010,43941005,176764,,Neil_Whaley,647737,0
19481,"Kevin Ford",Kevin,,Ford,,,2,R,1,Rep,HD-054,43941810,176770,,Kevin_Ford,647112,0
19482,"Stacey Hobgood-Wilkes",Stacey,,Hobgood-Wilkes,,,2,R,1,Rep,HD-108,43793534,176492,,Stacey_Hobgood_Wilkes,632985,0
19611,"Fred Shanks",Fred,L.,Shanks,,,2,R,1,Rep,HD-060,44210951,177629,,Fred_Shanks,659323,0
19634,"Missy Warren McGee",Missy,,"Warren McGee",,,2,R,1,Rep,HD-102,43873519,176626,,Missy_Warren_McGee,639901,0
19635,"Cheikh Taylor",Cheikh,A.,Taylor,,,1,D,1,Rep,HD-038,43967804,176766,,Cheikh_Taylor,647108,0
19672,"Tracey Rosebud",Tracey,,Rosebud,,,1,D,1,Rep,HD-030,29336825,156255,,Tracey_Rosebud,529854,0
19673,"Price Wallace",Price,,Wallace,,,2,R,1,Rep,HD-077,45035116,182811,,Price_Wallace,678505,0
20630,"Jeffery Harness",Jeffery,,Harness,,,1,D,1,Rep,HD-085,13003522,130567,,Jeffery_Harness,529960,0
20640,"Otis Anthony",Otis,L.,Anthony,II,,1,D,1,Rep,HD-031,6513226,130546,,Otis_Anthony,691291,0
21330,"Ronnie Crudup",Ronnie,,Crudup,Jr.,,1,D,1,Rep,HD-071,47189361,186056,,Ronnie_Crudup_Jr.,699986,0
21331,"Solomon Osborne",Solomon,,Osborne,,,1,D,1,Rep,HD-032,47189359,186054,,Solomon_Osborne,699902,0
21432,"Kent McCarty",Kent,,McCarty,,,2,R,1,Rep,HD-101,47189364,186059,,Kent_McCarty,700036,0
21456,"Nicole Boyd",Nicole,Akins,Boyd,,,2,R,2,Sen,SD-009,47196428,186541,,Nicole_Boyd,699870,0
21457,"Kathy Chism",Kathy,L.,Chism,,,2,R,2,Sen,SD-003,47196407,186531,,Kathy_Chism,699846,0
21458,"Jeremy England",Jeremy,,England,,,2,R,2,Sen,SD-051,47196515,186560,,Jeremy_England,699967,0
21459,"Tyler McCaughn",Tyler,,McCaughn,,,2,R,2,Sen,SD-031,47196471,186546,,Tyler_McCaughn,699908,0
21460,"Michael McLendon",Michael,W.,McLendon,,,2,R,2,Sen,SD-001,47196401,186530,,Michael_McLendon,699830,0
21461,"Sarita Simmons",Sarita,M.,Simmons,,,1,D,2,Sen,SD-013,47196440,186574,,Sarita_Simmons,699786,0
21462,"Daniel Sparks",Daniel,H.,Sparks,,,2,R,2,Sen,SD-005,29268680,156414,,Daniel_Sparks_(Mississippi),536272,0
21463,"Benjamin Suber",Benjamin,A.,Suber,,,2,R,2,Sen,SD-008,47196420,186540,,Benjamin_Suber,699868,0
21464,"Jeff Tate",Jeff,,Tate,,,2,R,2,Sen,SD-033,47196474,186548,,Jeff_Tate,699917,0
21465,"Joseph Thomas",Joseph,C.,Thomas,Sr.,,1,D,2,Sen,SD-022,13012532,40247,,Joseph_Thomas_(Mississippi),221413,0
21466,"Mike Thompson",Mike,,Thompson,,,2,R,2,Sen,SD-048,47196506,186558,,Mike_Thompson_(Mississippi),699952,0
21469,"Brent Anderson",Brent,,Anderson,,,2,R,1,Rep,HD-122,47196400,186625,,Brent_Anderson_(Mississippi),700046,0
21472,"Bo Brown",William,R.,Brown,,Bo,1,D,1,Rep,HD-070,6407459,40052,,William_Brown_(Mississippi),699973,0
21473,"Billy Calvert",Billy,Adam,Calvert,,,2,R,1,Rep,HD-083,47196328,186609,,Billy_Adam_Calvert,700023,0
21474,"Sam Creekmore",Sam,J.,Creekmore,IV,,2,R,1,Rep,HD-014,47196210,186594,,Sam_Creekmore_IV,699995,0
21476,"Clay Deweese",Clay,,Deweese,,,2,R,1,Rep,HD-012,47196206,186593,,Clay_Deweese,699992,0
21477,"Kevin Felsher",Kevin,W.,Felsher,,,2,R,1,Rep,HD-117,47196392,186624,,Kevin_Felsher,700045,0
21478,"Jill Ford",Jill,,Ford,,,2,R,1,Rep,HD-073,47196314,186608,,Jill_Ford,700022,0
21480,"Jon Lancaster",Jon,,Lancaster,,,2,R,1,Rep,HD-022,6484004,69907,,Jon_Lancaster,699887,0
21481,"Hester Jackson-McCray",Hester,,Jackson-McCray,,,1,D,1,Rep,HD-040,29336843,156259,,Hester_Jackson-McCray,699924,0
21482,"Dana Underwood McLean",Dana,,"Underwood McLean",,,2,R,1,Rep,HD-039,47196250,186601,,Dana_Underwood_McLean,700013,0
21483,"Jay McKnight",Jay,,McKnight,,,2,R,1,Rep,HD-095,47196348,186616,,Jay_McKnight,700032,0
21484,"Gene Newman",Gene,,Newman,,,2,R,1,Rep,HD-061,47196283,186604,,Gene_Newman,700016,0
21485,"Jansen Owen",Jansen,,Owen,,,2,R,1,Rep,HD-106,47196375,186621,,Jansen_Owen,700041,0
21486,"Daryl Porter",Daryl,L.,Porter,Jr.,,1,D,1,Rep,HD-098,29337110,156230,,Daryl_Porter_Jr.,529967,0
21487,"Zakiya Summers",Zakiya,,Summers,,,1,D,1,Rep,HD-068,47196301,186649,,Zakiya_Summers,699970,0
21488,"Rickey Thompson",Rickey,W.,Thompson,,,1,D,1,Rep,HD-016,47196213,186634,,Rickey_Thompson,699884,0
21490,"Shanda Yates",Shanda,M.,Yates,,,3,I,1,Rep,HD-064,47196291,186645,,Shanda_Yates,699957,0
21595,"Stephanie Foster",Stephanie,Mckenzie,Foster,,,1,D,1,Rep,HD-063,47196289,186644,,Stephanie_Foster,699954,0
21644,"Troy Smith",Troy,,Smith,,,2,R,1,Rep,HD-084,47196330,159982,,Troy_Smith,700024,0
21645,"Cedric Burnett",Cedric,,Burnett,,"Bam Bam",1,D,1,Rep,HD-009,29336775,156239,,Cedric_Burnett,529835,0
21671,"Robin Robinson",Robin,,Robinson,,,2,R,2,Sen,SD-042,49322643,189735,,Robin_Robinson_(Mississippi),748583,0
22019,"Joseph Tubb",Joseph,,Tubb,,,2,R,1,Rep,HD-087,47196334,186613,,Joseph_Tubb,700028,0
22111,"Jason Barrett",Jason,,Barrett,,,2,R,2,Sen,SD-039,51109874,195339,,Jason_Barrett_(Mississippi),755150,0
22112,"Bart Williams",Bart,,Williams,,,2,R,2,Sen,SD-015,50548047,195321,,Bart_Williams_(Mississippi),755145,0
23015,"Robert Sanders",Robert,L.,Sanders,,,1,D,1,Rep,HD-029,0,199720,,Robert_Sanders_(Mississippi),326956,0
23036,"Rod Hickman",Rod,,Hickman,,,1,D,2,Sen,SD-032,54347021,199717,,Rod_Hickman,699813,0
23164,"Jeffrey Hulum",Jeffrey,,Hulum,III,,1,D,1,Rep,HD-119,55717969,186665,,Jeffrey_Hulum_III,699942,0
24310,"Andy Boyd",Andy,,Boyd,,,2,R,1,Rep,HD-037,56921033,211082,,Andy_Boyd,0,0
25004,"Andy Berry",Andy,,Berry,,,2,R,2,Sen,SD-035,58659884,0,,Andy_Berry,0,0
25005,"Gary Brumfield",Gary,,Brumfield,,,1,D,2,Sen,SD-038,58659889,0,,Gary_Brumfield,0,0
25006,"Philman Ladner",Philman,A.,Ladner,,,2,R,2,Sen,SD-046,58659906,0,,Philman_Ladner,0,0
25007,"Brian Rhodes",Brian,,Rhodes,,,2,R,2,Sen,SD-036,58659885,0,,Brian_Rhodes_(Mississippi),0,0
25052,"Tamarra Butler-Washington",Tamarra,,Butler-Washington,,,1,D,1,Rep,HD-069,58660048,211449,,Tamarra_Butler-Washington,0,0
25053,"Justis Gibbs",Justis,,Gibbs,II,,1,D,1,Rep,HD-072,58660054,211453,,Justis_Gibbs,832923,0
25054,"Kenji Holloway",Kenji,,Holloway,,,1,D,1,Rep,HD-027,58659971,211407,,Kenji_Holloway,0,0
25055,"Timaka James-Jones",Timaka,,James-Jones,,,1,D,1,Rep,HD-051,58660016,211429,,Timaka_James-Jones,0,0
25064,"Charles Blackwell",Charles,,Blackwell,,Chuck,2,R,1,Rep,HD-088,58660083,211468,,Charles_Blackwell,0,0
25065,"Jimmy Fondren",Jimmy,,Fondren,,,2,R,1,Rep,HD-111,58660124,211485,,Jimmy_Fondren,0,0
25073,"Josh Hawkins",Josh,,Hawkins,,,2,R,1,Rep,HD-010,58659942,186668,,Josh_Hawkins,0,0
25099,"Elliot Burch",Elliot,,Burch,,,2,R,1,Rep,HD-105,58660110,211478,,Elliot_Burch,0,0
25100,"Jim Estrada",Jim,,Estrada,,,2,R,1,Rep,HD-033,58659982,211413,,Jim_Estrada,0,0
25101,"Zachary Grady",Zachary,,Grady,,,2,R,1,Rep,HD-115,58660133,211490,,Zachary_Grady,0,0
25102,"Rodney Hall",Rodney,,Hall,,,2,R,1,Rep,HD-020,58659954,211403,,Rodney_Hall_(Mississippi),0,0
25103,"Doc Harris",W.I.,,Harris,Jr.,Doc,2,R,1,Rep,HD-028,58659973,186599,,Doc_Harris,0,0
25104,"Celeste Hurst",Celeste,,Hurst,,,2,R,1,Rep,HD-075,58660060,211458,,Celeste_Hurst,0,0
25105,"Keith Jackson",Keith,K.,Jackson,,,1,D,1,Rep,HD-045,54347023,156220,,Keith_Jackson_(Mississippi),0,0
25106,"Justin Keen",Justin,,Keen,,,2,R,1,Rep,HD-006,58659930,211395,,Justin_Keen,0,0
25107,"Steve Lott",Steve,,Lott,,,2,R,1,Rep,HD-107,58660115,211479,,Steve_Lott,0,0
25108,"Clay Mansell",Clay,,Mansell,,,2,R,1,Rep,HD-056,58660024,211431,,Clay_Mansell,0,0
25109,"Brad Mattox",Brad,,Mattox,,,2,R,1,Rep,HD-002,58659923,211392,,Brad_Mattox,0,0
25110,"Jonathon McMillan",Jonathon,,McMillan,,,2,R,1,Rep,HD-058,58660029,211435,,Jonathan_McMillan,0,0
25111,"Fabian Nelson",Fabian,,Nelson,,,1,D,1,Rep,HD-066,50548053,195329,,Fabian_Nelson,0,0
25112,"Kimberly Remak",Kimberly,,Remak,,,2,R,1,Rep,HD-007,32895219,186590,,Kimberly_Remak,0,0
25114,"Lance Varner",Lance,,Varner,,,2,R,1,Rep,HD-062,58660035,211438,,Lance_Varner,0,0
25115,"Beth Waldo",Beth,Luther,Waldo,,,2,R,1,Rep,HD-015,58659949,186848,,Beth_Waldo,0,0
25180,"Reginald Jackson",Reginald,,Jackson,,,1,D,2,Sen,SD-011,58659847,211360,,Reginald_Jackson_(Mississippi),851547,0
25181,"Bradford Blackmon",Bradford,,Blackmon,,,1,D,2,Sen,SD-021,58659863,211365,,Bradford_Blackmon,832182,0
25182,"Lawrence Blackmon",Lawrence,,Blackmon,,,1,D,1,Rep,HD-057,58660027,211433,,,832651,0
26473,"Lane Taylor",Lane,,Taylor,,,2,R,2,Sen,SD-018,0,221524,,Lane_Taylor,0,0
