people_id,name,first_name,middle_name,last_name,suffix,nickname,party_id,party,role_id,role,district,followthemoney_eid,votesmart_id,opensecrets_id,ballotpedia,knowwho_pid,committee_id
3500,"James McCune",James,G.,McCune,,Jim,2,R,2,Sen,SD-002,6649777,51573,,Jim_McCune_(Washington),226588,0
3507,"Joe Schmick",Joe,,Schmick,,,2,R,1,Rep,HD-009B,2843616,67158,,Joe_Schmick,260804,0
3509,"Steven Conway",Steven,E.,Conway,,,1,D,2,Sen,SD-029,13007762,3073,,Steve_Conway,199823,0
3516,"Tina Orwall",Tina,L.,Orwall,,,1,D,1,Rep,HD-033A,13007807,108273,,Tina_Orwall,269943,0
3523,"Judith Warnick",Judith,,Warnick,,Judy,2,R,2,Sen,SD-013,13007605,67062,,Judith_Warnick,248670,0
3525,"Robert Hasegawa",Robert,A.,Hasegawa,,Bob,1,D,2,Sen,SD-011,2644787,51576,,Bob_Hasegawa,226598,0
3531,"Marko Liias",Marko,,Liias,,,1,D,2,Sen,SD-021,2880655,102020,,Marko_Liias,262126,0
3534,"Ed Orcutt",Ed,,Orcutt,,,2,R,1,Rep,HD-020B,2763443,51452,,Ed_Orcutt,210449,0
3545,"Lawrence Springer",Lawrence,Stanley,Springer,,Larry,1,D,1,Rep,HD-045B,2677782,51435,,Larry_Springer,226629,0
3553,"Shelly Short",Shelly,,Short,,,2,R,2,Sen,SD-007,2844248,108332,,Shelly_Short,163394,0
3566,"Timm Ormsby",Timm,S.,Ormsby,,,1,D,1,Rep,HD-003B,13007528,16446,,Timm_Ormsby,221660,0
3568,"Sharon Santos",Sharon,Tomiko,Santos,,,1,D,1,Rep,HD-037A,1402789,26171,,Sharon_Tomiko_Santos,199842,0
3570,"Roger Goodman",Roger,E.,Goodman,,,1,D,1,Rep,HD-045A,13007917,68784,,Roger_Goodman,248685,0
3577,"Jamie Pedersen",Jamie,D.,Pedersen,,,1,D,2,Sen,SD-043,2826410,66760,,Jamie_Pedersen,248683,0
3602,"Claudia Kauffman",Claudia,,Kauffman,,,1,D,2,Sen,SD-047,13013852,68788,,Claudia_Kauffman,248698,0
3605,"Curtis King",Curtis,P.,King,,,2,R,2,Sen,SD-014,2675390,101906,,Curtis_King,260149,0
3617,"Mark Schoesler",Mark,G.,Schoesler,,,2,R,2,Sen,SD-009,2746364,3237,,Mark_Schoesler,199784,0
10541,"Derek Stanford",Derek,C.,Stanford,,,1,D,2,Sen,SD-001,2609336,126288,,Derek_Stanford,296725,0
10543,"Joe Fitzgibbon",Joe,,Fitzgibbon,,,1,D,1,Rep,HD-034B,3133466,126390,,Joe_Fitzgibbon,262610,0
10544,"Laurie Jinkins",Laurie,,Jinkins,,,1,D,1,Rep,HD-027A,3961959,126361,,Laurie_Jinkins,296739,0
10551,"Paul Harris",Paul,L.,Harris,,,2,R,1,Rep,HD-017B,13007638,51472,,Paul_Harris,297061,0
10552,"Steve Tharinger",Steve,,Tharinger,,,1,D,1,Rep,HD-024B,2934629,94645,,Steve_Tharinger,296285,0
10939,"Cindy Ryu",Cindy,,Ryu,,,1,D,1,Rep,HD-032A,13007799,80550,,Cindy_Ryu,296747,0
13047,"Sharon Wylie",Sharon,L.,Wylie,,,1,D,1,Rep,HD-049A,3086496,129758,,Sharon_Wylie,338419,0
13683,"Drew Hansen",Drew,,Hansen,,,1,D,2,Sen,SD-023,6514642,135725,,Drew_Hansen,360191,0
13684,"Gerry Pollet",Gerry,,Pollet,,,1,D,1,Rep,HD-046A,2809440,108342,,Gerry_Pollet,269969,0
14810,"Steve Bergquist",Steve,,Bergquist,,,1,D,1,Rep,HD-011B,13007595,140106,,Steve_Bergquist,421073,0
14812,"Jake Fey",Jake,,Fey,,,1,D,1,Rep,HD-027B,13007746,80588,,Jake_Fey,296740,0
14815,"Jeff Holy",Jeff,,Holy,,,2,R,2,Sen,SD-006,3591632,140096,,Jeff_Holy,421049,0
14817,"Drew MacEwen",Drew,C.,MacEwen,,,2,R,2,Sen,SD-035,2849087,140147,,Drew_MacEwen,421267,0
14822,"Marcus Riccelli",Marcus,,Riccelli,,,1,D,1,Rep,HD-003A,2637802,140089,,Marcus_Riccelli,260810,0
14824,"Monica Stonier",Monica,Jurado,Stonier,,,1,D,1,Rep,HD-049B,2911067,126320,,Monica_Jurado_Stonier,296280,0
14828,"John Braun",John,E.,Braun,,,2,R,2,Sen,SD-020,2649318,140192,,John_Braun,420931,0
14829,"Annette Cleveland",Annette,M.,Cleveland,,,1,D,2,Sen,SD-049,2674146,140199,,Annette_Cleveland,420988,0
16130,"Leonard Christian",Leonard,,Christian,,,2,R,1,Rep,HD-004B,15828500,150055,,Leonard_Christian,484009,0
16131,"Mia Gregerson",Mia,Su-ling,Gregerson,,,1,D,1,Rep,HD-033B,24812003,150064,,Mia_Gregerson,481081,0
16132,"June Robinson",June,,Robinson,,,1,D,2,Sen,SD-038,2692481,150066,,June_Robinson,480104,0
16133,"Tana Senn",Tana,,Senn,,,1,D,1,Rep,HD-041A,24812028,148810,,Tana_Senn,467860,0
16164,"Lillian Ortiz-Self",Lillian,,Ortiz-Self,,,1,D,1,Rep,HD-021B,24811960,148105,,Lillian_Ortiz-Self,485821,0
16642,"Drew Stokesbary",Drew,,Stokesbary,,,2,R,1,Rep,HD-031A,24811997,153122,,Drew_Stokesbary,499121,0
16715,"Strom Peterson",Strom,,Peterson,,,1,D,1,Rep,HD-021A,2692475,114465,,Strom_Peterson,499092,0
16740,"Michelle Caldier",Michelle,D.,Caldier,,,2,R,1,Rep,HD-026B,15737439,153100,,Michelle_Caldier,499099,0
16768,"Daniel Griffey",Daniel,,Griffey,,Dan,2,R,1,Rep,HD-035A,13007819,126394,,Dan_Griffey,296269,0
17043,"Tom Dent",Tom,,Dent,,,2,R,1,Rep,HD-013A,3088542,153060,,Tom_Dent,499068,0
17700,"Mary Dye",Mary,,Dye,,,2,R,1,Rep,HD-009A,2657858,156728,,Mary_Dye,536052,0
17795,"Noel Frame",Noel,Christina,Frame,,,1,D,2,Sen,SD-036,2679886,140153,,Noel_Frame,421289,0
17893,"Andrew Barkis",Andrew,,Barkis,,,2,R,1,Rep,HD-002A,3282313,167730,,Andrew_Barkis,570413,0
18045,"Jim Walsh",Jim,,Walsh,,,2,R,1,Rep,HD-019A,40343757,171003,,Jim_Walsh_(Washington),583559,0
18283,"John Lovick",John,R.,Lovick,,Johnny,1,D,2,Sen,SD-044,2631559,26108,,John_Lovick,199856,0
18498,"Beth Doglio",Beth,M.,Doglio,,,1,D,1,Rep,HD-022A,2664263,171007,,Beth_Doglio,583332,0
18499,"Phil Fortunato",Phil,,Fortunato,,,2,R,2,Sen,SD-031,2782924,26196,,Phil_Fortunato,199863,0
18500,"Mike Volz",Mike,,Volz,,,2,R,1,Rep,HD-006A,40587821,170923,,Mike_Volz,583548,0
18501,"Lisa Wellman",Lisa,,Wellman,,,1,D,2,Sen,SD-041,40587957,171027,,Lisa_Wellman,583543,0
18514,"Kristine Reeves",Kristine,,Reeves,,,1,D,1,Rep,HD-030B,40587794,171114,,Kristine_Reeves,278618,0
18524,"Mike Chapman",Mike,,Chapman,,,1,D,1,Rep,HD-024A,38441996,94646,,Mike_Chapman_(Washington),583277,0
18529,"Shelley Kloba",Shelley,,Kloba,,,1,D,1,Rep,HD-001B,40587756,160583,,Shelley_Kloba,583546,0
18531,"Nicole Macri",Nicole,,Macri,,,1,D,1,Rep,HD-043A,2644315,171054,,Nicole_Macri,584098,0
18534,"Vandana Slatter",Vandana,,Slatter,,,1,D,1,Rep,HD-048A,2995732,174177,,Vandana_Slatter,609361,0
18535,"Mike Steele",Mike,,Steele,,,2,R,1,Rep,HD-012B,40587807,170954,,Mike_Steele,583321,0
18538,"Rebecca Saldana",Rebecca,,Saldana,,,1,D,2,Sen,SD-037,2644493,176079,,Rebecca_Saldana,257523,0
19399,"Javier Valdez",Javier,,Valdez,,,1,D,2,Sen,SD-046,44273136,176532,,Javier_Valdez,628493,0
19455,"Manka Dhingra",Manka,,Dhingra,,,1,D,2,Sen,SD-045,26271768,176442,,Manka_Dhingra,645856,0
19463,"Carolyn Eslick",Carolyn,,Eslick,,,2,R,1,Rep,HD-039B,6600617,51339,,Carolyn_Eslick,637488,0
19513,"Keith Wagoner",Keith,,Wagoner,,,2,R,2,Sen,SD-039,36827664,177725,,Keith_Wagoner,650205,0
20596,"Joe Nguyen",Joe,,Nguyen,,,1,D,2,Sen,SD-034,45285238,183064,,Joe_Nguyen,666728,0
20599,"Jesse Salomon",Jesse,M.,Salomon,,,1,D,2,Sen,SD-032,2809077,65997,,Jesse_Salomon,666721,0
20600,"Claire Wilson",Claire,,Wilson,,,1,D,2,Sen,SD-030,22056792,183049,,Claire_Wilson,666720,0
20601,"Lisa Callan",Lisa,,Callan,,,1,D,1,Rep,HD-005B,45285282,182974,,Lisa_Callan,666774,0
20602,"Debra Entenman",Debra,,Entenman,,,1,D,1,Rep,HD-047A,3014637,183116,,Debra_Entenman,247984,0
20603,"Mari Leavitt",Mari,,Kruger-Leavitt,,,1,D,1,Rep,HD-028A,40587766,171109,,Mari_Leavitt,583282,0
20604,"Debra Lekanoff",Debra,,Lekanoff,,,1,D,1,Rep,HD-040A,45285333,183093,,Debra_Lekanoff,666931,0
20614,"Sharon Shewmake",Sharon,,Shewmake,,,1,D,2,Sen,SD-042,40337005,183101,,Sharon_Shewmake,666940,0
20619,"Skyler Rude",Skyler,,Rude,,,2,R,1,Rep,HD-016B,40587796,170980,,Skyler_Rude,539195,0
20620,"Lauren Davis",Lauren,,Davis,,,1,D,1,Rep,HD-032B,45285293,183059,,Lauren_Davis,667208,0
20629,"Amy Walen",Amy,,Walen,,,1,D,1,Rep,HD-048B,45285390,122354,,Amy_Walen,666779,0
20639,"Dave Paul",Dave,,Paul,,,1,D,1,Rep,HD-010B,45285357,182988,,Dave_Paul,323755,0
20641,"Jenny Graham",Virginia,C.,Graham,,Jenny,2,R,1,Rep,HD-006B,45285316,182978,,Jenny_Graham,666778,0
20686,"Matt Boehnke",Matt,,Boehnke,,,2,R,2,Sen,SD-008,42150984,174139,,Matt_Boehnke,666860,0
20687,"Chris Gildon",Chris,,Gildon,,,2,R,2,Sen,SD-025,45285311,183034,,Chris_Gildon,666893,0
20807,"My-Linh Thai",My-Linh,,Thai,,,1,D,1,Rep,HD-041B,45285382,183096,,My-Linh_Thai,414911,0
20870,"Chris Corry",Chris,,Corry,,,2,R,1,Rep,HD-014A,45285287,182997,,Chris_Corry,666869,0
20871,"Keith Goehner",Keith,,Goehner,,,2,R,1,Rep,HD-012A,45285313,94643,,Keith_Goehner,666861,0
20872,"Melanie Morgan",Melanie,,Morgan,,,1,D,1,Rep,HD-029A,45285347,183047,,Melanie_Morgan,666904,0
20911,"Jeremie Dufault",Jeremie,J.,Dufault,,,2,R,1,Rep,HD-015B,2757968,183004,,Jeremie_Dufault,666874,0
20994,"Bill Ramos",Bill,,Ramos,,,1,D,1,Rep,HD-005A,45285363,182973,,Bill_Ramos,666773,0
20995,"Alex Ybarra",Alex,,Ybarra,,,2,R,1,Rep,HD-013B,42669109,186024,,Alex_Ybarra,694833,0
21251,"Liz Lovelett",Liz,,Lovelett,,,1,D,2,Sen,SD-040,47145893,186185,,Liz_Lovelett,696541,0
21403,"Ron Muzzall",Ron,,Muzzall,,,2,R,2,Sen,SD-010,48691465,187523,,Ron_Muzzall,721053,0
21439,"Davina Duerr",Davina,,Duerr,,,1,D,1,Rep,HD-001A,36793061,174166,,Davina_Duerr,711186,0
21492,"Alex Ramel",Alex,,Ramel,,,1,D,1,Rep,HD-040B,44252058,183092,,Alex_Ramel,666928,0
22208,"Cyndy Jacobsen",Cyndy,,Jacobsen,,,2,R,1,Rep,HD-025B,49946358,192859,,Cyndy_Jacobsen,741432,0
22252,"Liz Berry",Liz,,Berry,,,1,D,1,Rep,HD-036B,49946376,192823,,Liz_Berry,741541,0
22253,"Mark Klicker",Mark,,Klicker,,,2,R,1,Rep,HD-016A,49946284,192874,,Mark_Klicker,741363,0
22255,"Perry Dozier",Perry,,Dozier,,,2,R,2,Sen,SD-016,49946425,116092,,Perry_Dozier,741193,0
22256,"Jessica Bateman",Jessica,,Bateman,,,1,D,1,Rep,HD-022B,48340416,174124,,Jessica_Bateman,539174,0
22257,"Tarra Simmons",Tarra,,Simmons,,,1,D,1,Rep,HD-023A,49946297,192865,,Tarra_Simmons,741415,0
22283,"Peter Abbarno",Peter,,Abbarno,,,2,R,1,Rep,HD-020A,49946291,192885,,Peter_Abbarno,741374,0
22284,"April Berg",April,,Berg,,,1,D,1,Rep,HD-044B,48668564,192790,,April_Berg,741605,0
22285,"David Hackney",David,,Hackney,,,1,D,1,Rep,HD-011A,49946277,192842,,David_Hackney,741262,0
22323,"T'wina Nobles",T'wina,,Nobles,,,1,D,2,Sen,SD-028,49946435,192771,,T'wina_Nobles,741208,0
22324,"Jeff Wilson",Jeff,,Wilson,,,2,R,2,Sen,SD-019,26266823,192763,,Jeff_Wilson_(Washington),741199,0
22370,"Dan Bronoske",Dan,,Bronoske,,,1,D,1,Rep,HD-028B,49946363,192851,,Dan_Bronoske,741450,0
22379,"Jamila Taylor",Jamila,,Taylor,,,1,D,1,Rep,HD-030A,48340552,192841,,Jamila_Taylor,741509,0
22380,"Rob Chase",Rob,,Chase,,,2,R,1,Rep,HD-004B,6545867,56270,,Rob_Chase,741240,0
22381,"Joel McEntire",Joel,,McEntire,,,2,R,1,Rep,HD-019B,45285339,183013,,Joel_McEntire,666880,0
22382,"Alicia Rule",Alicia,,Rule,,,1,D,1,Rep,HD-042A,49946317,192805,,Alicia_Rule,741590,0
23003,"Brandy Donaghy",Brandy,R.,Donaghy,,Johnny,1,D,1,Rep,HD-044A,0,201407,,Brandy_Donaghy,793650,0
23004,"Yasmin Trudeau",Yasmin,L.,Trudeau,,,1,D,2,Sen,SD-027,0,200579,,Yasmin_Trudeau,790560,0
23385,"Sharlett Mena",Sharlett,,Mena,,,1,D,1,Rep,HD-029B,55630547,192846,,Sharlett_Mena,396612,0
23750,"Joe Timmons",Joe,,Timmons,,,1,D,1,Rep,HD-042B,55630608,207460,,Joe_Timmons,385565,0
23810,"Chris Stearns",Chris,,Stearns,,,1,D,1,Rep,HD-047B,55630633,207476,,Chris_Stearns,601327,0
23811,"Emily Alvarado",Emily,,Alvarado,,,1,D,1,Rep,HD-034A,55630570,207428,,Emily_Alvarado,811421,0
23812,"Stephanie Barnard",Stephanie,,Barnard,,,2,R,1,Rep,HD-008A,55630481,207350,,Stephanie_Barnard,810606,0
23813,"April Connors",April,,Connors,,,2,R,1,Rep,HD-008B,55630484,207354,,April_Connors,810614,0
23814,"Travis Couture",Travis,,Couture,,,2,R,1,Rep,HD-035B,55630576,153134,,Travis_Couture,499051,0
23816,"Sam Low",Sam,,Low,,,2,R,1,Rep,HD-039A,55630596,187943,,Sam_Low,0,0
23817,"Stephanie McClintock",Stephanie,,McClintock,,,2,R,1,Rep,HD-018A,55630506,0,,Stephanie_McClintock,810816,0
23818,"Julia Reed",Julia,G.,Reed,,,1,D,1,Rep,HD-036A,55630580,207437,,Julia_Reed,445750,0
23820,"Suzanne Schmidt",Suzanne,,Schmidt,,,2,R,1,Rep,HD-004A,55630467,207341,,Suzanne_Schmidt,0,0
23821,"Chipalo Street",Chipalo,,Street,,,1,D,1,Rep,HD-037B,55630586,207444,,Chipalo_Street,811520,0
23822,"Nikki Torres",Nikki,,Torres,,,2,R,2,Sen,SD-015,55630496,207362,,Nikki_Torres,0,0
23823,"Kevin Waters",Kevin,,Waters,,,2,R,1,Rep,HD-017A,55630503,207370,,Kevin_Waters,810809,0
23824,"Darya Farivar",Darya,,Farivar,,,1,D,1,Rep,HD-046B,55630621,207469,,Darya_Farivar,811844,0
23829,"Mary Fosse",Mary,,Fosse,,,1,D,1,Rep,HD-038B,50605736,207451,,Mary_Fosse,765670,0
23830,"Clyde Shavers",Clyde,,Shavers,,,1,D,1,Rep,HD-010A,55630485,207355,,Clyde_Shavers,810664,0
23898,"Julio Cortes",Julio,,Cortes,,,1,D,1,Rep,HD-038A,55630589,207447,,Julio_Cortes,811526,0
24992,"Greg Nance",Greg,D.,Nance,,,1,D,1,Rep,HD-023B,0,212759,,Greg_Nance,0,0
25363,"Adam Bernbaum",Adam,,Bernbaum,,,1,D,1,Rep,HD-024A,59924596,217602,,Adam_Bernbaum,0,0
25508,"Edwin Obras",Edwin,,Obras,,,1,D,1,Rep,HD-033A,0,220689,,,0,0
25509,"Deborah Krishnadasan",Deborah,,Krishnadasan,,,1,D,2,Sen,SD-026,0,220690,,,0,0
26271,"Osman Salahuddin",Osman,,Salahuddin,,,1,D,1,Rep,HD-048A,0,220697,,,0,0
26286,"Hunter Abell",Hunter,,Abell,,,2,R,1,Rep,HD-007B,59924595,217538,,Hunter_Abell,0,0
26287,"Brian Burnett",Brian,,Burnett,,,2,R,1,Rep,HD-012A,59924645,217548,,Brian_Burnett_(Washington),0,0
26288,"Andrew Engell",Andrew,,Engell,,David,2,R,1,Rep,HD-007A,59924633,217535,,David_Engell,0,0
26289,"Natasha Hill",Natasha,,Hill,,,1,D,1,Rep,HD-003A,59924543,207317,,Natasha_Hill,790230,0
26290,"Victoria Hunt",Victoria,,Hunt,,,1,D,1,Rep,HD-005A,59924723,217530,,Victoria_Hunt,877229,0
26291,"Michael Keaton",Michael,,Keaton,,,2,R,1,Rep,HD-025A,59924545,217608,,Michael_Keaton,0,0
26292,"John Ley",John,,Ley,,,2,R,1,Rep,HD-018B,55630508,153072,,John_Ley,0,0
26293,"Deb Manjarrez",Deb,,Manjarrez,,,2,R,1,Rep,HD-014B,59924488,217579,,Deb_Manjarrez,0,0
26294,"Matt Marshall",Matt,,Marshall,,,2,R,1,Rep,HD-002B,49946347,192758,,Matt_Marshall,0,0
26295,"Gloria Mendoza",Gloria,,Mendoza,,,2,R,1,Rep,HD-014A,59924628,217576,,Gloria_Mendoza,0,0
26296,"Lisa Parshley",Lisa,,Parshley,,,1,D,1,Rep,HD-022B,59924674,217593,,Lisa_Parshley,0,0
26297,"Joshua Penner",Joshua,,Penner,,Josh,2,R,1,Rep,HD-031B,59924489,192748,,Josh_Penner,0,0
26298,"Adison Richards",Adison,,Richards,,,1,D,1,Rep,HD-026A,55630532,207394,,Adison_Richards,0,0
26299,"Shaun Scott",Shaun,,Scott,,,1,D,1,Rep,HD-043B,59924599,217641,,Shaun_Scott,877578,0
26300,"David Stuebe",David,,Stuebe,,,2,R,1,Rep,HD-017B,59924646,217585,,David_Stuebe,0,0
26301,"Adrian Cortes",Adrian,E.,Cortes,,,1,D,2,Sen,SD-018,59924546,140116,,Adrian_E._Cortes,0,0
26385,"Brianna Thomas",Brianna,,Thomas,,,1,D,1,Rep,HD-034A,0,0,,Brianna_Thomas,0,0
26386,"Janice Zahn",Janice,,Zahn,,,1,D,1,Rep,HD-041A,0,187940,,,0,0
