people_id,name,first_name,middle_name,last_name,suffix,nickname,party_id,party,role_id,role,district,followthemoney_eid,votesmart_id,opensecrets_id,ballotpedia,knowwho_pid,committee_id
562,"Matt Huffman",Matt,,Huffman,,,2,R,1,Rep,HD-078,4260244,58540,,Matt_Huffman,248880,0
578,"Scott Oelslager","W. Scott",,Oelslager,,Scott,2,R,1,Rep,HD-048,13004714,8024,,Scott_Oelslager,197830,0
581,"Thomas Patton",Thomas,F.,Patton,,Tom,2,R,2,Sen,HD-017,3443980,45206,,Thomas_Patton,214260,0
634,"Timothy Schaffer",Timothy,O.,Schaffer,,Tim,2,R,2,Sen,SD-020,2748082,45832,,Tim_Schaffer,206424,0
10994,"Andrew Brenner",Andrew,O.,Brenner,,,2,R,2,Sen,SD-019,2803225,120481,,Andrew_Brenner,292384,0
10995,"Michael Dovilla",Michael,D.,Dovilla,,Mike,2,R,1,Rep,HD-007,6687442,57115,,Mike_Dovilla,290312,0
11003,"Kristina Roegner",Kristina,D.,Roegner,,,2,R,2,Sen,SD-027,3007100,120539,,Kristina_Daley_Roegner,290324,0
11547,"Terry Johnson",Terry,A.,Johnson,,,2,R,2,Sen,SD-014,6687656,120608,,"Terry_Johnson,_Ohio_Politician",293510,0
11943,"Nickie Antonio",Nickie,J.,Antonio,,,1,D,2,Sen,SD-023,3053351,76941,,Nickie_Antonio,290309,0
11949,"Al Landis",Al,,Landis,,,2,R,2,Sen,SD-031,6687664,120624,,Al_Landis,292451,0
12036,"Gayle Manning",Gayle,L.,Manning,,,2,R,1,Rep,HD-052,13013154,120459,,Gayle_L._Manning,292372,0
13938,"Bob Peterson",Robert,A.,Peterson,,Bob,2,R,1,Rep,HD-091,2685209,95755,,Bob_Peterson_(Ohio),292439,0
14653,"Louis Blessing",Louis,W.,Blessing,III,,2,R,2,Sen,SD-008,10238815,136568,,"Louis_W._Blessing,_III",458728,0
14663,"Mark Romanchuk",Mark,J.,Romanchuk,,,2,R,2,Sen,SD-022,10238798,135742,,Mark_Romanchuk,394955,0
16967,"Bill Reineke",William,F.,Reineke,Jr.,Bill,2,R,2,Sen,SD-026,17937996,150639,,Bill_Reineke,497238,0
16972,"Hearcel Craig",Hearcel,F.,Craig,,,1,D,2,Sen,SD-015,23442111,75244,,Hearcel_Craig,497166,0
16977,"Kent Smith",Kent,,Smith,,,1,D,2,Sen,SD-021,3400315,45641,,Kent_Smith,486280,0
16978,"Kyle Koehler",Kyle,,Koehler,,,2,R,2,Sen,SD-010,18906040,150597,,Kyle_Koehler,486524,0
16982,"Nathan Manning",Nathan,H.,Manning,,,2,R,2,Sen,SD-013,23442142,150617,,Nathan_Manning,497199,0
16984,"Robert McColley",Robert,,McColley,,,2,R,2,Sen,SD-001,22119779,150620,,Robert_McColley,486542,0
16989,"Stephen Huffman",Stephen,A.,Huffman,,,2,R,2,Sen,SD-005,2804924,150587,,Stephen_Huffman,497227,0
16994,"Cecil Thomas",Cecil,,Thomas,,,1,D,1,Rep,HD-025,2845298,75054,,Cecil_Thomas,486602,0
17973,"Theresa Gavarone",Theresa,,Gavarone,,,2,R,2,Sen,SD-002,42430827,160587,,Theresa_Gavarone,592358,0
19076,"Catherine Ingram",Catherine,D.,Ingram,,,1,D,2,Sen,SD-009,23442251,149857,,Catherine_Ingram,486376,0
19140,"Steve Wilson",Steve,,Wilson,,,2,R,2,Sen,SD-007,43466576,176515,,Steven_Wilson,614811,0
19413,"George Lang",George,F.,Lang,,,2,R,2,Sen,SD-004,14925689,78001,,George_Lang,636633,0
19550,"James Hoops",James,M.,Hoops,,,2,R,1,Rep,HD-081,3389117,23423,,James_Hoops,197918,0
19551,"Riordan McClain",Riordan,T.,McClain,,,2,R,1,Rep,HD-087,44259677,179158,,Riordan_McClain,651762,0
19660,"Shane Wilkin",Shane,,Wilkin,,,2,R,2,Sen,SD-017,39404742,111903,,Shane_Wilkin,657104,0
19689,"Bride Sweeney",Bride,Rose,Sweeney,,,1,D,1,Rep,HD-016,44423070,179029,,Bride_Rose_Sweeney,656663,0
20307,"Allison Russo",Allison,,Russo,,,1,D,1,Rep,HD-007,44423096,179048,,Allison_Russo,656742,0
20308,"Beth Liston",Beth,,Liston,,,1,D,2,Sen,SD-016,34978723,179042,,Beth_Liston,656683,0
20309,"Bill Roemer",Bill,,Roemer,,,2,R,1,Rep,HD-031,2604403,134327,,Bill_Roemer,656803,0
20312,"Casey Weinstein",Casey,,Weinstein,,,1,D,2,Sen,SD-028,8972949,175731,,Casey_Weinstein,597372,0
20313,"Don Jones",Don,,Jones,,,2,R,1,Rep,HD-095,44423289,179171,,Don_Jones_(Ohio),657115,0
20316,"Jamie Callender",Jamie,,Callender,,,2,R,1,Rep,HD-057,13004770,10051,,Jamie_Callender,197903,0
20320,"Joseph Miller",Joseph,A.,Miller,III,Joe,1,D,1,Rep,HD-053,44423179,179103,,Joe_Miller_(Ohio_House_District_56),568706,0
20322,"Juanita Brent",Juanita,O.,Brent,,,1,D,1,Rep,HD-018,24997539,179026,,Juanita_Brent,656631,0
20325,"Paula Hicks-Hudson",Paula,,Hicks-Hudson,,,1,D,2,Sen,SD-011,3153002,134208,,Paula_Hicks-Hudson,656828,0
20326,"Phil Plummer",Phil,,Plummer,,,2,R,1,Rep,HD-039,44423138,179076,,Phil_Plummer,656812,0
20327,"Phillip Robinson",Phil,M.,Robinson,Jr.,Phil,1,D,1,Rep,HD-019,37970334,167023,,Phil_Robinson,568703,0
20331,"Sedrick Denson",Sedrick,,Denson,,,1,D,1,Rep,HD-026,24587366,179063,,Sedrick_Denson,656773,0
20332,"Susan Manchester",Susan,,Manchester,,,2,R,2,Sen,SD-012,44423255,179149,,Susan_Manchester,361388,0
20333,"Terrence Upchurch",Terrence,,Upchurch,,,1,D,1,Rep,HD-020,44423056,179023,,Terrence_Upchurch,656623,0
20334,"Tracy Richardson",Tracy,M.,Richardson,,,2,R,1,Rep,HD-086,2599629,179156,,Tracy_Richardson,657081,0
21168,"Adam Holmes",Adam,,Holmes,,,2,R,1,Rep,HD-097,47141673,186245,,Adam_Holmes,696278,0
21345,"Haraz Ghanbari",Haraz,N.,Ghanbari,,,2,R,1,Rep,HD-075,48808916,186374,,Haraz_Ghanbari,701430,0
21367,"Jeff LaRe",Jeff,,LaRe,,,2,R,1,Rep,HD-073,48684750,186499,,Jeff_LaRe,709305,0
21384,"D. J. Swearingen",Douglas,J.,Swearingen,Jr.,"D. J.",2,R,1,Rep,HD-089,48684751,186866,,D.J._Swearingen,713760,0
21389,"Cindy Abrams",Cindy,,Abrams,,,2,R,1,Rep,HD-029,47678541,187372,,Cindy_Abrams,720595,0
21390,"Jason Stephens",Jason,,Stephens,,,2,R,1,Rep,HD-093,2938668,95855,,Jason_Stephens_(Ohio),720319,0
21650,"Alessandro Cutrona",Alessandro,,Cutrona,,Al,2,R,2,Sen,SD-033,46668993,192226,,Alessandro_Cutrona,743594,0
22630,"Jerry Cirino",Jerry,C.,Cirino,,,2,R,2,Sen,SD-018,15376897,189392,,Jerry_Cirino,729709,0
22760,"Sandra O'Brien",Sandra,,O'Brien,,,2,R,2,Sen,SD-032,6642406,45864,,Sandra_O'Brien_(Ohio),486259,0
22770,"Gary Click",Gary,N.,Click,,,2,R,1,Rep,HD-088,25002859,189500,,Gary_Click,729966,0
22771,"Rodney Creech",Rodney,,Creech,,,2,R,1,Rep,HD-040,16065548,161959,,Rodney_Creech,730003,0
22772,"Sarah Fowler Arthur",Sarah,,"Fowler Arthur",,,2,R,1,Rep,HD-099,16072638,155716,,Sarah_Fowler,632851,0
22773,"Jennifer Gross",Jennifer,L.,Gross,,,2,R,1,Rep,HD-045,27966956,189460,,Jennifer_Gross,729834,0
22774,"Thomas Hall",Thomas,,Hall,,,2,R,1,Rep,HD-046,48808984,189462,,Thomas_Hall,406712,0
22775,"Dontavius Jarrells",Dontavius,L.,Jarrells,,,1,D,1,Rep,HD-001,26431466,166992,,Dontavius_Jarrells,568715,0
22776,"Mark Johnson",Mark,,Johnson,,,2,R,1,Rep,HD-092,14913210,189503,,Mark_Johnson_(Ohio),658288,0
22777,"Brian Lampton",Brian,E.,Lampton,,,2,R,1,Rep,HD-070,2980957,102740,,Brian_Lampton,486511,0
22780,"Sharon Ray",Sharon,A.,Ray,,,2,R,1,Rep,HD-066,2701112,94663,,Sharon_Ray,729900,0
22781,"Jean Schmidt",Jean,,Schmidt,,,2,R,1,Rep,HD-062,3454721,45475,,Jean_Schmidt_(Ohio),206504,0
22783,"Brian Stewart",Brian,,Stewart,,,2,R,1,Rep,HD-012,48809018,161938,,Brian_Stewart_(Ohio),729943,0
22784,"Daniel Troy",Daniel,P.,Troy,,Dan,1,D,1,Rep,HD-023,6438829,8405,,Dan_Troy,395818,0
22785,"Andrea White",Andrea,,White,,,2,R,1,Rep,HD-036,15334437,189450,,Andrea_White,730002,0
22786,"Tom Young",Thomas,J.,Young,,Tom,2,R,1,Rep,HD-037,13004657,189452,,Tom_Young_(Ohio),730008,0
22788,"Willis Blackshear",Willis,E.,Blackshear,Jr.,,1,D,2,Sen,SD-006,48808968,189447,,Willis_Blackshear_Jr.,729991,0
22803,"Ron Ferguson",Ron,,Ferguson,,,2,R,1,Rep,HD-096,23442194,150567,,Ron_Ferguson,497245,0
22871,"Adam Bird",Adam,C.,Bird,,,2,R,1,Rep,HD-063,48809001,189482,,Adam_Bird,729888,0
22872,"Marilyn John",Marilyn,S.,John,,,2,R,1,Rep,HD-076,37049242,161969,,Marilyn_John,729820,0
22941,"Kevin Miller",Kevin,D.,Miller,,,2,R,1,Rep,HD-069,45141897,197120,,Kevin_Miller_(Ohio),780054,0
22958,"Latyna Humphrey",Latyna,M.,Humphrey,,,1,D,1,Rep,HD-002,0,200127,,Latyna_Humphrey,788122,0
23183,"Elgin Rogers",Elgin,,Rogers,Jr.,,1,D,1,Rep,HD-042,55796789,0,,Elgin_Rogers_Jr.,0,0
24454,"Munira Abdullahi",Munira,Yasin,Abdullahi,,,1,D,1,Rep,HD-009,55796699,209687,,Munira_Abdullahi,0,0
24455,"Rachel Baker",Rachel,B.,Baker,,,1,D,1,Rep,HD-027,55796702,209728,,Rachel_Baker,0,0
24456,"Tim Barhorst",Tim,,Barhorst,,,2,R,1,Rep,HD-085,55796704,179039,,Tim_Barhorst,0,0
24457,"Sean Brennan",Sean,P.,Brennan,,,1,D,1,Rep,HD-014,14937497,77347,,Sean_Brennan,0,0
24458,"Darnell Brewer",Darnell,T.,Brewer,,,1,D,1,Rep,HD-022,55796713,209703,,Darnell_Brewer,0,0
24459,"Thaddeus Claggett",Thaddeus,J.,Claggett,,Thad,2,R,1,Rep,HD-068,2797860,189487,,Thaddeus_Claggett,0,0
24461,"Steve Demetriou",Steve,,Demetriou,,,2,R,1,Rep,HD-035,55796722,209747,,Steve_Demetriou,0,0
24464,"Michele Grim",Michele,,Grim,,,1,D,1,Rep,HD-043,55796739,209757,,Michele_Grim,0,0
24465,"Dani Isaacsohn",Dani,,Isaacsohn,,,1,D,1,Rep,HD-024,55438329,209721,,Dani_Isaacsohn,0,0
24466,"Angela King",Angela,N.,King,,,2,R,1,Rep,HD-084,49629979,209696,,Angela_King,0,0
24467,"Roy Klopfenstein",Roy,W.,Klopfenstein,,,2,R,1,Rep,HD-082,24584556,161926,,Roy_Klopfenstein,0,0
24468,"Beth Lear",Beth,,Lear,,,2,R,1,Rep,HD-061,2803623,120482,,Beth_Lear,0,0
24469,"Adam Mathews",Adam,,Mathews,,,2,R,1,Rep,HD-056,54957999,209763,,Adam_Mathews,0,0
24470,"Lauren McNally",Lauren,R.,McNally,,,1,D,1,Rep,HD-058,55796765,174636,,Lauren_McNally,0,0
24471,"Melanie Miller",Melanie,,Miller,,,2,R,1,Rep,HD-067,16068607,209738,,Melanie_Miller,0,0
24472,"Ismail Mohamed",Ismail,,Mohamed,,,1,D,1,Rep,HD-003,55796769,179050,,Ismail_Mohamed,0,0
24473,"Monica Robb Blasdel",Monica,,"Robb Blasdel",,,2,R,1,Rep,HD-079,55796787,209711,,Monica_Robb_Blasdel,0,0
24474,"Nick Santucci",Nick,,Santucci,,,2,R,1,Rep,HD-064,44734035,209743,,Nick_Santucci,0,0
24475,"Anita Somani",Anita,,Somani,,,1,D,1,Rep,HD-008,42417397,210315,,Anita_Somani,0,0
24476,"Jim Thomas",Jim,,Thomas,,,2,R,1,Rep,HD-049,44443640,209777,,Jim_Thomas,0,0
24477,"Josh Williams",Josh,,Williams,,,2,R,1,Rep,HD-044,55796808,209755,,Josh_Williams,813846,0
24478,"Bernard Willis",Bernard,,Willis,,,2,R,1,Rep,HD-074,49631851,209726,,Bernard_Willis,0,0
24479,"Michele Reynolds",Michele,,Reynolds,,,2,R,2,Sen,SD-003,49636009,209658,,Michele_Reynolds,0,0
24480,"William DeMora",William,P.,DeMora,,Bill,1,D,2,Sen,SD-025,2892961,23376,,William_DeMora,0,0
24940,"Brian Lorenz",Brian,,Lorenz,,,2,R,1,Rep,HD-060,44423209,0,,Brian_Lorenz,0,0
24941,"Justin Pizzulli",Justin,,Pizzulli,,,2,R,1,Rep,HD-090,44423277,0,,Justin_Pizzulli,0,0
24993,"Brian Chavez",Brian,M.,Chavez,,,2,R,2,Sen,SD-030,59515510,0,,,0,0
25029,"Beryl Piccolantonio",Beryl,,Piccolantonio,,,1,D,1,Rep,HD-004,59515553,213951,,,0,0
25136,"Veronica Sims",Veronica,R.,Sims,,,1,D,1,Rep,HD-033,2614226,174406,,Veronica_Sims,0,0
25196,"Jack Daniels",Jack,K.,Daniels,,,2,R,1,Rep,HD-032,59515426,214012,,Jack_K._Daniels_(Ohio),0,0
25208,"Tex Fischer",Tex,,Fischer,,,2,R,1,Rep,HD-059,0,0,,Tex_Fischer,0,0
26107,"Karen Brownlee",Karen,,Brownlee,,,1,D,1,Rep,HD-028,60738791,218860,,Karen_Brownlee,0,0
26108,"Christine Cockley",Christine,,Cockley,,,1,D,1,Rep,HD-006,59515452,213957,,Christine_Cockley,0,0
26109,"Meredith Craig",Meredith,,Craig,,,2,R,1,Rep,HD-077,59515537,214064,,Meredith_Craig,0,0
26110,"Levi Dean",Levi,,Dean,,,2,R,1,Rep,HD-071,59515415,214400,,Levi_Dean,864656,0
26111,"Kellie Deeter",Kellie,,Deeter,,,2,R,1,Rep,HD-054,59515496,213991,,Kellie_Deeter,0,0
26112,"Derrick Hall",Derrick,,Hall,,,1,D,1,Rep,HD-034,59515508,135780,,Derrick_Hall,0,0
26113,"Mark Hiner",Mark,,Hiner,,,2,R,1,Rep,HD-098,59515466,214032,,Mark_Hiner,0,0
26114,"Matthew Kishman",Matthew,,Kishman,,,2,R,1,Rep,HD-050,59515525,214047,,Matthew_Kishman,0,0
26115,"Meredith Lawson-Rowe",Meredith,R.,Lawson-Rowe,,,1,D,1,Rep,HD-005,59515502,213953,,Meredith_Lawson-Rowe,0,0
26116,"Crystal Lett",Crystal,,Lett,,,1,D,1,Rep,HD-011,59515457,189384,,Crystal_Lett,0,0
26117,"Ty Mathews",Ty,D.,Mathews,,,2,R,1,Rep,HD-083,59724940,214392,,Ty_Mathews,0,0
26118,"Diane Mullins",Diane,,Mullins,,,2,R,1,Rep,HD-047,48808985,189461,,Diane_Mullins,0,0
26119,"Johnathan Newman",Johnathan,,Newman,,,2,R,1,Rep,HD-080,59515536,214038,,Johnathan_Newman,0,0
26120,"Mike Odioso",Mike,,Odioso,,,2,R,1,Rep,HD-030,59724921,213980,,Mike_Odioso,0,0
26121,"Tristan Rader",Tristan,,Rader,,,1,D,1,Rep,HD-013,59515561,206968,,Tristan_Rader,0,0
26122,"Kevin Ritter",Kevin,,Ritter,,,2,R,1,Rep,HD-094,59515505,214397,,Kevin_Ritter,0,0
26123,"Jodi Salvo",Jodi,,Salvo,,,2,R,1,Rep,HD-051,59515401,214050,,Jodi_Salvo,0,0
26124,"Mark Sigrist",Mark,,Sigrist,,,1,D,1,Rep,HD-010,59515448,213962,,Mark_Sigrist,0,0
26125,"Eric Synenberg",Eric,,Synenberg,,,1,D,1,Rep,HD-021,59515478,213936,,Eric_Synenberg,0,0
26126,"Michelle Teska",Michelle,,Teska,,,2,R,1,Rep,HD-055,59515567,214059,,Michelle_Teska,0,0
26127,"David Thomas",David,,Thomas,,,2,R,1,Rep,HD-065,59724926,214054,,David_Thomas_(Ohio),0,0
26128,"Desiree Tims",Desiree,,Tims,,,1,D,1,Rep,HD-038,59515563,189073,,Desiree_Tims,0,0
26129,"Erika White",Erika,,White,,,1,D,1,Rep,HD-041,59515425,209756,,Erika_White,0,0
26130,"Heidi Workman",Heidi,,Workman,,,2,R,1,Rep,HD-072,59515400,214385,,Heidi_Workman,0,0
26140,"Chris Glassburn",Chris,,Glassburn,,,1,D,1,Rep,HD-015,59515403,45850,,Chris_Glassburn,0,0
26397,"Jane Timken",Jane,M.,Timken,,,2,R,2,Sen,SD-029,0,201793,,Jane_Timken,0,0
26485,"Ty Moore",Ty,,Moore,,,2,R,1,Rep,HD-095,0,0,,,0,0
