people_id,name,first_name,middle_name,last_name,suffix,nickname,party_id,party,role_id,role,district,followthemoney_eid,votesmart_id,opensecrets_id,ballotpedia,knowwho_pid,committee_id
8476,Education,,,,,,0,,1,Rep,,0,0,,,0,1573
8477,"Health and Human Services",,,,,,0,,1,Rep,,0,0,,,0,1576
8478,"Ways and Means",,,,,,0,,1,Rep,,0,0,,,0,1581
8480,"Commerce and Labor",,,,,,0,,1,Rep,,0,0,,,0,1570
8484,Judiciary,,,,,,0,,1,Rep,,0,0,,,0,1577
8486,"Government Affairs",,,,,,0,,1,Rep,,0,0,,,0,1575
8496,"Marilyn Dondero Loop",Marilyn,,"Dondero Loop",,,1,D,2,Sen,SD-008,6491157,106888,,Marilyn_Dondero_Loop,407374,0
8500,"James Ohrenschall",James,,Ohrenschall,,,1,D,2,Sen,SD-021,6476751,66853,,James_Ohrenschall,249423,0
8518,"Pete Goicoechea",Pete,,Goicoechea,,,2,R,2,Sen,SD-019,6596444,43974,,Peter_Goicoechea,211801,0
8539,Finance,,,,,,0,,2,Sen,,0,0,,,0,1585
8543,"Legislative Operations and Elections",,,,,,0,,2,Sen,,0,0,,,0,1589
8545,Judiciary,,,,,,0,,2,Sen,,0,0,,,0,1588
8548,"Commerce and Labor",,,,,,0,,2,Sen,,0,0,,,0,1582
8554,"Government Affairs",,,,,,0,,2,Sen,,0,0,,,0,1586
8555,"Natural Resources",,,,,,0,,2,Sen,,0,0,,,0,1590
12182,"Health and Human Services",,,,,,0,,2,Sen,,0,0,,,0,2068
12183,Education,,,,,,0,,2,Sen,,0,0,,,0,2067
12184,"Legislative Operations and Elections",,,,,,0,,1,Rep,,0,0,,,0,2103
12199,"John Ellison",John,,Ellison,,,2,R,2,Sen,SD-019,13009106,90566,,John_Ellison,294536,0
12200,"Ira Hansen",Ira,,Hansen,,,2,R,2,Sen,SD-014,6686502,121908,,Ira_Hansen,292353,0
12203,"Richard Daly",Richard,,Daly,,Skip,1,D,2,Sen,SD-013,6508393,121904,,Skip_Daly,310124,0
12213,"Dina Neal",Dina,,Neal,,,1,D,2,Sen,SD-004,13009010,121828,,Dina_Neal,309643,0
15869,"Lesley Cohen",Lesley,E.,Cohen,,,1,D,1,Rep,HD-029,9714575,144671,,Lesley_Cohen,446921,0
15881,"Patricia Spearman",Patricia,,Spearman,,Pat,1,D,2,Sen,SD-001,13789978,137684,,Patricia_Spearman,407281,0
17444,"Robin Titus",Robin,L.,Titus,,,2,R,2,Sen,SD-017,9686236,151015,,Robin_Titus,285979,0
17446,"Jill Dickman",Jill,,Dickman,,,2,R,1,Rep,HD-031,23594371,152682,,Jill_Dickman,490323,0
17518,"Edgar Flores",Edgar,,Flores,,,1,D,2,Sen,SD-002,23594326,152832,,Edgar_Flores,491441,0
17522,"Philip O'Neill",Philip,,O'Neill,,"P. K.",2,R,1,Rep,HD-040,23594352,151021,,Philip_O%27Neill,490331,0
19220,"Nicole Cannizzaro",Nicole,,Cannizzaro,,,1,D,2,Sen,SD-006,39827448,169489,,Nicole_Cannizzaro,574111,0
19221,"Shannon Bilbray-Axelrod",Shannon,,Bilbray-Axelrod,,,1,D,1,Rep,HD-034,39827435,169567,,Shannon_Bilbray-Axelrod,279961,0
19224,"Sandra Jauregui",Sandra,,Jauregui,,,1,D,1,Rep,HD-041,39827532,169582,,Sandra_Jauregui,338681,0
19226,"Lisa Krasner",Lisa,,Krasner,,,2,R,2,Sen,SD-016,23594320,155017,,Lisa_Krasner,490319,0
19229,"Brittney Miller",Brittney,,Miller,,,1,D,1,Rep,HD-005,39827574,169513,,Brittney_Miller,574124,0
19230,"Daniele Monroe-Moreno",Daniele,,Monroe-Moreno,,,1,D,1,Rep,HD-001,24821003,169498,,Daniele_Monroe-Moreno,574116,0
19233,"Steve Yeager",Steve,,Yeager,,,1,D,1,Rep,HD-009,20540066,152786,,Steve_Yeager,490284,0
19691,"Growth and Infrastructure",,,,,,0,,2,Sen,,0,0,,,0,3774
19695,"Growth and Infrastructure",,,,,,0,,1,Rep,,0,0,,,0,3775
19696,"Revenue and Economic Development",,,,,,0,,2,Sen,,0,0,,,0,3776
21171,"Dallas Harris",Dallas,,Harris,,,1,D,2,Sen,SD-011,47065007,186124,,Dallas_Harris,689868,0
21172,"Melanie Scheible",Melanie,Lyn,Scheible,,,1,D,2,Sen,SD-009,45285521,180937,,Melanie_Scheible,669433,0
21174,"Shea Backus",Shea,,Backus,,,1,D,1,Rep,HD-037,45285418,181004,,Shea_Backus,669450,0
21175,"Bea Duran",Beatrice,,Duran,,Bea,1,D,1,Rep,HD-011,49742581,186121,,Beatrice_Duran,693563,0
21176,"Michelle Gorelow",Michelle,Suzanne,Gorelow,,,1,D,1,Rep,HD-035,6508308,121851,,Michelle_Gorelow,659373,0
21177,"Gregory Hafen",Gregory,T.,Hafen,II,,2,R,1,Rep,HD-036,40612305,186122,,Gregory_Hafen,693559,0
21178,"Alexis Hansen",Alexis,M.,Hansen,,,2,R,1,Rep,HD-032,44890960,180994,,Alexis_Hansen,659230,0
21179,"Melissa Hardy",Melissa,,Hardy,,,2,R,1,Rep,HD-022,45285463,180981,,Melissa_Hardy,659362,0
21183,"Sarah Peters",Sarah,Crystin,Peters,,,1,D,1,Rep,HD-024,45285511,180988,,Sarah_Peters,659235,0
21185,"Selena Torres-Fossett",Selena,Elizabeth,Torres-Fossett,,,1,D,1,Rep,HD-003,45285543,180952,,Selena_Torres,659267,0
21186,"Howard Watts",Howard,,Watts,III,,1,D,1,Rep,HD-015,45285551,180976,,Howard_Watts_III,659350,0
21252,"Rochelle Nguyen",Rochelle,T.,Nguyen,,,1,D,2,Sen,SD-003,47065008,186123,,Rochelle_Nguyen,693565,0
21681,Revenue,,,,,,0,,1,Rep,,0,0,,,0,4287
21682,"Natural Resources",,,,,,0,,1,Rep,,0,0,,,0,4288
22753,"Carrie Ann Buck","Carrie Ann",,Buck,,,2,R,2,Sen,SD-005,39827444,169487,,Carrie_Buck_(Nevada),574109,0
22754,"Roberta Lange",Roberta,Ann,Lange,,,1,D,2,Sen,SD-007,9685811,191084,,Roberta_Lange,735843,0
22756,"Cecelia Gonzalez",Cecelia,,Gonzalez,,,1,D,1,Rep,HD-016,49742594,191131,,Cecelia_González,735962,0
22757,"Natha Anderson",Natha,C.,Anderson,,,1,D,1,Rep,HD-030,49742670,191357,,Natha_Anderson,735970,0
22758,"David Orentlicher",David,,Orentlicher,,,1,D,1,Rep,HD-020,13000434,33994,,David_Orentlicher_(Nevada),212320,0
22769,"Heidi Kasama",Heidi,W.,Kasama,,,2,R,1,Rep,HD-002,18780959,191090,,Heidi_Kasama,735895,0
22798,"Venicia Considine",Venicia,,Considine,,,1,D,1,Rep,HD-018,13009055,107008,,Venicia_Considine,735974,0
22828,"Tracy Brown-May",Tracy,,Brown-May,,,1,D,1,Rep,HD-042,54282903,195813,,Tracy_Brown-May,766387,0
22829,"Elaine Marzola",Elaine,,Marzola,,,1,D,1,Rep,HD-021,49742613,191161,,Elaine_Marzola,735991,0
22830,"Cameron Miller",Cameron,,Miller,,"C H",1,D,1,Rep,HD-007,49742570,191103,,Cameron_Miller,735928,0
22831,"Shondra Summers-Armstrong",Shondra,,Summers-Armstrong,,,1,D,1,Rep,HD-006,49742567,191102,,Shondra_Summers-Armstrong,735927,0
22832,"Clara Thomas",Clara,,Thomas,,Claire,1,D,1,Rep,HD-017,49742598,191136,,Clara_Thomas,735973,0
22839,"Fabian Donate",Fabian,,Donate,,,1,D,2,Sen,SD-010,54282902,195789,,Fabian_Donate,766386,0
24694,"Rich DeLong",Richard,,DeLong,,Rich,2,R,1,Rep,HD-026,55496532,204244,,Rich_DeLong,658276,0
24695,"Reuben D'Silva",Reuben,,D'Silva,,,1,D,1,Rep,HD-028,55496540,169437,,Reuben_D'Silva,575203,0
24696,"Danielle Gallant",Danielle,,Gallant,,,2,R,1,Rep,HD-023,45011178,204208,,Danielle_Gallant,806785,0
24697,"Ken Gray",Ken,,Gray,,,2,R,1,Rep,HD-039,9697333,187391,,Ken_Gray_(Nevada),385780,0
24698,"Bert Gurr",Bert,,Gurr,,,2,R,1,Rep,HD-033,55496548,204095,,Bert_Gurr,806881,0
24699,"Brian Hibbetts",Brian,,Hibbetts,,,2,R,1,Rep,HD-013,40349486,204187,,Brian_Hibbetts,806640,0
24700,"Gregory Koenig",Gregory,S.,Koenig,,,2,R,1,Rep,HD-038,55496564,204098,,Gregory_Koenig,806927,0
24701,"Selena La Rue Hatch",Selena,,"La Rue Hatch",,,1,D,1,Rep,HD-025,55496530,204239,,Selena_La_Rue_Hatch,806817,0
24702,"Erica Mosca",Erica,,Mosca,,,1,D,1,Rep,HD-014,55496489,169547,,Erica_Mosca,574133,0
24703,"Duy Nguyen",Duy,,Nguyen,,,1,D,1,Rep,HD-008,55496451,204172,,Duy_Nguyen_(Nevada),806485,0
24704,"Jeff Stone",Jeff,,Stone,,,2,R,2,Sen,SD-020,52680782,204154,,Jeff_Stone_(Nevada),807116,0
24705,"Thaddeus Yurek",Thaddeus,,Yurek,,Toby,2,R,1,Rep,HD-019,55496511,204202,,Thaddeus_Yurek,806707,0
24823,"Max Carter",Max,,Carter,II,,1,D,1,Rep,HD-012,55496475,204180,,Max_Carter_II,806534,0
24824,"Julie Pazina",Julie,Ann,Pazina,,,1,D,2,Sen,SD-012,55496471,180946,,Julie_Pazina,659253,0
24825,AngelaTaylor,Angela,,Taylor,,Angie,1,D,2,Sen,SD-015,55496537,121893,,Angie_Taylor,310104,0
24874,"Sabra Newby",Sabra,,Newby,,,1,D,1,Rep,HD-010,0,211338,,Sabra_Newby,0,0
25733,"Lisa Cole",Lisa,K.,Cole,,,2,R,1,Rep,HD-004,59832327,215876,,Lisa_Cole_(Nevada),0,0
25734,"Joe Dalia",Joe,,Dalia,,,1,D,1,Rep,HD-029,59832387,204215,,Joe_Dalia,0,0
25735,"Rebecca Edgeworth",Rebecca,,Edgeworth,,,2,R,1,Rep,HD-035,59832318,215873,,Rebecca_Edgeworth,0,0
25736,"Tanya Flanagan",Tanya,P.,Flanagan,,,1,D,1,Rep,HD-007,59832264,215897,,Tanya_Flanagan,0,0
25737,"Heather Goulding",Heather,,Goulding,,,1,D,1,Rep,HD-027,59832379,215861,,Heather_Goulding,0,0
25738,"Linda Hunt",Linda,F.,Hunt,,,1,D,1,Rep,HD-017,59832353,215853,,Linda_Hunt_(Nevada),0,0
25739,"Jovan Jackson",Jovan,A.,Jackson,,,1,D,1,Rep,HD-006,59832282,215893,,Jovan_Jackson,0,0
25740,"Venise Karris",Venise,,Karris,,,1,D,1,Rep,HD-010,59832317,215840,,Venise_Karris,0,0
25741,"Cinthia Zermeno Moore",Cinthia,,"Zermeno Moore",,,1,D,1,Rep,HD-011,59832306,180969,,Cinthia_Moore,0,0
25742,"Hanadi Nadeem",Hanadi,,Nadeem,,,1,D,1,Rep,HD-034,59832322,215870,,Hanadi_Nadeem,0,0
25743,"Erica Roth",Erica,P.,Roth,,,1,D,1,Rep,HD-024,59832384,215856,,Erica_Roth,0,0
25744,"Michelee Cruz-Crawford",Michelee,,Cruz-Crawford,,Shelly,1,D,2,Sen,SD-001,59832348,215905,,Michelee_Crawford,0,0
25745,"Lori Rogich",Lori,,Rogich,,,2,R,2,Sen,SD-011,59832338,215911,,Lori_Rogich,0,0
25746,"John Steinbeck",John,C.,Steinbeck,,,2,R,2,Sen,SD-018,59832375,215917,,John_Steinbeck,0,0
