people_id,name,first_name,middle_name,last_name,suffix,nickname,party_id,party,role_id,role,district,followthemoney_eid,votesmart_id,opensecrets_id,ballotpedia,knowwho_pid,committee_id
8629,Appropriations,,,,,,0,,3,Jnt,,0,0,,,0,1628
8630,"Agriculture, State and Public Lands and Water Resources",,,,,,0,,3,Jnt,,0,0,,,0,1631
8631,"Corporations, Elections and Political Subdivisions",,,,,,0,,3,Jnt,,0,0,,,0,1633
8633,Judiciary,,,,,,0,,3,Jnt,,0,0,,,0,1627
8634,"Travel, Recreation, Wildlife and Cultural Resources",,,,,,0,,3,Jnt,,0,0,,,0,1632
8641,"Bill Landen",Bill,,Landen,,,2,R,2,Sen,SD-027,13013970,93366,,Bill_Landen,257972,0
8663,"Charles Scott",Charles,K.,Scott,,,2,R,2,Sen,SD-030,6651901,2756,,Charles_Scott_(Wyoming),200162,0
8669,"Labor, Health and Social Services",,,,,,0,,3,Jnt,,0,0,,,0,1636
8670,"Transportation, Highways and Military Affairs",,,,,,0,,3,Jnt,,0,0,,,0,1634
8675,"Cale Case",Cale,,Case,,,2,R,2,Sen,SD-025,10157227,2744,,Cale_Case,200156,0
8678,Revenue,,,,,,0,,3,Jnt,,0,0,,,0,1629
8679,"Dan Dockstader",Dan,,Dockstader,,,2,R,2,Sen,SD-016,6670712,66202,,Dan_Dockstader,249671,0
8692,Education,,,,,,0,,3,Jnt,,0,0,,,0,1630
8693,"Minerals, Business and Economic Development",,,,,,0,,3,Jnt,,0,0,,,0,1635
8702,"Select Water",,,,,,0,,3,Jnt,,0,0,,,0,1643
8706,"Select School Facilities",,,,,,0,,3,Jnt,,0,0,,,0,1641
8713,"Bob Nicholas",Bob,,Nicholas,,,2,R,1,Rep,HD-007,6676525,106111,,Bob_Nicholas,296401,0
8720,"Management Council",,,,,,0,,3,Jnt,,0,0,,,0,1639
8725,"Steve Harshman",Steve,,Harshman,,,2,R,1,Rep,HD-037,6606075,52736,,Steve_Harshman,214299,0
10600,"Larry Hicks",Larry,,Hicks,,,2,R,2,Sen,SD-011,13013950,52685,,Larry_S._Hicks_(Wyoming),296387,0
10602,"Chris Rothfuss",Chris,,Rothfuss,,,1,D,2,Sen,SD-009,6507316,106281,,Chris_Rothfuss,267177,0
10604,"Ogden Driskill",Ogden,,Driskill,,,2,R,2,Sen,SD-001,6666433,52627,,Ogden_Driskill,296082,0
10612,"John Eklund",John,,Eklund,Jr.,,2,R,1,Rep,HD-010,6690225,127284,,John_Eklund_Jr.,296086,0
14226,"Eric Barlow",Eric,,Barlow,,,2,R,2,Sen,SD-023,10171027,140045,,Eric_Barlow,423942,0
14228,"Lee Filer",Lee,R.,Filer,,,2,R,1,Rep,HD-044,12745903,140049,,Lee_Filer,424148,0
14229,"Lynn Hutchings",Karen,Lynn,Hutchings,,Lynn,2,R,2,Sen,SD-005,6690220,127281,,Lynn_Hutchings,296400,0
14230,"Lloyd Larsen",Lloyd,Charles,Larsen,,,2,R,1,Rep,HD-054,10147670,140069,,Lloyd_Charles_Larsen,424071,0
14414,"James Anderson",James,Lee,Anderson,,Jim,2,R,2,Sen,SD-028,10197010,12137,,James_Anderson_(Wyoming_State_Senate_District_28),424059,0
16559,"Dan Laursen",Dan,,Laursen,,,2,R,2,Sen,SD-019,24811656,153967,,Dan_Laursen,500520,0
16712,"Stephan Pappas",Stephan,,Pappas,,,2,R,2,Sen,SD-007,24811700,153702,,Stephan_Pappas,499310,0
16716,"Cheri Steinmetz",Cheri,,Steinmetz,,,2,R,2,Sen,SD-003,6690401,127266,,Cheri_Steinmetz,296083,0
17805,"Brian Boner",Brian,,Boner,,,2,R,2,Sen,SD-002,28206072,156618,,Brian_Boner,533258,0
18100,"Dennis Biteman",Dennis,,Biteman,II,Bo,2,R,2,Sen,SD-021,40625061,171297,,Bo_Biteman,584279,0
18213,"Tim Salazar",Tim,,Salazar,,,2,R,2,Sen,SD-026,24811674,153981,,Tim_Salazar,500526,0
18469,"Jared Olsen",Jared,,Olsen,,,2,R,2,Sen,SD-008,40624988,171208,,Jared_Olsen,582909,0
18487,"Michael Gierau",Michael,Frank,Gierau,,Mike,1,D,2,Sen,SD-017,40624996,52778,,Mike_Gierau,583099,0
18549,"Tara Nethercott",Tara,B.,Nethercott,,,2,R,2,Sen,SD-004,40624947,171165,,Tara_Nethercott,584267,0
19384,"Landon Brown",Landon,J.,Brown,,,2,R,1,Rep,HD-009,40624983,171204,,Landon_Brown,582906,0
19461,"Select Capital Financing & Investments",,,,,,0,,3,Jnt,,0,0,,,0,3728
20157,"Wendy Davis Schuler",Wendy,,"Davis Schuler",,,2,R,2,Sen,SD-015,45364874,184028,,Wendy_Davis_Schuler,667745,0
20171,"John Winter",John,R.,Winter,,,2,R,1,Rep,HD-028,45364904,184072,,John_Winter,667812,0
20193,"Mike Yin",Michael,Stephen,Yin,,Mike,1,D,1,Rep,HD-016,45364894,184068,,Mike_Yin,667783,0
20375,"Clarence Styvar",Clarence,L.,Styvar,,,2,R,1,Rep,HD-012,40624990,171210,,Clarence_Styvar,582911,0
20377,"Art Washut",Arthur,Lyle,Washut,,Art,2,R,1,Rep,HD-036,45364907,184074,,Art_Washut,668823,0
20378,"Select Natural Resource Funding",,,,,,0,,3,Jnt,,0,0,,,0,1644
21783,"Tribal Relations",,,,,,0,,3,Jnt,,0,0,,,0,4291
21911,"Chip Neiman",Chip,,Neiman,,,2,R,1,Rep,HD-001,50052764,194490,,Chip_Neiman,742490,0
21912,"Robert Wharff",Robert,A.,Wharff,,,2,R,1,Rep,HD-049,27484075,194594,,Robert_Wharff,742647,0
22012,"Jeremy Haroldson",Jeremy,Michael,Haroldson,,,2,R,1,Rep,HD-004,50052766,194492,,Jeremy_Haroldson,742492,0
22013,"Pepper Ottman",Pepper,L.,Ottman,,,2,R,1,Rep,HD-034,50052790,194583,,Pepper_Ottman,742593,0
22014,"Rachel Rodriguez-Williams",Rachel,Lynne,Rodriguez-Williams,,,2,R,1,Rep,HD-050,50052803,194595,,Rachel_Rodriguez-Williams,742648,0
22077,"Scott Heiner",Scott,D.,Heiner,,,2,R,1,Rep,HD-018,50052776,171225,,Scott_Heiner,585163,0
22125,"Blockchain, Financial Technology and Digital Innovation Technology",,,,,,0,,3,Jnt,,0,0,,,0,4296
22131,"John Kolb",John,K.,Kolb,,,2,R,2,Sen,SD-012,50052816,129296,,John_Kolb,742465,0
22234,"John Bear",John,William,Bear,,,2,R,1,Rep,HD-031,50052787,60154,,John_Bear_(Wyoming),742586,0
22235,"Tim French",Tim,,French,,,2,R,2,Sen,SD-018,50052820,100304,,Tim_French,742476,0
22286,"Edward Cooper",Edward,D.,Cooper,,,2,R,2,Sen,SD-020,50052821,194474,,Edward_Cooper,742478,0
22502,"Troy McKeown",Troy,Dean,McKeown,,,2,R,2,Sen,SD-024,50052823,194471,,Troy_McKeown,742484,0
22554,"Ocean Andrew",Ocean,,Andrew,,,2,R,1,Rep,HD-046,50052797,194591,,Ocean_Andrew,742635,0
22555,"Barry Crago",Barry,V.,Crago,,,2,R,2,Sen,SD-022,50052792,194585,,Barry_Crago,742595,0
22556,"Christopher Knapp",Christopher,,Knapp,,,2,R,1,Rep,HD-053,6652229,100262,,Christopher_Knapp,499364,0
22676,"Karlee Provenza",Karlee,Rae,Provenza,,,1,D,1,Rep,HD-045,50052750,194589,,Karlee_Provenza,742633,0
22677,"Trey Sherwood",Trey,,Sherwood,,,1,D,1,Rep,HD-014,50052743,194505,,Trey_Sherwood,742538,0
22963,"J.D. Williams",J.D.,,Williams,,,2,R,1,Rep,HD-002,0,200405,,J.D._Williams,789878,0
23192,"Evie Brennan",Evie,,Brennan,,,2,R,2,Sen,SD-031,55621848,207660,,Evie_Brennan,0,0
23383,"Ken Pendergraft",Ken,,Pendergraft,,,2,R,1,Rep,HD-029,55621893,194538,,Ken_Pendergraft,0,0
23393,"Bill Allemand",Bill,,Allemand,,,2,R,1,Rep,HD-058,55621926,207721,,Bill_Allemand,0,0
23394,"Abby Angelos",Abby,,Angelos,,,2,R,1,Rep,HD-003,55621853,207662,,Abby_Angelos,0,0
23396,"Tony Locke",Tony,,Locke,,,2,R,1,Rep,HD-035,55621899,207702,,Tony_Locke,0,0
23399,"Scott Smith",Scott,,Smith,,,2,R,1,Rep,HD-005,55621856,207663,,Scott_Smith_(Wyoming),0,0
23400,"Tomi Strock",Tomi,,Strock,,,2,R,1,Rep,HD-006,55621857,207664,,Tomi_Strock,0,0
23644,"Martha Lawley",Martha,,Lawley,,,2,R,1,Rep,HD-027,55621891,207696,,Martha_Lawley,0,0
23645,"Daniel Singh",Daniel,Jeremy,Singh,,,2,R,1,Rep,HD-061,55621934,210274,,Daniel_Singh,0,0
23647,"Cody Wylie",Cody,Mcneil,Wylie,,,2,R,1,Rep,HD-039,55621903,207704,,Cody_Wylie,0,0
23683,"Robert Ide",Robert,Charles,Ide,,Bob,2,R,2,Sen,SD-029,55621847,153744,,Robert_Ide_(Wyoming),0,0
23879,"Robert Davis",Robert,,Davis,,Bob,2,R,1,Rep,HD-047,55621915,207713,,Robert_Davis_(Wyoming),0,0
24160,"Andrew Byron",Andrew,Peter,Byron,,,2,R,1,Rep,HD-022,55621880,207687,,Andrew_Byron,0,0
24161,"Kenneth Chestek",Kenneth,Dean,Chestek,,Ken,1,D,1,Rep,HD-013,40625053,171292,,Ken_Chestek,0,0
24162,"Kenneth Clouston",Kenneth,L.,Clouston,,Ken,2,R,1,Rep,HD-032,34387845,196263,,Ken_Clouston,0,0
24163,"Reuben Tarver",Reuben,,Tarver,,,2,R,1,Rep,HD-052,55621922,207717,,Reuben_Tarver,0,0
24307,"Joshua Larson",Joshua,Thomas,Larson,,J.T.,2,R,1,Rep,HD-017,55621875,207679,,J.T._Larson,0,0
24311,"Stacy Jones",Stacy,Jo,Jones,,,2,R,2,Sen,SD-013,55621841,207656,,Stacy_Jones,0,0
24375,"Liz Storer",Elizabeth,,Storer,,Liz,1,D,1,Rep,HD-023,17970672,207688,,Liz_Storer,0,0
24753,"Dalton Banks",Dalton,,Banks,,,2,R,1,Rep,HD-026,55621887,207693,,Dalton_Banks,810568,0
25305,"Marlene Brady",Marlene,,Brady,,,2,R,1,Rep,HD-060,13538234,218362,,Marlene_Brady,0,0
25306,"Laurie Bratten",Laurie,,Bratten,,,2,R,1,Rep,HD-051,45408892,218354,,Laurie_Bratten,0,0
25307,"Gary Brown",Gary,,Brown,,,2,R,1,Rep,HD-041,59983276,218338,,Gary_Brown_(Wyoming),0,0
25308,"Elissa Campbell",Elissa,,Campbell,,,2,R,1,Rep,HD-056,59983299,218357,,Elissa_Campbell,0,0
25309,"Kevin Campbell",Kevin,,Campbell,,,2,R,1,Rep,HD-062,59983308,218364,,Kevin_Campbell_(Wyoming),0,0
25310,"Marilyn Connolly",Marilyn,,Connolly,,,2,R,1,Rep,HD-040,59983274,218336,,Marilyn_Connoly,0,0
25311,"McKay Erickson",McKay,L.,Erickson,,,2,R,1,Rep,HD-021,59983252,218324,,McKay_Erickson,0,0
25312,"Rob Geringer",Rob,,Geringer,,,2,R,1,Rep,HD-042,59983279,218339,,Rob_Geringer,0,0
25313,"Joel Guggenmos",Joel,,Guggenmos,,,2,R,1,Rep,HD-055,59983298,218356,,Joel_Guggenmos,0,0
25314,"Paul Hoeft",Paul,,Hoeft,,,2,R,1,Rep,HD-025,59983257,218326,,Paul_Hoeft,0,0
25315,"Julie Jarvis",Julie,,Jarvis,,,2,R,1,Rep,HD-057,59983301,218360,,Julie_Jarvis,0,0
25316,"Steve Johnson",Stephen,Neal,Johnson,,Steve,2,R,1,Rep,HD-008,18707320,207671,,Steve_Johnson_(Wyoming),0,0
25317,"Tom Kelly",Thomas,,Kelly,,Tom,2,R,1,Rep,HD-030,59983260,207650,,Thomas_Kelly_(Wyoming),0,0
25318,"Jayme Lien",Jayme,,Lien,,,2,R,1,Rep,HD-038,59983270,218333,,Jayme_Lien,0,0
25319,"Ann Lucas",Ann,,Lucas,,,2,R,1,Rep,HD-043,59983281,218341,,Ann_Lucas,0,0
25320,"Darin McCann",Darin,M.,McCann,,,2,R,1,Rep,HD-048,59983291,218347,,Darin_McCann,0,0
25321,"Ivan Posey",Ivan,D.,Posey,,,1,D,1,Rep,HD-033,59983265,218330,,Ivan_Posey,0,0
25322,"J.R. Riggins",Justin,,Riggins,,J.R.,2,R,1,Rep,HD-059,59983303,218361,,J.R._Riggins,0,0
25323,"Mike Schmid",Michael,,Schmid,,Mike,2,R,1,Rep,HD-020,18243137,207683,,Michael_Schmid,0,0
25324,"Pam Thayer",Pamela,,Thayer,,Pam,2,R,1,Rep,HD-015,59983243,218319,,Pam_Thayer,0,0
25325,"Jacob Wasserburger",Jacob,,Wasserburger,,,2,R,1,Rep,HD-011,59983235,218313,,Jacob_Wasserburger,0,0
25326,"Joe Webb",Joseph,,Webb,,Joe,2,R,1,Rep,HD-019,59983249,218322,,Joseph_Webb_(Wyoming),0,0
25327,"Nina Webber",Nina,,Webber,,,2,R,1,Rep,HD-024,50052782,194535,,Nina_Webber,0,0
25328,"Darin Smith",Darin,,Smith,,,2,R,2,Sen,SD-006,59983198,171317,,Darin_Smith,0,0
25329,"Laura Pearson",Laura,,"Taliaferro Pearson",,,2,R,2,Sen,SD-014,59983210,218302,,Laura_Taliaferro_Pearson,879744,0
25330,"Gary Crum",Gary,E.,Crum,,,2,R,2,Sen,SD-010,59983205,218299,,Gary_Crum_(Wyoming),0,0
