people_id,name,first_name,middle_name,last_name,suffix,nickname,party_id,party,role_id,role,district,followthemoney_eid,votesmart_id,opensecrets_id,ballotpedia,knowwho_pid,committee_id
1262,"William Barclay",William,A.,Barclay,,,2,R,1,Rep,HD-120,13009403,44325,,William_Barclay,212472,0
1265,"Michael Benedetto",Michael,R.,Benedetto,,,1,D,1,Rep,HD-082,13009292,55244,,Michael_Benedetto,226883,0
1272,"Alec Brook-Krasny",Alec,,Brook-Krasny,,,1,D,1,Rep,HD-046,6437794,55215,,Alec_Brook-Krasny,250927,0
1283,"William Colton",William,,Colton,,,1,D,1,Rep,HD-047,5597234,15171,,William_Colton,197697,0
1285,"Vivian Cook",Vivian,E.,Cook,,,1,D,1,Rep,HD-032,4889803,4294,,Vivian_Cook,197683,0
1294,"Jeffrey Dinowitz",Jeffrey,,Dinowitz,,,1,D,1,Rep,HD-081,6437070,4305,,Jeffrey_Dinowitz,197734,0
1302,"Michael Fitzpatrick",Michael,J.,Fitzpatrick,,,2,R,1,Rep,HD-008,6608010,44259,,Michael_Fitzpatrick_(New_York),673074,0
1306,"Michael Gianaris",Michael,N.,Gianaris,,,1,D,2,Sen,SD-012,6512510,55455,,Michael_Gianaris,208434,0
1309,"Deborah Glick",Deborah,J.,Glick,,,1,D,1,Rep,HD-066,2049486,4319,,Deborah_Glick,197719,0
1313,"Stephen Hawley",Stephen,M.,Hawley,,,2,R,1,Rep,HD-139,4679525,59388,,Stephen_Hawley,243140,0
1315,"Carl Heastie",Carl,E.,Heastie,,,1,D,1,Rep,HD-083,5623760,55228,,Carl_Heastie,208438,0
1316,"Andrew Hevesi",Andrew,D.,Hevesi,,,1,D,1,Rep,HD-028,6471175,57048,,Andrew_Hevesi,216118,0
1326,"Brian Kavanagh",Brian,P.,Kavanagh,,,1,D,2,Sen,SD-027,13009276,66879,,Brian_Kavanagh,250933,0
1332,"Charles Lavine",Charles,D.,Lavine,,,1,D,1,Rep,HD-013,13009161,44694,,Charles_Lavine,226855,0
1337,"Donna Lupardo",Donna,A.,Lupardo,,,1,D,1,Rep,HD-123,13009408,44184,,Donna_Lupardo,226906,0
1339,"William Magnarelli",William,B.,Magnarelli,,,1,D,1,Rep,HD-129,5573324,23183,,William_Magnarelli,197772,0
1343,"David McDonough",David,G.,McDonough,,,2,R,1,Rep,HD-014,13009180,44667,,David_McDonough,210036,0
1354,"Thomas O'Mara",Thomas,F.,O'Mara,,,2,R,2,Sen,SD-058,5320262,44804,,Thomas_O%27Mara,226912,0
1358,"Amy Paulin",Amy,R.,Paulin,,,1,D,1,Rep,HD-088,4607228,55220,,Amy_Paulin,209167,0
1359,"Crystal Peoples-Stokes",Crystal,D.,Peoples-Stokes,,,1,D,1,Rep,HD-141,5088504,23174,,Crystal_Peoples-Stokes,126640,0
1364,"Gary Pretlow",James,Gary,Pretlow,,Gary,1,D,1,Rep,HD-089,6437563,4381,,J._Gary_Pretlow,197737,0
1368,"Philip Ramos",Philip,R.,Ramos,,Phil,1,D,1,Rep,HD-006,13009151,44588,,Philip_Ramos,212473,0
1375,"Linda Rosenthal",Linda,B.,Rosenthal,,,1,D,1,Rep,HD-067,6471193,58067,,Linda_Rosenthal,215418,0
1387,"Albert Stirpe",Albert,A.,Stirpe,Jr.,Al,1,D,1,Rep,HD-127,6482765,66872,,Al_Stirpe,250945,0
1389,"James Tedisco",James,N.,Tedisco,II,,2,R,2,Sen,SD-044,4870935,4401,,James_Tedisco,197755,0
1402,"Joseph Addabbo",Joseph,P.,Addabbo,Jr.,,1,D,2,Sen,SD-015,6485373,44931,,Joseph_Addabbo,271824,0
1417,"Joseph Griffo",Joseph,A.,Griffo,,,2,R,2,Sen,SD-053,13013095,68810,,Joseph_Griffo,250900,0
1424,"Liz Krueger",Liz,,Krueger,,,1,D,2,Sen,SD-028,4532768,55235,,Liz_Krueger,210039,0
1426,"Andrew Lanza",Andrew,J.,Lanza,,,2,R,2,Sen,SD-024,13013054,44472,,Andrew_Lanza,250887,0
1442,"Kevin Parker",Kevin,S.,Parker,,,1,D,2,Sen,SD-021,4004474,44519,,Kevin_Parker_(New_York),212476,0
1450,"Jose Serrano",Jose,M.,Serrano,,,1,D,2,Sen,SD-029,6462698,26981,,Jose_M._Serrano,228563,0
1456,"Toby Stavisky",Toby,Ann,Stavisky,,,1,D,2,Sen,SD-011,6390375,2317,,Toby_Ann_Stavisky,197609,0
1457,"Andrea Stewart-Cousins",Andrea,,Stewart-Cousins,,,1,D,2,Sen,SD-035,12456103,44199,,Andrea_Stewart-Cousins,251227,0
1483,Budget,,,Budget,,,0,,1,Rep,,0,0,,,0,3907
1484,Budget,,,Budget,,,0,,2,Sen,,0,0,,,0,3907
1491,"David Weprin",David,I.,Weprin,,,1,D,1,Rep,HD-024,4964918,44982,,David_Weprin,285501,0
2377,"Dean Murray",Dean,,Murray,,,2,R,2,Sen,SD-003,6696545,119994,,Dean_Murray,285052,0
11102,"Edward Braunstein",Edward,C.,Braunstein,,,1,D,1,Rep,HD-026,6512489,127894,,Edward_Braunstein,309795,0
11115,"Jack Martins",Jack,M.,Martins,,,2,R,2,Sen,SD-007,4764889,110269,,Jack_Martins,267047,0
11116,"Gustavo Rivera",Gustavo,,Rivera,,,1,D,2,Sen,SD-033,6512519,127819,,J._Gustavo_Rivera,309553,0
11312,"Kenneth Blankenbush",Kenneth,D.,Blankenbush,,Ken,2,R,1,Rep,HD-117,4743566,91697,,Kenneth_Blankenbush,309030,0
11313,"Harry Bronson",Harry,B.,Bronson,,,1,D,1,Rep,HD-138,6512359,92093,,Harry_Bronson,309740,0
11316,"Christopher Friend",Christopher,S.,Friend,,,2,R,1,Rep,HD-124,5032395,91465,,Christopher_Friend,309069,0
11325,"Philip Palmesano",Philip,A.,Palmesano,,,2,R,1,Rep,HD-132,4811260,127669,,Philip_Palmesano,203347,0
11326,"Edward Ra",Edward,P.,Ra,,,2,R,1,Rep,HD-019,6697215,127886,,Edward_Ra,309764,0
11331,"Patrick Gallivan",Patrick,M.,Gallivan,,Pat,2,R,2,Sen,SD-060,6696634,127657,,Patrick_Gallivan,309044,0
13334,"Sean Ryan",Sean,M.,Ryan,,,1,D,2,Sen,SD-061,6513634,135259,,Sean_Ryan,359039,0
13939,"Shelley Mayer",Shelley,B.,Mayer,,,1,D,2,Sen,SD-037,13009306,143182,,Shelley_Mayer,404779,0
13946,"Didi Barrett",Didi,,Barrett,,,1,D,1,Rep,HD-106,13009338,127871,,Didi_Barrett,309080,0
14205,"Patricia Fahy",Patricia,A.,Fahy,,,1,D,2,Sen,SD-046,15666227,143189,,Patricia_Fahy,433526,0
14206,"Ron Kim",Ron,,Kim,,,1,D,1,Rep,HD-040,5277415,112376,,Ron_Kim_(New_York_assemblyman),431461,0
14207,"John McDonald",John,T.,McDonald,III,,1,D,1,Rep,HD-108,13789885,142711,,John_T._McDonald_III,431171,0
14210,"Steven Otis",Steven,,Otis,,,1,D,1,Rep,HD-091,15666216,143183,,Steven_Otis,203344,0
14213,"Nily Rozic",Nily,D.,Rozic,,,1,D,1,Rep,HD-025,15666143,143120,,Nily_Rozic,431451,0
14214,"Angelo Santabarbara",Angelo,L.,Santabarbara,,,1,D,1,Rep,HD-111,6511565,127985,,Angelo_Santabarbara,309024,0
14215,"Luis Sepulveda",Luis,R.,Sepulveda,,,1,D,2,Sen,SD-032,15666213,127944,,Luis_Sepulveda_(New_York),431378,0
14216,"James Skoufis",James,G.,Skoufis,,,1,D,2,Sen,SD-042,13789874,142704,,James_G._Skoufis,431150,0
14217,"Michaelle Solages",Michaelle,C.,Solages,,,1,D,1,Rep,HD-022,15666138,143116,,Michaelle_C._Solages,436258,0
14218,"Phillip Steck",Phillip,G.,Steck,,Phil,1,D,1,Rep,HD-110,13789889,91186,,Phil_Steck,431174,0
14220,"Brad Hoylman-Sigal",Brad,M.,Hoylman-Sigal,,,1,D,2,Sen,SD-047,4512264,44603,,Brad_M._Hoylman,431333,0
14574,"David DiPietro",David,J.,DiPietro,,,2,R,1,Rep,HD-147,6679135,110411,,David_DiPietro,309088,0
14578,"Daniel Stec",Daniel,G.,Stec,,,2,R,2,Sen,SD-045,13789894,91918,,Dan_Stec,431189,0
14666,"Simcha Felder",Simcha,,Felder,,,1,D,2,Sen,SD-022,6496473,80276,,Simcha_Felder,431383,0
14669,"James Sanders",James,,Sanders,Jr.,,1,D,2,Sen,SD-010,15666251,80367,,James_Sanders_Jr.,431436,0
16097,"Maritza Davila",Maritza,,Davila,,,1,D,1,Rep,HD-053,18930630,145250,,Maritza_Davila_(New_York),478125,0
16117,"Anthony Palumbo",Anthony,H.,Palumbo,,,2,R,2,Sen,SD-001,18930629,146049,,Anthony_Palumbo,480889,0
16653,"Leroy Comrie",Leroy,,Comrie,Jr.,,1,D,2,Sen,SD-014,26157751,44666,,Leroy_Comrie,507962,0
16693,"Robert Ortt",Robert,G.,Ortt,,,2,R,2,Sen,SD-062,26157966,155558,,Robert_Ortt,507637,0
16761,"Carrie Woerner",Carrie,,Woerner,,,1,D,1,Rep,HD-113,13789893,142544,,Carrie_Woerner,431186,0
16762,"Jo Simon",Jo,Anne,Simon,,,1,D,1,Rep,HD-052,4525332,155448,,Jo_Anne_Simon,507992,0
17010,"Karl Brabenec",Karl,A.,Brabenec,,,2,R,1,Rep,HD-098,26185892,155854,,Karl_Brabenec,506063,0
17439,"Rebecca Seawright",Rebecca,A.,Seawright,,,1,D,1,Rep,HD-076,26179261,155422,,Rebecca_Seawright,508063,0
17454,"Erik Dilan",Erik,Martin,Dilan,,,1,D,1,Rep,HD-054,17658240,80261,,Erik_Dilan,413397,0
17551,"Rodneyse Bichotte Hermelyn",Rodneyse,,"Bichotte Hermelyn",,,1,D,1,Rep,HD-042,4467113,143130,,Rodneyse_Bichotte,431401,0
17552,"Roxanne Persaud",Roxanne,Jacqueline,Persaud,,,1,D,2,Sen,SD-019,26168826,155565,,Roxanne_Persaud,508001,0
17792,"Pamela Hunter",Pamela,J.,Hunter,,,1,D,1,Rep,HD-128,32499856,133416,,Pamela_Hunter,559267,0
17804,"Alicia Hyndman",Alicia,L.,Hyndman,,,1,D,1,Rep,HD-029,32499863,166123,,Alicia_Hyndman,559256,0
17943,"Jaime Williams",Jaime,R.,Williams,,,1,D,1,Rep,HD-059,6496673,170040,,Jaime_Williams,582577,0
18241,"Pamela Helming",Pamela,A.,Helming,,,2,R,2,Sen,SD-054,41755774,164544,,Pamela_Helming,590617,0
18603,"D. Billy Jones",Billy,,Jones,,,1,D,1,Rep,HD-115,39759997,134292,,D._Billy_Jones,590635,0
18735,"Clyde Vanel",Clyde,,Vanel,,,1,D,1,Rep,HD-033,15666148,127910,,Clyde_Vanel,431454,0
18775,"Stacey Pheffer Amato",Stacey,G.,"Pheffer Amato",,,1,D,1,Rep,HD-023,41755853,175028,,Stacey_G._Pheffer_Amato,590827,0
18778,"Robert Carroll",Robert,C.,Carroll,,,1,D,1,Rep,HD-044,41755894,175045,,Robert_C._Carroll,590896,0
18950,"Jamaal Bailey",Jamaal,T.,Bailey,,,1,D,2,Sen,SD-036,41755727,174144,,Jamaal_Bailey,590598,0
19102,"Brian Miller",Brian,D.,Miller,,,2,R,1,Rep,HD-122,15666171,91765,,Brian_Miller_(New_York),590625,0
19136,"Angelo Morinello",Angelo,J.,Morinello,,,2,R,1,Rep,HD-145,41756112,174271,,Angelo_J._Morinello,590284,0
19198,"Mary Walsh",Mary,Beth,Walsh,,,2,R,1,Rep,HD-112,5030725,174245,,Mary_Beth_Walsh,590632,0
19379,"Latrice Walker",Latrice,Monique,Walker,,,1,D,1,Rep,HD-055,26164734,155451,,Latrice_Walker,287729,0
19506,"Alfred Taylor",Alfred,,Taylor,,,1,D,1,Rep,HD-071,5192558,176917,,Alfred_Taylor,678733,0
19639,"John Mikulin",John,,Mikulin,,,2,R,1,Rep,HD-017,44973935,179867,,John_Mikulin,666401,0
19640,"Steve Stern",Steve,,Stern,,,1,D,1,Rep,HD-010,40460821,91488,,Steve_Stern,309667,0
19642,"Harvey Epstein",Harvey,,Epstein,,,1,D,1,Rep,HD-074,44109471,179694,,Harvey_Epstein,665984,0
19643,"Nathalia Fernandez",Nathalia,,Fernandez,,,1,D,2,Sen,SD-034,44426588,179697,,Nathalia_Fernandez,488588,0
19644,"Doug Smith",Doug,,Smith,,,2,R,1,Rep,HD-005,44426589,179865,,Doug_Smith_(New_York),488649,0
19648,"Jacob Ashby",Jacob,C.,Ashby,,Jake,2,R,2,Sen,SD-043,44426585,178432,,Jacob_Ashby,666796,0
19649,"Christopher Tague",Christopher,,Tague,,,2,R,1,Rep,HD-102,4487863,175967,,Christopher_Tague,667136,0
20155,"Zellnor Myrie",Zellnor,,Myrie,,,1,D,2,Sen,SD-020,42138895,185086,,Zellnor_Myrie,678519,0
20156,"Jessica Ramos",Jessica,,Ramos,,,1,D,2,Sen,SD-013,45417973,185077,,Jessica_Ramos,678497,0
20165,"Robert Jackson",Robert,,Jackson,,,1,D,2,Sen,SD-031,14860322,44949,,Robert_Jackson_(New_York),507949,0
20167,"John Liu",John,,Liu,,,1,D,2,Sen,SD-016,4615225,44415,,John_Liu,507961,0
20168,"Monica Martinez",Monica,,Martinez,,,1,D,2,Sen,SD-004,45417950,164441,,Monica_Martinez,673054,0
20169,"Rachel May",Rachel,,May,,,1,D,2,Sen,SD-048,13761092,185054,,Rachel_May,672498,0
20251,"Patrick Burke",Patrick,,Burke,,,1,D,1,Rep,HD-142,44426590,163719,,Patrick_Burke_(New_York),679118,0
20252,"Catalina Cruz",Catalina,,Cruz,,,1,D,1,Rep,HD-039,45421571,185172,,Catalina_Cruz,554965,0
20253,"Charles Fall",Charles,,Fall,,,1,D,1,Rep,HD-061,45421612,185194,,Charles_Fall,678717,0
20255,"Judy Griffin",Judy,,Griffin,,,1,D,1,Rep,HD-021,45421541,185166,,Judy_Griffin_(New_York),679136,0
20256,"Jonathan Jacobson",Jonathan,,Jacobson,,,1,D,1,Rep,HD-104,4643928,185056,,Jonathan_Jacobson,672600,0
20257,"Karen McMahon",Karen,,McMahon,,,1,D,1,Rep,HD-146,44255977,185360,,Karen_McMahon,672804,0
20259,"Karines Reyes",Karines,,Reyes,,,1,D,1,Rep,HD-087,45421668,185274,,Karines_Reyes,678764,0
20261,"Nader Sayegh",Nader,,Sayegh,,,1,D,1,Rep,HD-090,45487575,185289,,Nader_Sayegh,673284,0
20262,"Andrew Gounardes",Andrew,S.,Gounardes,,,1,D,2,Sen,SD-026,15666264,143086,,Andrew_S._Gounardes,433585,0
20263,"Peter Harckham",Peter,,Harckham,,,1,D,2,Sen,SD-040,16135838,107594,,Peter_Harckham,672463,0
20264,"Julia Salazar",Julia,,Salazar,,,1,D,2,Sen,SD-018,45417982,185085,,Julia_Salazar,678512,0
20470,"Simcha Eichenstein",Simcha,,Eichenstein,,,1,D,1,Rep,HD-048,45421589,185180,,Simcha_Eichenstein,678700,0
20634,"Marianne Buttenschon",Marianne,,Buttenschon,,,1,D,1,Rep,HD-119,4452969,185064,,Marianne_Buttenschon,672643,0
20635,"Michael Reilly",Michael,,Reilly,,,2,R,1,Rep,HD-062,45421614,185197,,Michael_Reilly_(New_York),678720,0
20637,"Mark Walczyk",Mark,,Walczyk,,,2,R,2,Sen,SD-049,42478513,185315,,Mark_Walczyk,342388,0
20680,"Joseph DeStefano",Joseph,,DeStefano,,Joe,2,R,1,Rep,HD-003,45421505,185148,,Joseph_DeStefano,673062,0
20682,"Brian Manktelow",Brian,,Manktelow,,,2,R,1,Rep,HD-130,4662275,134456,,Brian_Manktelow,590613,0
20684,"Robert Smullen",Robert,,Smullen,,,2,R,1,Rep,HD-118,43936649,185062,,Robert_Smullen,646782,0
21405,"George Borrello",George,,Borrello,,,2,R,2,Sen,SD-057,16173718,134170,,George_Borrello,724004,0
21680,"Khaleel Anderson",Khaleel,,Anderson,,,1,D,1,Rep,HD-031,50108947,192131,,Khaleel_Anderson,740126,0
21690,"Sarah Clark",Sarah,,Clark,,,1,D,1,Rep,HD-136,50110439,192290,,Sarah_Clark_(New_York),278228,0
21691,"Demond Meeks",Demond,L.,Meeks,,,1,D,1,Rep,HD-137,50110785,192295,,Demond_Meeks,740492,0
21908,"Jodi Giglio",Jodi,A.,Giglio,,,2,R,1,Rep,HD-002,51131576,133853,,Jodi_Giglio,738014,0
21910,"Keith Brown",Keith,,Brown,,,2,R,1,Rep,HD-012,43924670,191982,,Keith_Brown,738039,0
21914,"Peter Oberacker",Peter,K.,Oberacker,Jr.,,2,R,2,Sen,SD-051,15783220,175984,,Peter_Oberacker,738944,0
22134,"Jennifer Lunsford",Jennifer,A.,Lunsford,,,1,D,1,Rep,HD-135,33942536,185138,,Jennifer_Lunsford,672499,0
22135,"Christopher Burdick",Christopher,W.,Burdick,,Chris,1,D,1,Rep,HD-093,4748200,192270,,Chris_Burdick,738494,0
22254,"Michelle Hinchey",Michelle,,Hinchey,,,1,D,2,Sen,SD-041,49831875,191970,,Michelle_Hinchey,737939,0
22258,"Samra Brouk",Samra,G.,Brouk,,,1,D,2,Sen,SD-055,49831827,191976,,Samra_Brouk,738955,0
22259,"Jeremy Cooney",Jeremy,A.,Cooney,,,1,D,2,Sen,SD-056,45418064,185139,,Jeremy_Cooney,679126,0
22263,"Stefani Zinerman",Stefani,L.,Zinerman,,,1,D,1,Rep,HD-056,50109413,192218,,Stefani_Zinerman,740230,0
22276,"Jabari Brisport",Jabari,,Brisport,,,1,D,2,Sen,SD-025,50108309,192054,,Jabari_Brisport,740073,0
22278,"Mario Mattera",Mario,R.,Mattera,,,2,R,2,Sen,SD-002,51115686,192039,,Mario_Mattera,737969,0
22279,"Alexis Weik",Alexis,,Weik,,,2,R,2,Sen,SD-008,51115688,192040,,Alexis_Weik,737970,0
22361,"Joseph Angelino",Joseph,G.,Angelino,,Joe,2,R,1,Rep,HD-121,15789367,191886,,Joe_Angelino,739050,0
22362,"Michael Durso",Michael,A.,Durso,,,2,R,1,Rep,HD-009,49831842,191981,,Michael_Durso,738985,0
22363,"Emily Gallagher",Emily,E.,Gallagher,,,1,D,1,Rep,HD-050,50109408,192203,,Emily_Gallagher,740221,0
22364,"Jessica Gonzalez-Rojas",Jessica,,Gonzalez-Rojas,,,1,D,1,Rep,HD-034,50109019,192138,,Jessica_González-Rojas,740155,0
22365,"Josh Jensen",Josh,,Jensen,,,2,R,1,Rep,HD-134,51131947,192281,,Josh_Jensen,342462,0
22366,"John Lemondes",John,L.,Lemondes,Jr.,,2,R,1,Rep,HD-126,49831887,191945,,John_Lemondes_Jr.,316714,0
22367,"Zohran Kwame Mamdani",Zohran,Kwame,Mamdani,,,1,D,1,Rep,HD-036,50109025,192156,,Zohran_Kwame_Mamdani,740165,0
22368,"Marcela Mitaynes",Marcela,,Mitaynes,,,1,D,1,Rep,HD-051,50109411,192206,,Marcela_Mitaynes,740223,0
22369,"Amanda Septimo",Amanda,N.,Septimo,,,1,D,1,Rep,HD-084,45421661,185268,,Amanda_Septimo,474611,0
22405,"Jeff Gallahan",Jeff,L.,Gallahan,,,2,R,1,Rep,HD-131,42140030,134368,,Jeff_Gallahan,739076,0
22406,"Anna Kelles",Anna,,Kelles,,,1,D,1,Rep,HD-125,33936400,175947,,Anna_Kelles,739054,0
22407,"Matthew Simpson",Matthew,J.,Simpson,,,2,R,1,Rep,HD-114,26662271,164414,,Matthew_Simpson_(New_York),739023,0
22408,"William Conrad",William,C.,Conrad,III,,1,D,1,Rep,HD-140,49831834,174235,,William_Conrad,739081,0
22410,"Chantel Jackson",Chantel,,Jackson,,,1,D,1,Rep,HD-079,50109587,192233,,Chantel_Jackson,740247,0
22411,"Jarett Gandolfo",Jarett,C.,Gandolfo,,,2,R,1,Rep,HD-007,51420052,192094,,Jarett_Gandolfo,488568,0
22412,"Jenifer Rajkumar",Jenifer,,Rajkumar,,,1,D,1,Rep,HD-038,17609033,175061,,Jenifer_Rajkumar,590999,0
22413,"Phara Souffrant Forrest",Phara,,"Souffrant Forrest",,,1,D,1,Rep,HD-057,50109417,192219,,Phara_Souffrant_Forrest,740231,0
22417,"Jonathan Rivera",Jonathan,D.,Rivera,,,1,D,1,Rep,HD-149,50110795,192308,,Jonathan_Rivera,740282,0
22418,"Michael Tannousis",Michael,,Tannousis,,,2,R,1,Rep,HD-064,50109440,192223,,Michael_Tannousis,740235,0
22982,"Yudelka Tapia",Yudelka,,Tapia,,,1,D,1,Rep,HD-086,13997084,44371,,Yudelka_Tapia,790771,0
23020,"Cordell Cleare",Cordell,,Cleare,,,1,D,2,Sen,SD-030,43550189,200030,,Cordell_Cleare,257010,0
23061,"Eddie Gibbs",Edward,J.,Gibbs,,Eddie,1,D,1,Rep,HD-068,55010116,69171,,Eddie_Gibbs,419000,0
23095,"Manny De Los Santos",Manny,,"De Los Santos",,,1,D,1,Rep,HD-072,26170710,155417,,Manny_De_Los_Santos,508056,0
23096,"Nikki Lucas",Nikki,Ife,Lucas,,,1,D,1,Rep,HD-060,54484391,201904,,Nikki_Lucas,798951,0
23123,"Brian Cunningham",Brian,,Cunningham,,,1,D,1,Rep,HD-043,54956097,204130,,Brian_A._Cunningham,802515,0
23132,"Eric Brown",Eric,,Brown,,Ari,2,R,1,Rep,HD-020,55399649,205522,,Eric_Brown_(New_York),496962,0
23147,"Monique Chandler-Waterman",Monique,,Chandler-Waterman,,,1,D,1,Rep,HD-058,47746529,207263,,Monique_Chandler-Waterman,810597,0
23386,"Jacob Blumencranz",Jacob,Ryan,Blumencranz,,Jake,2,R,1,Rep,HD-015,55509529,207221,,Jake_Blumencranz,0,0
23530,"Kristen Gonzalez",Kristen,,Gonzalez,,,1,D,2,Sen,SD-059,55941699,210445,,Kristen_Gonzalez,0,0
23785,"Lea Webb",Lea,,Webb,,,1,D,2,Sen,SD-052,55509700,106166,,Lea_Webb,0,0
23900,"Patricia Canzoneri-Fitzpatrick",Patricia,,Canzoneri-Fitzpatrick,,,2,R,2,Sen,SD-009,55941684,192112,,Patricia_Canzoneri-Fitzpatrick,0,0
23902,"Steven Rhoads",Steven,,Rhoads,,,2,R,2,Sen,SD-005,55941679,164089,,Steven_Rhoads,0,0
23903,"Robert Rolison",Robert,,Rolison,,,2,R,2,Sen,SD-039,55941694,91651,,Robert_Rolison,0,0
23904,"Jessica Scarcella-Spanton",Jessica,,Scarcella-Spanton,,,1,D,2,Sen,SD-023,55582670,208788,,Jessica_Scarcella-Spanton,0,0
23905,"William Weber",William,J.,Weber,Jr.,Bill,2,R,2,Sen,SD-038,49831957,191852,,William_Weber_Jr.,0,0
24189,"George Alvarez",George,,Alvarez,,,1,D,1,Rep,HD-078,55587334,155433,,George_Alvarez,0,0
24191,"Alex Bores",Alex,,Bores,,,1,D,1,Rep,HD-073,55582620,207522,,Alex_Bores,0,0
24192,"Steven Raga",Steven,B.,Raga,,,1,D,1,Rep,HD-030,56953649,207481,,Steven_Raga,0,0
24193,"Maryjane Shimsky",Maryjane,C.,Shimsky,,,1,D,1,Rep,HD-092,55509555,134462,,Maryjane_Shimsky,0,0
24194,"Sarahana Shrestha",Sarahana,,Shrestha,,,1,D,1,Rep,HD-103,55509578,206043,,Sarahana_Shrestha,0,0
24195,"Tony Simone",Tony,,Simone,,,1,D,1,Rep,HD-075,55761294,207526,,Tony_Simone,0,0
24297,"Dana Levenberg",Dana,,Levenberg,,,1,D,1,Rep,HD-095,55509563,174137,,Dana_Levenberg,0,0
24383,"Grace Lee",Grace,,Lee,,,1,D,1,Rep,HD-065,55582594,207688,,Grace_Lee,0,0
24398,"John Zaccaro",John,,Zaccaro,Jr.,,1,D,1,Rep,HD-080,56953890,210797,,John_Zaccaro_Jr.,0,0
24500,"Anil Beephan",Anil,,Beephan,Jr.,,2,R,1,Rep,HD-105,55582632,209110,,Anil_Beephan_Jr.,0,0
24501,"Scott Bendett",Scott,H.,Bendett,,,2,R,1,Rep,HD-107,56953900,210798,,Scott_Bendett,0,0
24502,"Lester Chang",Lester,,Chang,,,2,R,1,Rep,HD-049,56953653,192055,,Lester_Chang,0,0
24503,"Christopher Eachus",Christopher,W.,Eachus,,Chris,1,D,1,Rep,HD-099,55509568,91802,,Christopher_W._Eachus,0,0
24505,"Scott Gray",Scott,A.,Gray,,,2,R,1,Rep,HD-116,55509601,44752,,Scott_Gray,811052,0
24506,"Brian Maher",Brian,M.,Maher,,,2,R,1,Rep,HD-101,55509573,142708,,Brian_Maher,431157,0
24508,"Michael Novakhov",Michael,,Novakhov,,,2,R,1,Rep,HD-045,55582549,207494,,Michael_Novakhov,0,0
24509,"Samuel Pirozzolo",Samuel,"T,",Pirozzolo,,Sam,2,R,1,Rep,HD-063,55582592,143157,,Samuel_T._Pirozzolo,0,0
24510,"Matthew Slater",Matthew,J.,Slater,,,2,R,1,Rep,HD-094,55509559,206035,,Matthew_Slater,351825,0
24956,"Sam Berger",Sam,,Berger,,,1,D,1,Rep,HD-027,0,212633,,Sam_Berger,0,0
25166,"Landon Dais",Landon,C.,Dais,,,1,D,1,Rep,HD-077,51131916,214834,,Landon_Dais,0,0
25666,"Patrick Carroll",Patrick,,Carroll,,,1,D,1,Rep,HD-096,60030888,218028,,Patrick_Carroll_(New_York),0,0
25667,"Emerita Torres",Emerita,,Torres,,,1,D,1,Rep,HD-085,60534790,219835,,Emerita_Torres,0,0
25819,"Andrea Bailey",Andrea,K.,Bailey,,,2,R,1,Rep,HD-133,59849950,216747,,Andrea_K._Bailey_(New_York),0,0
25820,"Paul Bologna",Paul,A.,Bologna,,,2,R,1,Rep,HD-144,60534794,220654,,Paul_Bologna,0,0
25821,"Noah Burroughs",Noah,,Burroughs,,,1,D,1,Rep,HD-018,60030759,217836,,Noah_Burroughs,0,0
25822,"Patrick Chludzinski",Patrick,,Chludzinski,,,2,R,1,Rep,HD-143,60030923,217386,,Patrick_Chludzinski,0,0
25823,"Larinda Hooks",Larinda,C.,Hooks,,,1,D,1,Rep,HD-035,60030792,217358,,Larinda_Hooks,0,0
25824,"Rebecca Kassay",Rebecca,A.,Kassay,,,1,D,1,Rep,HD-004,60030737,216735,,Rebecca_Kassay,0,0
25825,"Paula Kay",Paula,Elaine,Kay,,,1,D,1,Rep,HD-100,5048715,216765,,Paula_Kay,0,0
25826,"Micah Lasher",Micah,C.,Lasher,,,1,D,1,Rep,HD-069,60030848,174984,,Micah_Lasher,0,0
25827,"Andrew Molitor",Andrew,,Molitor,,,2,R,1,Rep,HD-150,59850015,216741,,Andrew_Molitor,0,0
25828,"Daniel Norber",Daniel,,Norber,,,2,R,1,Rep,HD-016,60030756,217834,,Daniel_Norber,0,0
25829,"Kwani O'Pharrow",Kwani,,O'Pharrow,,,1,D,1,Rep,HD-011,26157993,217831,,Kwani_O'Pharrow,0,0
25830,"Gabriella Romero",Gabriella,A.,Romero,,,1,D,1,Rep,HD-109,60030896,217380,,Gabriella_Romero,0,0
25831,"Tommy Schiavoni",Thomas,John,Schiavoni,,Tommy,1,D,1,Rep,HD-001,60030731,192037,,Thomas_Schiavoni,0,0
25832,"Joe Sempolinski",Joseph,,Sempolinski,,Joe,2,R,1,Rep,HD-148,51102355,208849,,Joe_Sempolinski,0,0
25833,"Claire Valdez",Claire,,Valdez,,,1,D,1,Rep,HD-037,60030795,217339,,Claire_Valdez,0,0
25834,"Aron Wieder",Aron,B.,Wieder,,,1,D,1,Rep,HD-097,60030890,142702,,Aron_B._Wieder,0,0
25835,"Jordan Wright",Jordan,J.G.,Wright,,,1,D,1,Rep,HD-070,60030852,217348,,Jordan_Wright,877042,0
25836,"Kalman Yeger",Kalman,,Yeger,,,1,D,1,Rep,HD-041,60030804,186462,,Kalman_Yeger,0,0
25837,"April Baskin",April,N.M.,Baskin,,,1,D,2,Sen,SD-063,60030991,186279,,April_Baskin,0,0
25838,"Siela Bynoe",Siela,A.,Bynoe,,,1,D,2,Sen,SD-006,60030937,164107,,Siela_Bynoe,0,0
25839,"Stephen Chan",Stephen,T.,Chan,,Steven,2,R,2,Sen,SD-017,60030949,218015,,Steve_Chan,0,0
25840,"Christopher Ryan",Christopher,J.,Ryan,,,1,D,2,Sen,SD-050,6425217,145217,,Christopher_Ryan_(New_York),0,0
26471,"Sam Sutton",Sam,,Sutton,,,1,D,2,Sen,SD-022,0,223234,,Sam_Sutton,0,0
