people_id,name,first_name,middle_name,last_name,suffix,nickname,party_id,party,role_id,role,district,followthemoney_eid,votesmart_id,opensecrets_id,ballotpedia,knowwho_pid,committee_id
2,"William Anderson",William,Everette,Anderson,Jr.,Bill,2,R,1,Rep,HD-010,6581517,7564,,Everette_Anderson,200037,0
18,"Denny Canterbury",Denny,Ray,Canterbury,Jr.,Ray,2,R,1,Rep,HD-047,6581577,26493,,Denny_Canterbury_Jr.,206324,0
27,"Jeff Eldridge",Jeff,,Eldridge,,,2,R,1,Rep,HD-030,13008025,52329,,Jeff_Eldridge,228651,0
37,"Bill Hamilton",Bill,,Hamilton,,,2,R,2,Sen,SD-011,6581685,52422,,William_Hamilton,213947,0
104,"Donna Boley",Donna,J.,Boley,,,2,R,2,Sen,SD-003,6651549,7535,,Donna_Boley,199659,0
826,"Pat McGeehan",Pat,,McGeehan,,,2,R,1,Rep,HD-001,6674470,102190,,Patrick_McGeehan,270011,0
11206,"Gary Howell",Gary,G.,Howell,,,2,R,1,Rep,HD-087,6674455,102188,,Gary_Howell_(West_Virginia),270085,0
11207,"Larry Kump",Larry,D.,Kump,,,2,R,1,Rep,HD-094,6682528,117682,,Larry_D._Kump,311648,0
11306,"Rupert Phillips",Rupert,W.,Phillips,Jr.,Rupie,2,R,2,Sen,SD-007,6486996,102204,,Rupert_Phillips_Jr.,293106,0
11592,"Marty Gearheart",Gary,Martin,Gearheart,,Marty,2,R,1,Rep,HD-037,6697183,52089,,Marty_Gearheart,266875,0
11796,"Joe Ellington",Joe,C.,Ellington,Jr.,,2,R,1,Rep,HD-038,6667925,58022,,Joe_Ellington,311939,0
15831,"Jason Barrett",Jason,,Barrett,,,2,R,2,Sen,SD-016,6500478,117383,,Jason_Barrett_(West_Virginia),393282,0
15837,"Randy Smith",Randy,E.,Smith,,,2,R,2,Sen,SD-014,6700943,135450,,Randy_Smith_(West_Virginia),393307,0
15860,"Jim Butler",Jim,,Butler,,,2,R,1,Rep,HD-018,6700968,135172,,Jim_Butler_(West_Virginia),389566,0
15908,"Roy Cooper",Roy,G.,Cooper,,,2,R,1,Rep,HD-040,6682431,117639,,Roy_G._Cooper,393312,0
16931,"Joseph Statler",Joseph,C.,Statler,,Joe,2,R,1,Rep,HD-077,21776890,148623,,Joe_Statler,476397,0
16933,"Mark Zatezalo",Mark,,Zatezalo,,,2,R,1,Rep,HD-002,5309743,148393,,Mark_Zatezalo,476203,0
16935,"Roger Hanshaw",Roger,,Hanshaw,,,2,R,1,Rep,HD-062,21776835,148481,,Roger_Hanshaw,476312,0
16940,"Matthew Rohrbach",Matthew,,Rohrbach,,,2,R,1,Rep,HD-026,7694183,148431,,Matthew_Rohrbach,484872,0
16944,"Ryan Weld",Ryan,W.,Weld,,,2,R,2,Sen,SD-001,21297893,148395,,Ryan_Weld,484242,0
16948,"Mark Maynard",Mark,R.,Maynard,,,2,R,2,Sen,SD-006,13013913,104892,,Mark_R._Maynard,484229,0
16951,"Tom Takubo",Tamejiro,,Takubo,Jr.,Tom,2,R,2,Sen,SD-017,21776771,148384,,Tom_Takubo,484855,0
16998,"Mike Pushkin",Mike,,Pushkin,,,1,D,1,Rep,HD-054,21776856,148557,,Mike_Pushkin,476325,0
17000,"Sean Hornbuckle",Sean,,Hornbuckle,,,1,D,1,Rep,HD-025,13808026,139620,,Sean_Hornbuckle,408487,0
17196,"Mike Woelfel",Michael,A.,Woelfel,,Mike,1,D,2,Sen,SD-005,7548248,148367,,Mike_Woelfel,476175,0
17197,"Shawn Fluharty",Shawn,Lucas,Fluharty,,,1,D,1,Rep,HD-005,6500264,117619,,Shawn_Fluharty,311930,0
17581,"Mike Azinger",Mike,,Azinger,,,2,R,2,Sen,SD-003,21776787,148408,,Mike_Azinger,484323,0
17838,"Bill Flanigan",Bill,,Flanigan,,,2,R,1,Rep,HD-004,6385640,11674,,Bill_Flanigan,484923,0
19245,"Glenn Jeffries",Glenn,Delmas,Jeffries,,,2,R,2,Sen,SD-008,39705500,167265,,Glenn_Jeffries,566991,0
19247,"Patricia Rucker",Patricia,Puertas,Rucker,,,2,R,2,Sen,SD-016,21776902,148634,,Patricia_Rucker,484932,0
19253,"Vernon Criss",Adrian,Vernon,Criss,III,Vernon,2,R,1,Rep,HD-012,6659294,148409,,Vernon_Criss,484245,0
19258,"Charles Clements",Charles,H.,Clements,,,2,R,2,Sen,SD-002,6651340,7578,,Charles_Clements,614853,0
19272,"Mark Dean",Daniel,Mark,Dean,II,Mark,2,R,1,Rep,HD-034,21323614,167333,,Mark_Dean,484875,0
19292,"Bennett Queen",Bennett,Montgomery,Queen,,Ben,2,R,2,Sen,SD-012,39705601,167434,,Ben_Queen,567856,0
19382,"Patrick Martin",Patrick,Stephen,Martin,,,2,R,2,Sen,SD-012,39705553,167426,,Patrick_Martin_(West_Virginia),565879,0
19383,"John Williams",John,"Ryan Nelson",Williams,,,1,D,1,Rep,HD-080,21776891,148624,,John_Williams_(West_Virginia),476398,0
19425,"Roland Jennings",Dorris,Roland,Jennings,,Buck,2,R,1,Rep,HD-084,39705501,167574,,D.R._Jennings,566290,0
19575,"Jeff Campbell",Jeff,,Campbell,,,2,R,1,Rep,HD-046,44272090,177759,,Jeff_Campbell_(West_Virginia),643648,0
19670,"Daniel Linville",Daniel,,Linville,,,2,R,1,Rep,HD-022,44102880,177708,,Daniel_Linville,650873,0
20544,"John Paul Hott",John,Paul,Hott,II,,2,R,1,Rep,HD-085,44272173,177788,,John_Paul_Hott_II,650902,0
20545,"Dean Jeffries",Warren,Dean,Jeffries,,Dean,2,R,1,Rep,HD-061,42695959,177753,,Dean_Jeffries,653131,0
20547,"Carl Martin",Carl,Robert,Martin,,Robbie,2,R,1,Rep,HD-065,40463223,177772,,Carl_Martin_(West_Virginia),650898,0
20548,"Brandon Steele",Brandon,Scott,Steele,,,2,R,1,Rep,HD-042,44272303,177733,,Brandon_Steele,653109,0
20550,"Christopher Toney",Christopher,Wayne,Toney,,,2,R,1,Rep,HD-043,44272323,177736,,Christopher_Wayne_Toney,653112,0
20552,"Evan Worrell",Evan,Bradley,Worrell,,,2,R,1,Rep,HD-023,44272352,177713,,Evan_Worrell,653082,0
20553,"Eric Tarr",Eric,Junior,Tarr,,,2,R,2,Sen,SD-004,15950813,177679,,Eric_Tarr,650847,0
20606,"Evan Hansen",Evan,Paul,Hansen,,,1,D,1,Rep,HD-079,39705471,167440,,Evan_Hansen,565884,0
20608,"David Kelly",David,Lee,Kelly,,,2,R,1,Rep,HD-008,44272196,177696,,David_Kelly_(West_Virginia),653069,0
20611,"Rollan Roberts",Rollan,Allen,Roberts,,,2,R,2,Sen,SD-009,44272275,177687,,Rollan_Roberts_(West_Virginia),653058,0
21121,"Chris Phillips",Chris,Edward,Phillips,,,2,R,1,Rep,HD-068,44272263,177776,,Chris_Phillips_(West_Virginia),653143,0
21395,"Trenton Barnhart",Trenton,,Barnhart,,,2,R,1,Rep,HD-009,48691459,187328,,Trenton_Barnhart,718374,0
22806,"Dana Ferrell",Dana,Joe,Ferrell,,,2,R,1,Rep,HD-060,45680481,184300,,Dana_Ferrell,681949,0
22807,"Josh Holstein",Joshua,Allen,Holstein,,Josh,2,R,1,Rep,HD-032,48823113,190476,,Josh_Holstein,730150,0
22811,"Clay Riley",Clay,Patrick,Riley,,,2,R,1,Rep,HD-072,25897899,184303,,Clay_Riley,681950,0
22812,"Bryan Ward",Bryan,Clark,Ward,,,2,R,1,Rep,HD-086,48823222,190632,,Bryan_Ward,730122,0
22813,"Jordan Bridges",Jordan,Ray,Bridges,,,2,R,1,Rep,HD-033,39705399,167262,,Jordan_Bridges,565834,0
22814,"Adam Burkhammer",Adam,Dwayne,Burkhammer,,,2,R,1,Rep,HD-064,48823179,190582,,Adam_Burkhammer,730164,0
22815,"Wayne Clark",Wayne,Michael,Clark,,,2,R,1,Rep,HD-099,48823231,190641,,Wayne_Clark,731038,0
22818,"Chuck Horst",Charles,Kenneth,Horst,Sr.,Chuck,2,R,1,Rep,HD-095,48823228,190638,,Charles_Horst_Sr.,730116,0
22820,"Laura Kimble",Laura,"M Hurley",Kimble,,,2,R,1,Rep,HD-071,48823188,190588,,Laura_Kimble,730959,0
22822,"Margitta Mazzocchi",Margitta,,Schaaf-Mazzocchi,,,2,R,1,Rep,HD-031,48823117,190477,,Margitta_Mazzocchi,730152,0
22823,"Jonathan Pinson",Jonathan,Adam,Pinson,,,2,R,1,Rep,HD-017,48823088,190234,,Jonathan_Pinson,730759,0
22834,"Phil Mallow",Phil,,Mallow,,,2,R,1,Rep,HD-075,21776882,148613,,Phil_Mallow,476392,0
22836,"Amy Nichole Grady",Amy,Nichole,Grady,,,2,R,2,Sen,SD-004,45675265,184289,,Amy_Nichole_Grady,681930,0
22845,"Jack Woodrum",Jack,David,Woodrum,,,2,R,2,Sen,SD-010,48823053,131522,,Jack_Woodrum,729625,0
22846,"Kayla Young",Kayla,Ann,Young,,,1,D,1,Rep,HD-056,48823146,190496,,Kayla_Young,730179,0
22849,"Joey Garcia",Joseph,David,Garcia,,Joey,1,D,2,Sen,SD-013,48823197,190615,,Joey_Garcia,453730,0
22869,"George Miller",George,Allen,Miller,,,2,R,1,Rep,HD-090,48823224,190634,,George_Miller_(West_Virginia),731032,0
22870,"Doug Smith",Douglas,Dean,Smith,,Doug,2,R,1,Rep,HD-039,48823125,190481,,Doug_Smith_(West_Virginia),730158,0
22954,"Jordan Maynor",Jordan,G.,Maynor,,,2,R,1,Rep,HD-041,54464332,199000,,Jordan_Maynor,525390,0
23025,"Kathie Crouse",Kathie,Hess,Crouse,,,2,R,1,Rep,HD-019,39705481,167305,,Kathie_Hess_Crouse,567577,0
23157,"Jarred Cannon",Jarred,A.,Cannon,,,2,R,1,Rep,HD-021,44272092,167315,,Jarred_Cannon,566262,0
24073,"Michael Hite",Michael,,Hite,,,2,R,1,Rep,HD-092,54859470,201688,,Michael_Hite,0,0
24074,"Jimmy Willis",Jimmy,,Willis,,,2,R,1,Rep,HD-003,54859324,201626,,Jimmy_Willis,0,0
24150,"Laura Wakim Chapman",Laura,,"Wakim Chapman",,,2,R,2,Sen,SD-001,54859292,201618,,Laura_Wakim_Chapman,797561,0
24151,"Vince Deeds",Vince,,Deeds,,,2,R,2,Sen,SD-010,54859307,201622,,Vince_Deeds,0,0
24152,"Mike Oliverio",Mike,,Oliverio,II,,2,R,2,Sen,SD-013,54859311,7550,,Mike_Oliverio,0,0
24153,"Mike Stuart",Mike,,Stuart,,,2,R,2,Sen,SD-007,6667996,58059,,Mike_Stuart_(West_Virginia),0,0
24154,"Jay Taylor",John,,Taylor,Jr.,Jay,2,R,2,Sen,SD-014,54859316,52174,,Jay_Taylor_(West_Virginia),0,0
24271,"Walter Hall",Walter,,Hall,,,2,R,1,Rep,HD-058,54859420,201752,,Walter_Hall,0,0
24272,"Scot Heckert",Scot,,Heckert,,,2,R,1,Rep,HD-013,54859333,201633,,Scot_Heckert,0,0
24273,"Charles Sheedy",Charles,R.,Sheedy,Sr.,,2,R,1,Rep,HD-007,54859327,188995,,Charles_Sheedy,0,0
24276,"Eric Brooks",Eric,,Brooks,,,2,R,1,Rep,HD-045,54859388,201758,,Eric_Brooks,0,0
24277,"Geno Chiarelli",Eugene,,Chiarelli,,Geno,2,R,1,Rep,HD-078,54859448,201718,,Eugene_Chiarelli,0,0
24278,"Elias Coop-Gonzalez",Elias,,Coop-Gonzalez,,,2,R,1,Rep,HD-067,54859432,201746,,Elias_Coop-Gonzalez,0,0
24279,"Mike Devault",Michael,,Devault,,Mike,2,R,1,Rep,HD-074,54859442,201734,,,0,0
24280,"Henry Dillon",Henry,Corby,Dillon,,,2,R,1,Rep,HD-029,54859361,0,,,0,0
24281,"Lori Dittman",Lori,Cowger,Dittman,,,2,R,1,Rep,HD-063,54859427,0,,,0,0
24282,"Bob Fehrenbacher",Bob,,Fehrenbacher,,,2,R,1,Rep,HD-011,54859332,201734,,Mike_DeVault,0,0
24284,"Rick Hillenbrand",Rick,,Hillenbrand,,,2,R,1,Rep,HD-088,54859464,201692,,Rick_Hillenbrand,0,0
24285,"Michael Hornby",Michael,,Hornby,,,2,R,1,Rep,HD-093,49672567,201687,,Michael_Hornby,0,0
24286,"Patrick Lucas",Patrick,,Lucas,,,2,R,1,Rep,HD-024,6682421,117635,,Patrick_Lucas,0,0
24287,"Keith Marple",Keith,,Marple,,,2,R,1,Rep,HD-069,54859433,201745,,Keith_Marple,0,0
24288,"Mickey Petitto",Mickey,,Petitto,,,2,R,1,Rep,HD-070,54859438,201742,,Mickey_Petitto,0,0
24289,"Bill Ridenour",William,,Ridenour,,Bill,2,R,1,Rep,HD-100,54859480,201653,,William_Ridenour,0,0
24291,"George Street",George,,Street,,,2,R,1,Rep,HD-083,54859457,201696,,George_Street,0,0
24292,"Darren Thorne",Darren,J.,Thorne,,,2,R,2,Sen,SD-015,54859466,201690,,Darren_Thorne,0,0
24293,"Adam Vance",Adam,,Vance,,,2,R,1,Rep,HD-035,54859375,201730,,Adam_Vance,0,0
24295,"Dave Foggin",Dave,,Foggin,,,2,R,1,Rep,HD-014,54859334,201684,,Dave_Foggin,0,0
24397,"Andy Shamblin",Andy,,Shamblin,,,2,R,1,Rep,HD-059,54859422,201750,,Andy_Shamblin,0,0
24482,"Elliott Pritt",David,Elliott,Pritt,,Elliott,2,R,1,Rep,HD-050,54859401,184299,,David_Pritt,0,0
24951,"Anitra Hamilton",Anitra,,Hamilton,,,1,D,1,Rep,HD-081,0,0,,Anitra_Hamilton,0,0
25033,"James Akers",James,Robert,Akers,II,JB,2,R,1,Rep,HD-055,0,0,,,0,0
25034,"Hollis Lewis",Hollis,Skaff,Lewis,,,1,D,1,Rep,HD-057,0,212986,,Hollis_Lewis,0,0
25035,"Erica Moore",Erica,,Moore,,,2,R,1,Rep,HD-015,0,212985,,Erica_Moore_(West_Virginia),0,0
25036,"Jeffrey Stephens",Jeffrey,Lee,Stephens,,,2,R,1,Rep,HD-006,0,212873,,Jeffrey_Stephens,0,0
25066,"Thomas Clark",Thomas,C.,Clark,,,2,R,1,Rep,HD-048,6385524,0,,,0,0
25124,"David Green",David,,Green,,,2,R,1,Rep,HD-036,0,0,,,0,0
25217,"Ryan Browning",Ryan,,Browning,,,2,R,1,Rep,HD-028,59685156,214487,,Ryan_Browning,0,0
25218,"Carl Roop",Carl,,Roop,,,2,R,1,Rep,HD-044,59685243,214494,,Carl_Roop_(West_Virginia),0,0
25665,"Joe Funkhouser",Raymond,,Funkhouser,,Joe,2,R,1,Rep,HD-098,59685237,167279,,Joe_Funkhouser,0,0
26203,"Stanley Adkins",Stanley,,Adkins,,,2,R,1,Rep,HD-049,59685124,214500,,Stanley_Adkins,0,0
26204,"Michael Amos",Michael,,Amos,,,2,R,1,Rep,HD-027,59685227,214484,,Michael_Amos,0,0
26205,"Chris Anders",Chris,,Anders,,,2,R,1,Rep,HD-097,59685130,214534,,S._Chris_Anders,0,0
26206,"Marshall Clay",Marshall,W.,Clay,,,2,R,1,Rep,HD-051,59685229,102214,,Marshall_Clay,0,0
26207,"Sarah Drennan",Sarah,,Drennan,,,2,R,1,Rep,HD-020,59685101,214477,,Sarah_Drennan,0,0
26208,"Rick Garcia",Rick,,Garcia,,,1,D,1,Rep,HD-076,59685105,163738,,Rick_Garcia_(West_Virginia),0,0
26209,"Tresa Howell",Tresa,,Howell,,,2,R,1,Rep,HD-052,59685092,214504,,Tresa_Howell,0,0
26210,"Jonathan Kyle",Jonathan,B.,Kyle,,,2,R,1,Rep,HD-066,39705528,167421,,Jonathan_B._Kyle,0,0
26211,"Tristan Leavitt",Tristan,,Leavitt,,,2,R,1,Rep,HD-053,59685151,214507,,Tristan_Leavitt,0,0
26212,"David McCormick",David,,McCormick,,,2,R,1,Rep,HD-082,59685246,214522,,David_McCormick_(West_Virginia),0,0
26213,"Joe Parsons",Frederick,,Parsons,,Joe,2,R,1,Rep,HD-016,59685107,216314,,Joe_Parsons_(West_Virginia),0,0
26214,"Bryan Smith",Bryan,,Smith,,,2,R,1,Rep,HD-073,59685226,214517,,Bryan_Smith_(West_Virginia),0,0
26215,"Lisa White",Lisa,,White,,,2,R,1,Rep,HD-096,59685198,214533,,Lisa_White,0,0
26216,"Scott Fuller",Scott,,Fuller,,,2,R,2,Sen,SD-005,59685193,201602,,Scott_Fuller_(West_Virginia),0,0
26217,"Craig Hart",Craig,,Hart,,,2,R,2,Sen,SD-006,59685113,214459,,Craig_Hart,0,0
26218,"Brian Helton",Brian,,Helton,,,2,R,2,Sen,SD-009,16125899,214461,,Brian_Helton,0,0
26219,"Robbie Morris",Robert,,Morris,,Robbie,2,R,2,Sen,SD-011,59685223,214462,,Robbie_Morris,0,0
26220,"Chris Rose",Christopher,,Rose,,Chris,2,R,2,Sen,SD-002,59685220,214456,,Christopher_Rose,0,0
26221,"Tom Willis",Tom,,Willis,,,2,R,2,Sen,SD-015,44021706,177667,,Tom_Willis_(West_Virginia),0,0
26395,"Ian Masters",Ian,T.,Masters,,,2,R,1,Rep,HD-091,0,135376,,Ian_Masters,0,0
26410,"Anne Charnock",Anne,B.,Charnock,,,2,R,2,Sen,SD-017,0,0,,,0,0
26411,"Kevan Bartlett",Kevan,,Bartlett,,,2,R,2,Sen,SD-008,54859302,0,,T._Kevan_Bartlett,0,0
26412,"David Cannon",David,,Cannon,,,2,R,1,Rep,HD-089,0,220818,,David_Cannon_(West_Virginia),0,0
