people_id,name,first_name,middle_name,last_name,suffix,nickname,party_id,party,role_id,role,district,followthemoney_eid,votesmart_id,opensecrets_id,ballotpedia,knowwho_pid,committee_id
8786,"Bruce Bickford",Bruce,A.,Bickford,,,2,R,2,Sen,SD-020,6674044,103524,,Bruce_Bickford,272095,0
8810,"Dean Cray",Dean,A.,Cray,,,2,R,1,Rep,HD-069,6669375,57599,,Dean_Cray,250728,0
8855,"Michel Lajoie",Michel,,Lajoie,,,1,D,1,Rep,HD-096,6486269,103527,,Michel_Lajoie,272112,0
8874,"Robert Nutting",Robert,W.,Nutting,,,2,R,1,Rep,HD-066,6570982,19500,,Robert_Nutting,272097,0
8894,"Margaret Rotundo",Margaret,R.,Rotundo,,Peggy,1,D,2,Sen,SD-021,6375129,37042,,Margaret_Rotundo,208763,0
10321,"Russell Black",Russell,J.,Black,,,2,R,2,Sen,SD-005,6683522,121044,,Russell_Black,291713,0
10331,"James Dill",James,F.,Dill,,,1,D,1,Rep,HD-026,6501252,120946,,James_Dill_(Maine),291634,0
10338,"Kenneth Fredette",Kenneth,Wade,Fredette,,,2,R,1,Rep,HD-033,6628906,19554,,Kenneth_Fredette,291646,0
10340,"Anne Graham",Anne,P.,Graham,,,1,D,1,Rep,HD-105,6468513,57602,,Anne_Graham,291733,0
10341,"Stacey Guerin",Stacey,K.,Guerin,,,2,R,2,Sen,SD-004,6683271,120954,,Stacey_Guerin,291641,0
10366,"Wayne Parry",Wayne,R.,Parry,,,2,R,1,Rep,HD-140,6674181,103647,,Wayne_Parry,291772,0
10372,"Jeffrey Timberlake",Jeffrey,L.,Timberlake,,,2,R,2,Sen,SD-017,9931674,121048,,Jeffrey_Timberlake,291720,0
14714,"Matthea Larsen Daughtry",Matthea,Elisabeth,"Larsen Daughtry",,,1,D,2,Sen,SD-023,16072377,142892,,Matthea_Daughtry,660564,0
14717,"Andrew Gattine",Andrew,M.,Gattine,,Drew,1,D,1,Rep,HD-126,9946504,137364,,Andrew_Gattine,403925,0
14720,"Craig Hickman",Craig,V.,Hickman,,,1,D,2,Sen,SD-014,6501432,121034,,Craig_Hickman,291709,0
14726,"Matthew Moonen",Matthew,W.,Moonen,,Matt,1,D,1,Rep,HD-117,11022707,137356,,Matthew_Moonen,392492,0
15729,"Anne-Marie Mastraccio",Anne-Marie,,Mastraccio,,,1,D,1,Rep,HD-142,11022701,137415,,Anne-Marie_Mastraccio,396066,0
15775,"Richard Campbell",Richard,H.,Campbell,,,2,R,1,Rep,HD-019,6628372,6606,,Richard_Campbell_(Maine),293193,0
16635,"Ryan Fecteau",Ryan,M.,Fecteau,,,1,D,1,Rep,HD-132,23424246,151397,,Ryan_Fecteau,490397,0
16689,"Scott Cyrway",Scott,W.,Cyrway,,,2,R,2,Sen,SD-016,26783579,155345,,Scott_Cyrway,512194,0
16780,"Bradlee Farrin",Bradlee,Thomas,Farrin,,,2,R,2,Sen,SD-003,23424426,151396,,Bradlee_Farrin,490421,0
16781,"Robert Foley",Robert,A.,Foley,,,2,R,1,Rep,HD-145,9937051,151401,,Robert_Foley,490394,0
16786,"William Tuell",William,R.,Tuell,,,2,R,1,Rep,HD-010,23424445,149293,,William_Tuell,490436,0
16787,"David Woodsome",David,,Woodsome,,,2,R,1,Rep,HD-139,26783586,155021,,David_Woodsome,500712,0
17107,"Denise Tepler",Denise,,Tepler,,,1,D,2,Sen,SD-024,13001915,103512,,Denise_Tepler,289971,0
17214,"Randall Greenwood",Randall,Adam,Greenwood,,,2,R,1,Rep,HD-056,6569465,10963,,Randall_Greenwood,493131,0
17216,"Teresa Pierce",Teresa,S.,Pierce,,,1,D,2,Sen,SD-025,6619180,151482,,Teresa_Pierce,491227,0
17340,"Nathan Wadsworth",Nathan,J.,Wadsworth,,,2,R,1,Rep,HD-082,23424396,151518,,Nathan_Wadsworth,493128,0
17667,"Pinny Beebe-Center",Anne,,Beebe-Center,,Pinny,1,D,2,Sen,SD-012,9984853,87409,,Anne_Beebe-Center,530183,0
17788,"Matthew Harrington",Matthew,,Harrington,,,2,R,2,Sen,SD-033,26357196,155022,,Matthew_Harrington_(Maine),506124,0
18174,"Donna Bailey",Donna,,Bailey,,,1,D,2,Sen,SD-031,20816176,170078,,Donna_Bailey_(Maine),574530,0
18176,"Richard Bradstreet",Richard,T.,Bradstreet,,,2,R,2,Sen,SD-015,39714200,170234,,Richard_Bradstreet,573130,0
18188,"David Haggan",David,G.,Haggan,,,2,R,2,Sen,SD-010,39714265,170353,,David_Haggan,573131,0
18192,"Mark Lawrence",Mark,W.,Lawrence,,,1,D,2,Sen,SD-035,13012296,1711,,Mark_Lawrence_(Maine),574512,0
18204,"Abden Simmons",Abden,S.,Simmons,,,2,R,1,Rep,HD-045,39714350,170272,,Abden_Simmons,569172,0
18206,"Harold Stewart",Harold,L.,Stewart,III,Trey,2,R,2,Sen,SD-002,39714358,170489,,Harold_Stewart,569524,0
18210,"Rachel Talbot Ross",Rachel,,"Talbot Ross",,,1,D,2,Sen,SD-028,39714339,170111,,Rachel_Ross,574569,0
21167,"Marianne Moore",Marianne,,Moore,,,2,R,2,Sen,SD-006,9994672,170470,,Marianne_Moore,574750,0
21189,"Amy Arata",Amy,B.,Arata,,,2,R,1,Rep,HD-104,13995386,176845,,Amy_Arata,640877,0
21191,"Mark Blier",Mark,John,Blier,,,2,R,1,Rep,HD-138,44886260,181175,,Mark_Blier,659670,0
21192,"Michael Brennan",Michael,F.,Brennan,,,1,D,1,Rep,HD-115,6411192,6602,,Michael_Brennan_(Maine),195453,0
21194,"Anne Carney",Anne,M.,Carney,,,1,D,2,Sen,SD-029,10009367,181179,,Anne_Carney,659686,0
21195,"Kristen Cloutier",Kristen,S.,Cloutier,,,1,D,1,Rep,HD-094,40807010,148093,,Kristen_Cloutier,652937,0
21197,"Edward Crockett",Edward,,Crockett,,Ed,1,D,1,Rep,HD-112,44886281,181190,,W._Edward_Crockett,660554,0
21201,"Janice Dodge",Janice,S.,Dodge,,,1,D,1,Rep,HD-039,44886342,181252,,Janice_Dodge,660655,0
21203,"Victoria Doudera",Victoria,W.,Doudera,,,1,D,1,Rep,HD-041,44886340,181250,,Victoria_Doudera,660653,0
21204,"Gary Drinkwater",Gary,A.,Drinkwater,,,2,R,1,Rep,HD-027,39714232,170429,,Gary_Drinkwater,574701,0
21205,"William Faulkingham",William,R.,Faulkingham,,"Billy Bob",2,R,1,Rep,HD-012,15650627,181328,,William_Faulkingham,660789,0
21208,"Steven Foster",Steven,D.,Foster,,,2,R,1,Rep,HD-032,44886353,181262,,Steven_Foster_(Maine),660669,0
21209,"Lori Gramlich",Lori,Kathryn,Gramlich,,,1,D,1,Rep,HD-131,44886246,181163,,Lori_Gramlich,659658,0
21210,"Abigail Griffin",Abigail,W.,Griffin,,,2,R,1,Rep,HD-034,44886350,181260,,Abigail_Griffin,660665,0
21211,"Nicole Grohoski",Nicole,C.,Grohoski,,,1,D,2,Sen,SD-007,45080531,183656,,Nicole_Grohoski,679499,0
21212,"Randall Hall",Randall,C.,Hall,,,2,R,1,Rep,HD-074,44886366,181272,,Randall_Hall,660676,0
21214,"Allison Hepler",Allison,L.,Hepler,,,1,D,1,Rep,HD-049,39714269,170132,,Allison_Hepler,567090,0
21217,"Henry Ingwersen",Henry,L.,Ingwersen,,,1,D,2,Sen,SD-032,44886241,181160,,Henry_Ingwersen,659655,0
21218,"Kathy Javner",Kathy,I.,Javner,,,2,R,1,Rep,HD-029,44886396,181334,,Kathy_Javner,660807,0
21219,"Christopher Kessler",Christopher,J.,Kessler,,,1,D,1,Rep,HD-121,11023095,142762,,Christopher_Kessler,399508,0
21223,"Ann Matlack",Ann,H.,Matlack,,,1,D,1,Rep,HD-043,44886337,181247,,Ann_Matlack,660650,0
21226,"Michele Meyer",Michele,,Meyer,,,1,D,1,Rep,HD-150,43958752,181154,,Michele_Meyer_(Maine),659650,0
21228,"Joshua Morris",Joshua,K.,Morris,,,2,R,1,Rep,HD-091,13001994,103555,,Joshua_Morris,291719,0
21230,"William Pluecker",William,Donohue,Pluecker,,Bill,3,I,1,Rep,HD-044,45362833,183608,,William_Pluecker,679490,0
21232,"Tiffany Roberts-Lovell",Tiffany,D.,Roberts-Lovell,,,1,D,1,Rep,HD-149,46028066,183643,,Tiffany_Roberts-Lovell,679468,0
21233,"Shelley Rudnicki",Shelley,J.,Rudnicki,,,2,R,1,Rep,HD-067,44886356,181265,,Shelley_Rudnicki,652941,0
21235,"Holly Stover",Holly,B.,Stover,,,1,D,1,Rep,HD-048,9930136,181245,,Holly_Stover,660648,0
21236,"Gregory Swallow",Gregory,Lewis,Swallow,,Gregg,2,R,1,Rep,HD-007,44886401,181338,,Gregory_Swallow,660816,0
21273,"Richard Mason",Richard,Gordon,Mason,,,2,R,1,Rep,HD-097,15374623,176815,,Richard_Mason,646910,0
22237,"Joseph Baldacci",Joseph,M.,Baldacci,,Joe,1,D,2,Sen,SD-009,9942386,22174,,Joe_Baldacci,547723,0
22238,"Richard Bennett",Richard,A.,Bennett,,,2,R,2,Sen,SD-018,1112942,10747,,Richard_Bennett_(Maine),195410,0
22239,"Stacy Brenner",Stacy,Fielding,Brenner,,,1,D,2,Sen,SD-030,50245592,192722,,Stacy_Brenner,736675,0
22240,"Glenn Curry",Glenn,,Curry,,Chip,1,D,2,Sen,SD-011,11022652,137202,,Glenn_Curry,399489,0
22241,"Joseph Rafferty",Joseph,E.,Rafferty,Jr.,,1,D,2,Sen,SD-034,50245595,192719,,Joseph_Rafferty_Jr.,736677,0
22294,"Sophia Warren",Sophia,B.,Warren,,,1,D,1,Rep,HD-124,51094872,193557,,Sophia_Warren,753756,0
22348,"Joseph Underwood",Joseph,F.,Underwood,,,2,R,1,Rep,HD-005,50245725,139474,,Joseph_Underwood,732398,0
22693,"Amanda Collamore",Amanda,Noelle,Collamore,,,2,R,1,Rep,HD-068,50245686,192608,,Amanda_Collamore,736998,0
22694,"Amy Roeder",Amy,J.,Roeder,,,1,D,1,Rep,HD-023,50245702,192591,,Amy_Roeder,737037,0
22695,"Arthur Bell",Arthur,L.,Bell,,,1,D,1,Rep,HD-103,50245630,192676,,Arthur_Bell,736826,0
22698,"Grayson Lookner",Grayson,B.,Lookner,,,1,D,1,Rep,HD-113,50245621,192683,,Grayson_Lookner,736812,0
22699,"James Thorne",James,E.,Thorne,,,2,R,1,Rep,HD-035,46622862,192612,,James_Thorne_(Maine),732436,0
22700,"Jennifer Poirier",Jennifer,L.,Poirier,,,2,R,1,Rep,HD-070,50245687,192607,,Jennifer_Poirier,732438,0
22701,"John Ducharme",John,E.,Ducharme,III,,2,R,1,Rep,HD-071,50245691,192605,,John_Ducharme,737005,0
22703,"Kristi Mathieson",Kristi,Michele,Mathieson,,,1,D,1,Rep,HD-151,50245596,192706,,Kristi_Mathieson,732406,0
22705,"Laura Supica",Laura,D.,Supica,,,1,D,1,Rep,HD-022,50245703,187634,,Laura_Supica,737039,0
22706,"Laurel Libby",Laurel,D.,Libby,,,2,R,1,Rep,HD-090,50245648,192645,,Laurel_Libby,736893,0
22707,"Laurie Osher",Laurie,,Osher,,,1,D,1,Rep,HD-025,5943141,192594,,Laurie_Osher,737031,0
22709,"Melanie Sachs",Melanie,F.,Sachs,,,1,D,1,Rep,HD-102,11022717,137337,,Melanie_Sachs,399504,0
22711,"Morgan Rielly",Morgan,J.,Rielly,,,1,D,1,Rep,HD-127,50245619,192684,,Morgan_Rielly,736803,0
22712,"Nathan Carlow",Nathan,Michael,Carlow,,,2,R,1,Rep,HD-137,50245607,192695,,Nathan_Carlow,736789,0
22713,"Poppy Arford",Poppy,,Arford,,,1,D,1,Rep,HD-101,37293212,192665,,Poppy_Arford,732424,0
22715,"Samuel Zager",Samuel,Lewis,Zager,,,1,D,1,Rep,HD-116,50245626,192670,,Samuel_Zager,736820,0
22716,"Susan Bernard",Susan,,Bernard,,,2,R,2,Sen,SD-001,50245727,192486,,Susan_Bernard,737143,0
22717,"Suzanne Salisbury",Suzanne,M.,Salisbury,,,1,D,1,Rep,HD-128,23424262,151493,,Suzanne_Salisbury,491220,0
22718,"Tavis Hasenfus",Tavis,Rock,Hasenfus,,,1,D,1,Rep,HD-057,50245662,192633,,Tavis_Hasenfus,736913,0
22720,"Valli Geiger",Valli,D.,Geiger,,,1,D,1,Rep,HD-042,50245676,192619,,Valli_Geiger,736981,0
22750,"Tracy Quint",Tracy,,Quint,,,2,R,1,Rep,HD-008,52333597,195351,,Tracy_Quint,753764,0
22766,"Lydia Crafts",Lydia,V.,Crafts,,,1,D,1,Rep,HD-046,50245671,192624,,Lydia_Crafts,736937,0
22837,"Lynn Copeland",Lynn,,Copeland,,,1,D,1,Rep,HD-130,52328825,195344,,Lynn_Copeland,753754,0
22838,"Sheila Lyman",Sheila,A.,Lyman,,,2,R,1,Rep,HD-076,50245656,192639,,Sheila_Lyman,736905,0
22867,"Traci Gere",Traci,,Gere,,,1,D,1,Rep,HD-134,28304739,192699,,Traci_Gere,736775,0
22868,"Michael Lemelin",Michael,H.,Lemelin,,,2,R,1,Rep,HD-053,44886331,181242,,Michael_Lemelin,660645,0
23234,"James Libby",James,D.,Libby,,,2,R,2,Sen,SD-022,55399459,6666,,James_Libby_(Maine),0,0
23235,"Timothy Nangle",Timothy,E.,Nangle,,,1,D,2,Sen,SD-026,55399463,203722,,Timothy_Nangle,0,0
23236,"Cameron Reny",Cameron,D.,Reny,,,1,D,2,Sen,SD-013,55399451,203713,,Cameron_Reny,0,0
23237,"Jill Duson",Jill,C.,Duson,,,1,D,2,Sen,SD-027,9930151,75557,,Jill_Duson,0,0
23238,"Michael Tipping",Michael,,Tipping,,Mike,1,D,2,Sen,SD-008,55399445,0,,Mike_Tipping,0,0
23239,"Mana Abdi",Mana,H.,Abdi,,,1,D,1,Rep,HD-095,55399579,203823,,Mana_Abdi,0,0
23240,"Jeffrey Adams",Jeffrey,Sean,Adams,,,2,R,1,Rep,HD-144,55399633,203870,,Jeffrey_Adams,0,0
23241,"Roger Albert",Roger,Clarence,Albert,,,2,R,1,Rep,HD-002,55399473,203731,,Roger_Albert,0,0
23242,"Daniel Ankeles",Daniel,J.,Ankeles,,Dan,1,D,1,Rep,HD-100,44290928,203830,,Dan_Ankeles,0,0
23243,"Donald Ardell",Donald,J.,Ardell,,,2,R,1,Rep,HD-006,55399478,0,,Donald_Ardell,0,0
23244,"Mark Babin",Mark,Michael,Babin,,,2,R,1,Rep,HD-003,55399475,0,,Mark_Babin,0,0
23245,"Barbara Bagshaw",Barbara,A.,Bagshaw,,,2,R,1,Rep,HD-106,55399593,0,,Barbara_Bagshaw,0,0
23246,"David Boyer",David,W.,Boyer,,,2,R,1,Rep,HD-087,55399569,203815,,David_Boyer_(Maine),0,0
23247,"William Bridgeo",William,R.,Bridgeo,,,1,D,1,Rep,HD-060,55399540,203786,,William_Bridgeo,0,0
23248,"Sally Cluchey",Sally,,Cluchey,,,1,D,1,Rep,HD-052,26284275,210196,,Sally_Cluchey,0,0
23251,"Deqa Dhalac",Deqa,,Dhalac,,,1,D,1,Rep,HD-120,55972730,210198,,Deqa_Dhalac,0,0
23252,"Holly Eaton",Holly,,Eaton,,,1,D,1,Rep,HD-015,55399488,203746,,Holly_Eaton,0,0
23253,"Ann Fredericks",Ann,,Fredericks,,,2,R,1,Rep,HD-143,55972735,0,,,0,0
23255,"Cheryl Golek",Cheryl,A.,Golek,,,1,D,1,Rep,HD-099,55399585,203828,,Cheryl_Golek,0,0
23256,"Timothy Guerrette",Timothy,C.,Guerrette,,,2,R,1,Rep,HD-004,39714263,170032,,Timothy_Guerrette,0,0
23257,"Rachel Henderson",Rachel,Ann,Henderson,,,2,R,1,Rep,HD-078,0,0,,Rachel_Ann_Henderson,0,0
23258,"Benjamin Hymes",Benjamin,C.,Hymes,,,2,R,1,Rep,HD-038,55399512,203765,,Benjamin_Hymes,0,0
23259,"Caldwell Jackson",Caldwell,,Jackson,,,2,R,1,Rep,HD-080,19424078,37161,,Caldwell_Jackson,0,0
23261,"Amy Kuhn",Amy,D.,Kuhn,,,1,D,1,Rep,HD-111,51425463,203844,,Amy_Kuhn,0,0
23262,"Lucas Lanigan",Lucas,John,Lanigan,,,2,R,1,Rep,HD-141,55399629,203866,,Lucas_Lanigan,0,0
23263,"Thomas Lavigne",Thomas,A.,Lavigne,,,2,R,1,Rep,HD-148,55399640,0,,Thomas_Lavigne,0,0
23264,"Adam Lee",Adam,R.,Lee,,,1,D,1,Rep,HD-089,54396717,203818,,Adam_Lee,0,0
23265,"Marc Malon",Marc,G.,Malon,II,,1,D,1,Rep,HD-133,55399621,203859,,Marc_Malon,0,0
23266,"Nina Milliken",Nina,Azella,Milliken,,,1,D,1,Rep,HD-016,55399491,203749,,Nina_Milliken,0,0
23267,"Karen Montell",Karen,L.,Montell,,,1,D,1,Rep,HD-054,55399533,0,,Karen_Montell,0,0
23268,"Kelly Murphy",Kelly,Noonan,Murphy,,,1,D,1,Rep,HD-125,0,210199,,Kelly_Noonan_Murphy,816875,0
23270,"Reagan Paul",Reagan,L.,Paul,,,2,R,1,Rep,HD-037,55399510,203764,,Reagan_Paul,806250,0
23271,"Chad Perkins",Chad,Richard,Perkins,,,2,R,1,Rep,HD-031,50245696,193313,,Chad_Perkins_(Maine),0,0
23273,"Kimberly Pomerleau",Kimberly,J.,Pomerleau,,,2,R,1,Rep,HD-085,55399567,203813,,Kimberly_Pomerleau,0,0
23275,"Ambureen Rana",Ambureen,,Rana,,,1,D,1,Rep,HD-021,44886347,181257,,Ambureen_Rana,0,0
23276,"Walter Runte",Walter,Gerard,Runte,Jr.,,1,D,1,Rep,HD-146,55399637,203874,,Walter_Runte_Jr.,0,0
23278,"Holly Sargent",Holly,T.,Sargent,,,1,D,1,Rep,HD-147,53307331,203877,,Holly_Sargent,0,0
23279,"Daniel Sayre",Daniel,,Sayre,,,1,D,1,Rep,HD-135,45363039,203862,,Daniel_Sayre,0,0
23280,"Tammy Schmersal-Burgess",Tammy,L.,Schmersal-Burgess,,,2,R,1,Rep,HD-077,55399558,203803,,Tammy_Schmersal-Burgess,0,0
23281,"Daniel Shagoury",Daniel,Joseph,Shagoury,,,1,D,1,Rep,HD-055,55399534,203782,,Daniel_Shagoury,0,0
23283,"Charles Skold",Charles,A.,Skold,,,1,D,1,Rep,HD-119,55399607,192681,,Charles_Skold,0,0
23284,"Katrina Smith",Katrina,J.,Smith,,,2,R,1,Rep,HD-062,50245678,192615,,Katrina_Smith,0,0
23285,"Michael Soboleski",Michael,,Soboleski,,,2,R,1,Rep,HD-073,55399552,203798,,Michael_Soboleski,806528,0
23286,"Tiffany Strout",Tiffany,,Strout,,,2,R,1,Rep,HD-011,55399484,203742,,Tiffany_Strout,0,0
23288,"Mark Walker",Mark,,Walker,,,2,R,1,Rep,HD-084,9939609,203812,,Mark_Walker_(Maine_State_House_candidate),0,0
23289,"James White",James,Lee,White,,,2,R,1,Rep,HD-030,55399504,203758,,James_White_(Maine),0,0
23290,"Stephen Wood",Stephen,J.,Wood,,,2,R,1,Rep,HD-092,55399576,121024,,Stephen_Wood,0,0
23889,"Aaron Dana",Aaron,,Dana,,,6,N,1,Rep,HD-TRIBE,0,211260,,,827120,0
24489,"Irene Gifford",Irene,,Gifford,,,2,R,1,Rep,HD-028,15214021,210194,,Irene_Gifford,816848,0
25000,"David Sinclair",David,C.,Sinclair,,,1,D,1,Rep,HD-050,0,212761,,David_Sinclair,0,0
25173,"Matthew Beck",Matthew,D.,Beck,,,1,D,1,Rep,HD-122,59682179,214980,,Matthew_Beck,0,0
25928,"Marshall Archer",Marshall,F.,Archer,,,1,D,1,Rep,HD-129,59829378,216042,,Marshall_Archer,0,0
25929,"Steven Bishop",Steven,M.,Bishop,,,2,R,1,Rep,HD-017,59829571,215810,,Steven_Bishop,0,0
25930,"Michelle Boyer",Michelle,Nicole,Boyer,,,1,D,1,Rep,HD-123,59829591,216033,,Michelle_Boyer,0,0
25931,"Stephan Bunker",Stephan,M.,Bunker,,,1,D,1,Rep,HD-075,50245693,192603,,Stephan_Bunker,0,0
25932,"Elizabeth Caruso",Elizabeth,M.,Caruso,,,2,R,1,Rep,HD-072,59829215,203884,,Elizabeth_Caruso,0,0
25933,"Quentin Chapman",Quentin,J.,Chapman,,,2,R,1,Rep,HD-088,59829353,216001,,Quentin_Chapman,0,0
25934,"Marygrace Cimino",Marygrace,Caroline,Cimino,,,2,R,1,Rep,HD-083,59829601,215995,,Marygrace_Cimino,0,0
25935,"Alicia Collins",Alicia,,Collins,,,2,R,1,Rep,HD-061,59829644,215954,,Alicia_Collins_(Maine),0,0
25936,"Mark Cooper",Mark,C.,Cooper,,,2,R,1,Rep,HD-107,59829173,216018,,Mark_Cooper_(Maine),0,0
25937,"Lucien Daigle",Lucien,J.B.,Daigle,,,2,R,1,Rep,HD-001,59829663,215798,,Lucien_Daigle,0,0
25938,"Flavia DeBrito",Flavia,M.,DeBrito,,,1,D,1,Rep,HD-064,59829202,215958,,Flavia_DeBrito,0,0
25939,"John Eder",John,,Eder,,,2,R,1,Rep,HD-136,59829210,36944,,John_Eder,0,0
25940,"Wayne Farrin",Wayne,K.,Farrin,,,1,D,1,Rep,HD-047,50245670,192626,,Wayne_Farrin,0,0
25941,"Paul Flynn",Paul,R.,Flynn,,,2,R,1,Rep,HD-063,59829526,215956,,Paul_Flynn,0,0
25942,"Gary Friedmann",Gary,,Friedmann,,,1,D,1,Rep,HD-014,20817396,103466,,Gary_Friedmann,0,0
25943,"Sharon Frost",Sharon,C.,Frost,,,3,I,1,Rep,HD-058,60434277,219520,,Sharon_Frost,0,0
25944,"Kimberly Haggan",Kimberly,M.,Haggan,,,2,R,1,Rep,HD-036,59829275,215820,,Kimberly_Haggan,0,0
25945,"Cassie Julia",Cassie,Lynn,Julia,,,1,D,1,Rep,HD-065,59829635,215960,,Cassie_Julia,0,0
25946,"Michael Lance",Michael,J.,Lance,,,2,R,1,Rep,HD-079,59829323,215990,,Michael_Lance,0,0
25947,"Rafael Macias",Rafael,Leo,Macias,,,1,D,1,Rep,HD-051,59829568,215933,,Rafael_Macias,0,0
25948,"Julia McCabe",Julia,A.G.,McCabe,,,1,D,1,Rep,HD-093,59829298,216006,,Julia_McCabe,0,0
25949,"Mathew McIntyre",Mathew,David,McIntyre,,,2,R,1,Rep,HD-018,59829404,215811,,Mathew_McIntyre,0,0
25950,"Arthur Mingo",Arthur,Kevin,Mingo,,,2,R,1,Rep,HD-009,59829412,215804,,Arthur_Mingo,0,0
25951,"Christina Mitchell",Christina,R.C.,Mitchell,,,1,D,1,Rep,HD-110,59829580,216023,,Christina_Mitchell,0,0
25952,"Dani O'Halloran",Dani,L.,O'Halloran,,,1,D,1,Rep,HD-020,59829390,215812,,Dani_O'Halloran,0,0
25953,"Rolf Olsen",Rolf,A.,Olsen,Jr.,,2,R,1,Rep,HD-086,59829699,215998,,Rolf_Olsen_Jr.,0,0
25954,"Dylan Pugh",Dylan,R.,Pugh,,,1,D,1,Rep,HD-114,59829201,216025,,Dylan_Pugh,0,0
25955,"D. Ray",D.,Michael,Ray,,,1,D,1,Rep,HD-040,0,215822,,D._Ray,0,0
25956,"David Rollins",David,M.,Rollins,,,1,D,1,Rep,HD-059,59829214,80955,,David_Rollins,0,0
25957,"Eleanor Sato",Eleanor,Y.,Sato,,,1,D,1,Rep,HD-109,59829263,216021,,Eleanor_Sato,0,0
25958,"Parnell Terry",Parnell,William,Terry,,,1,D,1,Rep,HD-108,59829283,216020,,Parnell_Terry,871162,0
25959,"Kilton Webb",Kilton,M.,Webb,,,1,D,1,Rep,HD-098,59829169,216012,,Kilton_Webb,0,0
25960,"Russell White",Russell,P.,White,,Russ,2,R,1,Rep,HD-013,59829683,215808,,Russell_White,0,0
25961,"Peter Wood",Peter,Conley,Wood,,,2,R,1,Rep,HD-081,59829631,215993,,Peter_Wood,0,0
25962,"Yusuf Yusuf",Yusuf,M.,Yusuf,,,1,D,1,Rep,HD-118,59829272,216027,,Yusuf_Yusuf,0,0
25963,"Joseph Martin",Joseph,,Martin,,,2,R,2,Sen,SD-019,26783580,155019,,Joseph_Martin_(Maine),0,0
26432,"Sean Faircloth",Sean,,Faircloth,,,1,D,1,Rep,HD-024,0,6571,,Sean_Faircloth,0,0
