people_id,name,first_name,middle_name,last_name,suffix,nickname,party_id,party,role_id,role,district,followthemoney_eid,votesmart_id,opensecrets_id,ballotpedia,knowwho_pid,committee_id
3815,"Kelda Roys",Kelda,,Roys,,,1,D,2,Sen,SD-026,2945642,109053,,Kelda_Roys,271622,0
3819,"Christine Sinicki",Christine,,Sinicki,,,1,D,1,Rep,HD-020,2943905,26251,,Christine_Sinicki,199920,0
3820,"Jeff Smith",Jeff,,Smith,,,1,D,2,Sen,SD-031,2882398,51946,,Jeff_Smith_(Wisconsin),250976,0
3835,"Robert Wirch",Robert,W.,Wirch,,,1,D,2,Sen,SD-022,13013888,3557,,Robert_Wirch,199889,0
3846,"Jeffrey Mursau",Jeffrey,L.,Mursau,,,2,R,1,Rep,HD-036,6666495,51836,,Jeffrey_Mursau,228298,0
3847,"Dan Knodl",Dan,,Knodl,,,2,R,1,Rep,HD-024,2929308,108918,,Daniel_Knodl,271521,0
3876,"Dean Kaufert",Dean,R.,Kaufert,,,2,R,1,Rep,HD-053,13009602,3507,,Dean_Kaufert,199961,0
3916,"Timothy Carpenter",Timothy,W.,Carpenter,,,1,D,2,Sen,SD-003,2961948,3477,,Tim_Carpenter,199909,0
3933,"Robin Vos",Robin,,Vos,,,2,R,1,Rep,HD-033,3217195,51839,,Robin_Vos,228318,0
3942,"Kevin Petersen",Kevin,David,Petersen,,,2,R,1,Rep,HD-057,2931625,68668,,Kevin_Petersen,250959,0
3946,"Steve Nass",Steve,,Nass,,,2,R,2,Sen,SD-011,2929947,3522,,Stephen_Nass,199934,0
12262,"Van Wanggaard",Van,H.,Wanggaard,,,2,R,2,Sen,SD-021,3650225,68677,,Van_Wanggaard,297796,0
12267,"Scott Krug",Scott,,Krug,,,2,R,1,Rep,HD-072,4349896,51822,,Scott_Krug,310408,0
12269,"Travis Tranel",Travis,,Tranel,,,2,R,1,Rep,HD-049,2927947,108987,,Travis_Tranel,310242,0
12276,"Andre Jacque",Andre,,Jacque,,,2,R,2,Sen,SD-001,2928673,126971,,Andre_Jacque,309939,0
12277,"Chris Kapenga",Chris,,Kapenga,,,2,R,2,Sen,SD-033,3189607,127114,,Chris_Kapenga,297778,0
12291,"Tyler August",Tyler,,August,,,2,R,1,Rep,HD-031,3296309,127109,,Tyler_August,246768,0
12299,"Howard Marklein",Howard,,Marklein,,,2,R,2,Sen,SD-017,2928671,127136,,Howard_Marklein,297783,0
12304,"Christopher Larson",Christopher,,Larson,,,1,D,2,Sen,SD-007,2959578,109307,,Chris_Larson,309499,0
12926,Finance,,,,,,0,,3,Jnt,,0,0,,,0,1083
12927,"Legislative Organization",,,,,,0,,3,Jnt,,0,0,,,0,1087
13074,"committee for review of Administrative Rules",,,,,,0,,3,Jnt,,0,0,,,0,1079
13126,"Steve Doyle",Steve,,Doyle,,,1,D,1,Rep,HD-094,6513549,98453,,Steve_Doyle,340284,0
13347,"Robert Brooks",Robert,,Brooks,,,2,R,1,Rep,HD-059,3367096,24228,,Robert_Brooks_(Wisconsin),498663,0
13541,"Employment Relations",,,,,,0,,3,Jnt,,0,0,,,0,1082
13657,"Jill Billings",Jill,E.,Billings,,,1,D,1,Rep,HD-095,2919395,98417,,Jill_Billings,379646,0
13998,"Joint Legislative Council",,,,,,0,,3,Jnt,,0,0,,,0,1085
14585,"Rob Swearingen",Rob,,Swearingen,,,2,R,1,Rep,HD-034,3065787,140550,,Rob_Swearingen,417043,0
15091,"Mark Born",Mark,L.,Born,,,2,R,1,Rep,HD-037,13736030,140579,,Mark_Born,404149,0
15092,"Mary Felzkowski",Mary,,"Czaja Felzkowski",,,2,R,2,Sen,SD-012,13736017,140555,,Mary_Felzkowski,417050,0
15093,"Rob Hutton",Rob,,Hutton,,,2,R,2,Sen,SD-005,13735958,99011,,Rob_Hutton,404210,0
15094,"John Jagler",John,,Jagler,,,2,R,2,Sen,SD-013,13736023,140561,,John_Jagler,338385,0
15096,"David Murphy",David,J.,Murphy,,,2,R,1,Rep,HD-056,2856629,140646,,Dave_Murphy_(Wisconsin),417166,0
15099,"John Spiros",John,,Spiros,,,2,R,1,Rep,HD-086,13736134,127159,,John_Spiros,297787,0
15100,"Paul Tittl",Paul,R.,Tittl,,,2,R,1,Rep,HD-025,13735995,98754,,Paul_Tittl,416993,0
15362,"LaTonya Johnson",LaTonya,,Johnson,,,1,D,2,Sen,SD-006,13735967,140500,,LaTonya_Johnson,416959,0
15719,"Dianne Hesselbein",Dianne,Helen,Hesselbein,,,1,D,2,Sen,SD-027,13736118,108717,,Dianne_Hesselbein,297791,0
16023,"Adam Neylon",Adam,,Neylon,,,2,R,1,Rep,HD-015,16634046,144244,,Adam_Neylon,275690,0
16062,"Jessie Rodriguez",Yesenia,Edelmira,Rodriguez,,Jessie,2,R,1,Rep,HD-021,18912418,145420,,Jessie_Rodriguez,496150,0
16407,"Scott Allen",Scott,E.,Allen,,,2,R,1,Rep,HD-082,2941481,153681,,Scott_Allen_(Wisconsin),498675,0
16418,"Joel Kitchens",Joel,Coulombe,Kitchens,,,2,R,1,Rep,HD-001,3198575,153527,,Joel_Kitchens,495209,0
16422,"Todd Novak",Todd,,Novak,,,2,R,1,Rep,HD-051,3758634,153604,,Todd_Novak,495215,0
16423,"Romaine Quinn",Romaine,Robert,Quinn,,,2,R,2,Sen,SD-025,24811796,98313,,Romaine_Quinn,495228,0
16425,"Mark Spreitzer",Mark,,Spreitzer,,,1,D,2,Sen,SD-015,21069040,130725,,Mark_Spreitzer,487322,0
16426,"David Steffen",David,,Steffen,,,2,R,1,Rep,HD-004,2640722,51859,,David_Steffen,496146,0
16428,"Lisa Subeck",Lisa,,Subeck,,,1,D,1,Rep,HD-079,2974851,130751,,Lisa_Subeck,487335,0
16429,"Nancy VanderMeer",Nancy,Lynn,VanderMeer,,,2,R,1,Rep,HD-070,3168880,140661,,Nancy_VanderMeer,417261,0
17720,"Cindi Duchow",Cindi,,Duchow,,,2,R,1,Rep,HD-097,29002878,164472,,Cindi_Duchow,577203,0
18356,"Treig Pronschinske",Treig,E.,Pronschinske,,,2,R,1,Rep,HD-029,32197914,171913,,Treig_Pronschinske,584312,0
18357,"Patrick Snyder",Patrick,,Snyder,,,2,R,1,Rep,HD-085,3030079,140686,,Patrick_Snyder,404209,0
18358,"Rob Stafsholt",Rob,,Stafsholt,,,2,R,2,Sen,SD-010,3062383,68658,,Rob_Stafsholt,580143,0
18359,"Rob Summerfield",Rob,,Summerfield,,,2,R,1,Rep,HD-068,16073893,171822,,Rob_Summerfield,580279,0
18360,"Ron Tusler",Ron,,Tusler,,,2,R,1,Rep,HD-003,26246883,171944,,Ron_Tusler,582319,0
18361,"Chuck Wichgers",Chuck,,Wichgers,,,2,R,1,Rep,HD-084,40613030,171895,,Chuck_Wichgers,580320,0
18362,"Shannon Zimmerman",Shannon,,Zimmerman,,,2,R,1,Rep,HD-030,40609738,172035,,Shannon_Zimmerman_(Wisconsin),580156,0
18363,"Dan Feyen",Dan,,Feyen,,,2,R,2,Sen,SD-020,3238822,171917,,Dan_Feyen,580103,0
18364,"Patrick Testin",Patrick,,Testin,,,2,R,2,Sen,SD-024,13736108,140664,,Patrick_Testin,423816,0
19568,"Greta Neubauer",Greta,,Neubauer,,,1,D,1,Rep,HD-066,44074858,176963,,Greta_Neubauer,635067,0
19637,"Rick Gundrum",Rick,,Gundrum,,,2,R,1,Rep,HD-058,44074856,98970,,Rick_Gundrum,653846,0
20178,"Barbara Dittrich",Barbara,,Dittrich,,,2,R,1,Rep,HD-099,45364150,183944,,Barbara_Dittrich,667855,0
20179,"Jodi Emerson",Jodene,Kay,Emerson,,Jodi,1,D,1,Rep,HD-091,44265081,184006,,Jodi_Emerson,662366,0
20181,"Kalan Haywood",Kalan,,Haywood,,,1,D,1,Rep,HD-016,3322158,183922,,Kalan_Haywood,668690,0
20182,"Jesse James",Jesse,,James,,,2,R,2,Sen,SD-023,45364195,183992,,Jesse_James_(Wisconsin),664934,0
20183,"Tony Kurtz",Anthony,M.,Kurtz,,Tony,2,R,1,Rep,HD-041,18227303,153482,,Tony_Kurtz,495205,0
20188,"Shae Sortwell",Shae,,Sortwell,,,2,R,1,Rep,HD-002,15686808,123409,,Shae_Sortwell,338474,0
20189,"Shelia Stubbs",Shelia,,Stubbs,,,1,D,1,Rep,HD-078,44290815,99861,,Shelia_Stubbs,654564,0
20190,"Robyn Vining",Robyn,,Vining,,,1,D,1,Rep,HD-013,45362903,183918,,Robyn_Vining,664909,0
20191,"Robert Wittke",Robert,,Wittke,,,2,R,1,Rep,HD-063,43117354,183987,,Robert_Wittke,667861,0
20615,"Devin LeMahieu",Devin,,LeMahieu,,,2,R,2,Sen,SD-009,3073941,100892,,Devin_LeMahieu,404201,0
21362,"Tip McGuire",Tip,,McGuire,,,1,D,1,Rep,HD-064,47189370,186266,,Tip_McGuire,294877,0
21984,"Julian Bradley",Marc,Julian,Bradley,,Julian,2,R,2,Sen,SD-028,6696472,127206,,Julian_Bradley,487298,0
21985,"Brad Pfaff",Brad,,Pfaff,,,1,D,2,Sen,SD-032,3270512,13941,,Brad_Pfaff,239497,0
21986,"Eric Wimberger",Eric,,Wimberger,,,2,R,2,Sen,SD-002,24811811,153669,,Eric_Wimberger,499710,0
21987,"Deb Andraca",Deborah,,Andraca,,Deb,1,D,1,Rep,HD-023,15682895,193878,,Deb_Andraca,739754,0
21988,"David Armstrong",David,,Armstrong,,,2,R,1,Rep,HD-067,50058283,193949,,David_Armstrong_(Wisconsin),739965,0
21990,"Rachael Cabral-Guevara",Rachael,Ann,Cabral-Guevara,,,2,R,2,Sen,SD-019,50058235,193913,,Rachael_Cabral-Guevara,739886,0
21991,"Calvin Callahan",Calvin,,Callahan,,,2,R,1,Rep,HD-035,50058177,193887,,Calvin_Callahan,739833,0
21993,"Alex Dallman",Alex,A.,Dallman,,,2,R,1,Rep,HD-039,50058191,193892,,Alex_Dallman,626212,0
21994,"Dora Drake",Dora,,Drake,,,1,D,2,Sen,SD-004,50058114,193836,,Dora_Drake,739695,0
21995,"Francesca Hong",Francesca,,Hong,,,1,D,1,Rep,HD-076,50058291,193953,,Francesca_Hong,745365,0
21996,"Supreme Omokunde",Supreme,,Moore-Omokunde,,,1,D,1,Rep,HD-017,43990168,165178,,Supreme_Moore_Omokunde,745280,0
21997,"Clint Moses",Clint,,Moses,,,2,R,1,Rep,HD-092,50058159,193881,,Clint_Moses,739759,0
21998,"Sylvia Ortiz-Velez",Sylvia,,Ortiz-Velez,,,1,D,1,Rep,HD-008,50058101,186794,,Sylvia_Ortiz_Velez,739689,0
22002,"Lee Snodgrass",Lee,,Snodgrass,,,1,D,1,Rep,HD-052,3814435,183899,,Lee_Snodgrass,664841,0
22924,"Elijah Behnke",Elijah,,Behnke,,,2,R,1,Rep,HD-006,52631385,195702,,Elijah_Behnke,773202,0
22945,"William Penterman",William,,Penterman,,,2,R,1,Rep,HD-038,53809460,196310,,William_Penterman,745843,0
23583,"Clinton Anderson",Clinton,,Anderson,,,1,D,1,Rep,HD-045,55649640,172044,,Clinton_Anderson,0,0
23584,"Mike Bare",Mike,,Bare,,,1,D,1,Rep,HD-080,26342932,200538,,Mike_Bare,0,0
23587,"Ryan Clancy",Ryan,,Clancy,,,1,D,1,Rep,HD-019,43874119,196602,,Ryan_Clancy,0,0
23588,"Bob Donovan",Robert,G.,Donovan,,Bob,2,R,1,Rep,HD-061,55649705,0,,Robert_G._Donovan_(Wisconsin),0,0
23589,"Joy Goeben",Joy,,Goeben,,,2,R,1,Rep,HD-005,55649591,208153,,Joy_Goeben,0,0
23590,"Chanz Green",Chanz,,Green,,,2,R,1,Rep,HD-074,55649685,208309,,Chanz_Green,0,0
23591,"Nate Gustafson",Nate,,Gustafson,,,2,R,1,Rep,HD-055,50439602,208280,,Nate_Gustafson,0,0
23592,"Karen Hurd",Karen,,Hurd,,,2,R,1,Rep,HD-069,51085148,208300,,Karen_Hurd,0,0
23593,"Jenna Jacobson",Jenna,,Jacobson,,,1,D,1,Rep,HD-050,43990955,208265,,Jenna_Jacobson,0,0
23594,"Darrin Madison",Darrin,,Madison,Jr.,,1,D,1,Rep,HD-010,43990437,208180,,Darrin_Madison_Jr.,0,0
23595,"Dave Maxey",Dave,,Maxey,,,2,R,1,Rep,HD-083,26242610,208188,,Dave_Maxey,0,0
23597,"Amanda Nedweski",Amanda,,Nedweski,,,2,R,1,Rep,HD-032,55426102,208288,,Amanda_Nedweski,0,0
23598,"Jerry O'Connor",Jerry,L.,O'Connor,,,2,R,1,Rep,HD-060,55649651,208277,,Jerry_O’Connor,0,0
23599,"Lori Palmeri",Lori,,Palmeri,,,1,D,1,Rep,HD-054,55649652,208278,,Lori_Palmeri,0,0
23600,"Melissa Ratcliff",Melissa,,Ratcliff,,,1,D,2,Sen,SD-016,43118493,185930,,Melissa_Ratcliff,0,0
23605,"Cory Tomczyk",Cory,,Tomczyk,,,2,R,2,Sen,SD-029,47044180,208136,,Cory_Tomczyk,0,0
23606,"Alex Joers",Alex,,Joers,,,1,D,1,Rep,HD-081,55649692,200542,,Alex_Joers,0,0
24954,"Paul Melotik",Paul,Daniel,Melotik,,,2,R,1,Rep,HD-022,6699002,633,,Paul_Melotik,0,0
26074,"Margaret Arney",Margaret,,Arney,,,1,D,1,Rep,HD-018,15424180,218595,,Margaret_Arney,0,0
26075,"Lindee Brill",Lindee,Rae,Brill,,,2,R,1,Rep,HD-027,59984470,218607,,Lindee_Brill,0,0
26076,"Brienne Brown",Brienne,,Brown,,,1,D,1,Rep,HD-043,55649624,208253,,,0,0
26077,"Angelina Cruz",Angelina,,Cruz,,,1,D,1,Rep,HD-062,59984504,218646,,Angelina_Cruz,0,0
26078,"Karen DeSanto",Karen,,DeSanto,,,1,D,1,Rep,HD-040,59984488,218619,,Karen_DeSanto,0,0
26079,"Ben DeSmidt",Ben,,DeSmidt,,,1,D,1,Rep,HD-065,59984510,218647,,Ben_DeSmidt,0,0
26080,"Joan Fitzgerald",Joan,,Fitzgerald,,,1,D,1,Rep,HD-046,46920015,218626,,Joan_Fitzgerald,0,0
26081,"Benjamin Franklin",Benjamin,,Franklin,,,2,R,1,Rep,HD-088,59984542,218677,,Benjamin_Franklin_(Wisconsin),0,0
26082,"Russell Goodwin",Russell,Antonio,Goodwin,,,1,D,1,Rep,HD-012,59984453,196607,,Russell_Goodwin_(Wisconsin),0,0
26083,"Andrew Hysell",Andrew,,Hysell,,,1,D,1,Rep,HD-048,55649642,208269,,Andrew_Hysell,0,0
26084,"Brent Jacobson",Brent,,Jacobson,,,2,R,1,Rep,HD-087,44290818,184002,,Brent_Jacobson_(Wisconsin),0,0
26085,"Tara Johnson",Tara,,Johnson,,,1,D,1,Rep,HD-096,2593455,98438,,Tara_Johnson_(Wisconsin),0,0
26086,"Karen Kirsch",Karen,,Kirsch,,,1,D,1,Rep,HD-007,13575621,218583,,Karen_Kirsch,0,0
26087,"Rob Kreibich",Rob,,Kreibich,,,2,R,1,Rep,HD-028,2935038,3510,,Rob_Kreibich,0,0
26088,"Renuka Mayadev",Renuka,,Mayadev,,,1,D,1,Rep,HD-077,59984533,218665,,Renuka_Mayadev,0,0
26089,"Maureen McCarville",Maureen,,McCarville,,,1,D,1,Rep,HD-042,15176339,164824,,Maureen_McCarville,0,0
26090,"Vinnie Miresse",Vincent,,Miresse,,Vinnie,1,D,1,Rep,HD-071,59984522,218655,,Vinnie_Miresse,0,0
26091,"Christian Phelps",Christian,,Phelps,,,1,D,1,Rep,HD-093,59984549,218684,,Christian_Phelps,0,0
26092,"Jim Piwowarczyk",Jim,,Piwowarczyk,,,2,R,1,Rep,HD-098,59984554,218689,,Jim_Piwowarczyk,0,0
26093,"Pricilla Prado",Pricilla,,Prado,,,1,D,1,Rep,HD-009,59984446,218587,,Priscilla_Prado,0,0
26094,"Amaad Rivera-Wagner",Amaad,,Rivera-Wagner,,,1,D,1,Rep,HD-090,59984545,218679,,Amaad_Rivera-Wagner,0,0
26095,"Ann Roe",Ann,,Roe,,,1,D,1,Rep,HD-044,15404488,208225,,Ann_Roe,0,0
26096,"Joe Sheehan",Joe,,Sheehan,,,1,D,1,Rep,HD-026,42680742,218605,,Joe_Sheehan_(Wisconsin),0,0
26097,"Ryan Spaude",Ryan,,Spaude,,,1,D,1,Rep,HD-089,59984544,218678,,Ryan_Spaude,0,0
26098,"Angela Stroud",Angela,,Stroud,,,1,D,1,Rep,HD-073,28048707,218658,,Angela_Stroud,0,0
26099,"Sequanna Taylor",Sequanna,,Taylor,,,1,D,1,Rep,HD-011,59984448,174654,,Sequanna_Taylor,0,0
26100,"Angelito Tenorio",Angelito,,Tenorio,,,1,D,1,Rep,HD-014,45432370,208215,,Angelito_Tenorio,0,0
26101,"Duke Tucker",Duke,,Tucker,,,2,R,1,Rep,HD-075,52857171,218664,,Duke_Tucker,0,0
26102,"Randy Udell",Randy,,Udell,,,1,D,1,Rep,HD-047,15157465,218628,,Randy_Udell,0,0
26103,"Kristin Dassler-Alfheim",Kristin,,Dassler-Alfheim,,,1,D,2,Sen,SD-018,55649574,208119,,Kristin_Alfheim,0,0
26104,"Jodi Habush Sinykin",Jodi,,"Habush Sinykin",,,1,D,2,Sen,SD-008,54806199,211316,,Jodi_Habush_Sinykin,880338,0
26105,"Sarah Keyeski",Sarah,,Keyeski,,,1,D,2,Sen,SD-014,59689745,218567,,Sarah_Keyeski,0,0
26106,"Jamie Wall",Jamie,,Wall,,,1,D,2,Sen,SD-030,17658736,68637,,Jamie_Wall,0,0
