people_id,name,first_name,middle_name,last_name,suffix,nickname,party_id,party,role_id,role,district,followthemoney_eid,votesmart_id,opensecrets_id,ballotpedia,knowwho_pid,committee_id
262,"David Argall",David,G.,Argall,,,2,R,2,Sen,SD-029,13005915,9078,,David_Argall,198346,0
268,"Kerry Benninghoff",Kerry,A.,Benninghoff,,,2,R,1,Rep,HD-171,5862805,10176,,Kerry_Benninghoff,198394,0
277,"Michele Brooks",Michele,,Brooks,,,2,R,2,Sen,SD-050,13005536,68907,,Michele_Brooks,248575,0
283,"Martin Causer",Martin,T.,Causer,,,2,R,1,Rep,HD-067,13005723,46966,,Martin_Causer,212225,0
287,"Scott Conklin",Harry,Scott,Conklin,,Scott,1,D,1,Rep,HD-077,12997014,9854,,H._Scott_Conklin,248617,0
293,"Bryan Cutler",Bryan,D.,Cutler,,,2,R,1,Rep,HD-100,13005831,59785,,Bryan_Cutler,248708,0
311,"Dan Frankel",Dan,B.,Frankel,,,1,D,1,Rep,HD-023,13005552,24008,,Dan_Frankel,198239,0
312,"Robert Freeman",Robert,,Freeman,,,1,D,1,Rep,HD-136,5617219,24002,,Robert_Freeman_(Pennsylvania),197547,0
330,"Patrick Harkins",Patrick,J.,Harkins,,,1,D,1,Rep,HD-001,6477622,60212,,Patrick_Harkins,248562,0
339,"Scott Hutchinson",Scott,E.,Hutchinson,,,2,R,2,Sen,SD-021,4992811,9157,,Scott_Hutchinson,198289,0
342,"Robert Kauffman",Robert,W.,Kauffman,,Rob,2,R,1,Rep,HD-089,13005797,46963,,Rob_Kauffman,226700,0
378,"Dan Moul",Dan,,Moul,,,2,R,1,Rep,HD-091,5186780,58370,,Dan_Moul,248701,0
392,"Eddie Pashinski",Eddie,Day,Pashinski,,,1,D,1,Rep,HD-121,13005909,60250,,Eddie_Day_Pashinski,248721,0
402,"Tina Pickett",Tina,,Pickett,,,2,R,1,Rep,HD-110,13005862,46920,,Tina_Pickett,208328,0
408,"Kathy Rapp",Kathy,L.,Rapp,,,2,R,1,Rep,HD-065,4883173,47122,,Kathy_Rapp,226692,0
413,"Bradley Roae",Bradley,T.,Roae,,Brad,2,R,1,Rep,HD-006,13005497,9801,,Bradley_Roae,248565,0
421,"Stephen Samuelson",Stephen,P.,Samuelson,,Steve,1,D,1,Rep,HD-135,5931202,23893,,Steve_Samuelson_(Pennsylvania),197872,0
450,"Gregory Vitali",Gregory,S.,Vitali,,Greg,1,D,1,Rep,HD-166,5615940,9265,,Gregory_Vitali,198389,0
465,"Lisa Baker",Lisa,,Baker,,,2,R,2,Sen,SD-020,6670412,57107,,Lisa_Baker_(Pennsylvania),248753,0
466,"Lisa Boscola",Lisa,M.,Boscola,,,1,D,2,Sen,SD-018,13013365,9090,,Lisa_Boscola,198190,0
470,"Jay Costa",Jay,,Costa,Jr.,,1,D,2,Sen,SD-043,6387296,9798,,Jay_Costa,198215,0
477,"Wayne Fontana",Wayne,D.,Fontana,,,1,D,2,Sen,SD-042,13013414,55684,,Wayne_Fontana,237337,0
481,"Vincent Hughes",Vincent,J.,Hughes,,,1,D,2,Sen,SD-007,6387306,5220,,Vincent_Hughes,198179,0
503,"Christine Tartaglione",Christine,M.,Tartaglione,,,1,D,2,Sen,SD-002,6375745,5244,,Christine_Tartaglione,198174,0
511,"Anthony Williams",Anthony,Hardy,Williams,,,1,D,2,Sen,SD-008,12996741,9269,,Anthony_Williams_(Pennsylvania),198180,0
902,"Elder Vogel",Elder,A.,Vogel,Jr.,,2,R,2,Sen,SD-047,13013419,102474,,Elder_Vogel,269678,0
903,"Kim Ward",Kim,L.,Ward,,,2,R,2,Sen,SD-039,13013408,108241,,Kim_Ward,269676,0
906,"Matthew Bradford",Matthew,D.,Bradford,,,1,D,1,Rep,HD-070,6497815,109564,,Matthew_Bradford,269574,0
907,"Timothy Briggs",Timothy,P.,Briggs,,Tim,1,D,1,Rep,HD-149,13006008,102595,,Tim_Briggs,269613,0
909,"Frank Burns",Frank,J.,Burns,,,1,D,1,Rep,HD-072,13005742,102550,,Frank_Burns,269577,0
913,"Gary Day",Gary,W.,Day,,,2,R,1,Rep,HD-187,13006108,102632,,Gary_Day,269640,0
914,"Daniel Deasy",Daniel,J.,Deasy,Jr.,,1,D,1,Rep,HD-027,6487782,77880,,Daniel_Deasy_Jr.,269550,0
915,"Sheryl Delozier",Sheryl,M.,Delozier,,,2,R,1,Rep,HD-088,5319727,102563,,Sheryl_Delozier,269587,0
917,"Frank Farry",Frank,Anthony,Farry,III,,2,R,2,Sen,SD-006,6674936,102588,,Frank_Farry,269605,0
919,"Seth Grove",Seth,M.,Grove,,,2,R,1,Rep,HD-196,13006133,110401,,Seth_Grove,234848,0
924,"Robert Matzie",Robert,F.,Matzie,,,1,D,1,Rep,HD-016,13005534,102491,,Robert_Matzie,237068,0
925,"Carl Metzgar",Carl,Walker,Metzgar,,,2,R,1,Rep,HD-069,6674990,102537,,Carl_Metzgar,269572,0
931,"Steven Santarsiero",Steven,J.,Santarsiero,,,1,D,2,Sen,SD-010,4666557,77468,,Steve_Santarsiero,269554,0
934,"Gene Yaw",Gene,,Yaw,,,2,R,2,Sen,SD-023,13013377,102463,,Gene_Yaw,269666,0
11527,"Ryan Aument",Ryan,P.,Aument,,,2,R,2,Sen,SD-036,6687796,119529,,Ryan_Aument,290386,0
11531,"Mark Gillen",Mark,M.,Gillen,,,2,R,1,Rep,HD-128,5015537,119604,,Mark_Gillen,292601,0
11533,"John Lawrence",John,Adda,Lawrence,,,2,R,1,Rep,HD-013,6671513,60111,,John_Lawrence_(Pennsylvania),269539,0
11809,"Rosemary Brown",Rosemary,M.,Brown,,,2,R,2,Sen,SD-040,6688099,119664,,Rosemary_Brown,293242,0
11810,"Lynda Schlegel Culver",Lynda,J.,"Schlegel Culver",,,2,R,2,Sen,SD-027,4827221,119572,,Lynda_Schlegel_Culver,204121,0
11812,"Tina Davis",Tina,Marie,Davis,,,1,D,1,Rep,HD-141,13005979,78414,,Tina_Davis,292613,0
11814,"Joseph Emrick",Joseph,T.,Emrick,,Joe,2,R,1,Rep,HD-137,4897344,47029,,Joe_Emrick,292607,0
11817,"Doyle Heffley",Doyle,M.,Heffley,,,2,R,1,Rep,HD-122,6674959,102580,,Doyle_Heffley,269598,0
11821,"David Maloney",David,M.,Maloney,Sr.,,2,R,1,Rep,HD-130,6687973,119606,,David_Maloney,292602,0
13010,"Judy Schwank",Judy,L.,Schwank,,,1,D,2,Sen,SD-011,6513451,97262,,Judy_Schwank,335217,0
13960,"Ryan Mackenzie",Ryan,E.,Mackenzie,,,2,R,1,Rep,HD-187,13789797,136465,,Ryan_Mackenzie,399588,0
13962,"Ed Neilson",Ed,,Neilson,,,1,D,1,Rep,HD-174,5304735,136502,,Edward_Neilson,399555,0
14139,"Ryan Bizzarro",Ryan,A.,Bizzarro,,,1,D,1,Rep,HD-003,11022913,136261,,Ryan_Bizzarro,399406,0
14142,"Mary Jo Daley","Mary Jo",,Daley,,,1,D,1,Rep,HD-148,16072496,143452,,Mary_Jo_Daley,439505,0
14145,"Melinda Fee",Melinda,S.,Fee,,Mindy,2,R,1,Rep,HD-037,5513595,136295,,Mindy_Fee,399535,0
14146,"Martin Flynn",Martin,B.,Flynn,II,Marty,1,D,2,Sen,SD-022,11022959,136360,,Martin_Flynn,400009,0
14152,"Keith Greiner",Keith,J.,Greiner,,,2,R,1,Rep,HD-043,11023489,136299,,Keith_Greiner,399547,0
14153,"Jordan Harris",Jordan,A.,Harris,,,1,D,1,Rep,HD-186,11022993,136512,,Jordan_Harris,399583,0
14154,"Robert James",Robert,Lee,James,,,2,R,1,Rep,HD-064,5447503,136325,,R._Lee_James,399614,0
14156,"Patty Kim",Patty,H.,Kim,,,1,D,2,Sen,SD-015,11022950,78608,,Patty_Kim,399962,0
14162,"Steven Mentzer",Steven,Curtis,Mentzer,,,2,R,1,Rep,HD-097,16072492,143449,,Steven_Mentzer,439499,0
14169,"Michael Schlossberg",Michael,H.,Schlossberg,,,1,D,1,Rep,HD-132,11022971,133414,,Michael_Schlossberg,399579,0
16035,"Daniel Miller",Daniel,L.,Miller,,Dan,1,D,1,Rep,HD-042,15982997,77660,,Dan_Miller_(Pennsylvania),490875,0
16239,"Jesse Topper",Jesse,W.,Topper,,,2,R,1,Rep,HD-078,20536435,146934,,Jesse_Topper,487032,0
16744,"Peter Schweyer",Peter,G.,Schweyer,,,1,D,1,Rep,HD-134,6400463,46812,,Peter_Schweyer,439263,0
16745,"Russ Diamond",Russ,,Diamond,,,2,R,1,Rep,HD-102,12997107,47021,,Russell_Diamond,490931,0
16748,"Cris Dush",Cris,,Dush,,,2,R,2,Sen,SD-025,11023498,136329,,Cris_Dush,399623,0
16773,"David Zimmerman",David,H.,Zimmerman,,,2,R,1,Rep,HD-099,23442850,150903,,David_H._Zimmerman,490366,0
16869,"Patrick Stefano",Patrick,J.,Stefano,,Pat,2,R,2,Sen,SD-032,23442819,150873,,Patrick_Stefano,490777,0
16870,"Kristin Phillips-Hill",Kristin,Lee,Phillips-Hill,,,2,R,2,Sen,SD-028,23442848,150830,,Kristin_Phillips-Hill,439358,0
16956,"Camera Bartolotta",Camera,C.,Bartolotta,,,2,R,2,Sen,SD-046,16740943,150701,,Camera_Bartolotta,490336,0
16957,"Arthur Haywood",Arthur,L.,Haywood,III,,1,D,2,Sen,SD-004,5063282,133622,,Art_Haywood,490763,0
17174,"Kate Klunk",Kate,Anne,Klunk,,,2,R,1,Rep,HD-169,23442869,150777,,Kate_Anne_Klunk,247500,0
17262,"Craig Staats",Craig,T.,Staats,,,2,R,1,Rep,HD-145,23442862,150872,,Craig_Staats,490972,0
17305,"Rich Irvin",Rich,,Irvin,,,2,R,1,Rep,HD-081,23442842,150768,,Richard_Irvin,490913,0
17329,"Jason Dawkins",Jason,,Dawkins,,,1,D,1,Rep,HD-179,23442693,150735,,Jason_Dawkins,490380,0
17363,"Jason Ortitay",Jason,A.,Ortitay,,,2,R,1,Rep,HD-046,23442825,150821,,Jason_Ortitay,490884,0
17508,"Jack Rader",Jack,B.,Rader,Jr.,,2,R,1,Rep,HD-176,5698768,150837,,Jack_Rader_Jr.,489978,0
17529,"Judith Ward",Judith,F.,Ward,,,2,R,2,Sen,SD-030,15021617,150888,,Judith_Ward,490360,0
17571,"Ryan Warner",Ryan,,Warner,,,2,R,1,Rep,HD-052,26152906,150889,,Ryan_Warner,490889,0
17605,"Brett Miller",Brett,R.,Miller,,,2,R,1,Rep,HD-041,5111514,150806,,Brett_Miller,489968,0
17707,"Parke Wentling",Parke,,Wentling,,,2,R,1,Rep,HD-007,23442809,150893,,Parke_Wentling,489962,0
17710,"Leanne Krueger-Braneky",Leanne,,Krueger-Braneky,,,1,D,1,Rep,HD-161,23442683,150779,,Leanne_Krueger-Braneky,490983,0
17712,"Joanna McClinton",Joanna,E.,McClinton,,,1,D,1,Rep,HD-191,32089553,162030,,Joanna_McClinton,488385,0
17713,"Greg Rothman",Greg,,Rothman,,,2,R,2,Sen,SD-034,5211444,162013,,Greg_Rothman,549743,0
17933,"Eric Nelson",Eric,R.,Nelson,,,2,R,1,Rep,HD-057,38068746,169714,,Eric_Nelson_(Pennsylvania),569567,0
17967,"Martina White",Martina,,White,,,2,R,1,Rep,HD-170,28724955,156158,,Martina_White,532641,0
18217,"Aaron Bernstine",Aaron,Joseph,Bernstine,,,2,R,1,Rep,HD-008,37082694,167743,,Aaron_Bernstine,569541,0
18218,"Morgan Cephas",Morgan,B.,Cephas,,,1,D,1,Rep,HD-192,39435080,167868,,Morgan_Cephas,569381,0
18220,"Carolyn Comitta",Carolyn,T.,Comitta,,,1,D,2,Sen,SD-019,4855686,167836,,Carolyn_Comitta,569724,0
18221,"Donald Cook",Donald,,Cook,,Bud,2,R,1,Rep,HD-050,23442828,150729,,Donald_Cook_(Pennsylvania),733951,0
18225,"Jonathan Fritz",Jonathan,A.,Fritz,,,2,R,1,Rep,HD-111,39434925,163100,,Jonathan_Fritz,569630,0
18226,"Dawn Keefer",Dawn,Wetzel,Keefer,,,2,R,2,Sen,SD-031,39434885,167794,,Dawn_Keefer,569596,0
18227,"Anita Kulik",Anita,Astorino,Kulik,,,1,D,1,Rep,HD-045,39434798,167765,,Anita_Astorino_Kulik,569406,0
18228,"Maureen Madden",Maureen,E.,Madden,,,1,D,1,Rep,HD-115,11022988,136505,,Maureen_Madden,399570,0
18229,"Zachary Mako",Zachary,A.,Mako,,,2,R,1,Rep,HD-183,39435060,167855,,Zachary_Mako,569756,0
18230,"Thomas Mehaffie",Thomas,L.,Mehaffie,III,,2,R,1,Rep,HD-106,4824550,167811,,Thomas_Mehaffie,569331,0
18231,"Christopher Rabb",Christopher,M.,Rabb,,,1,D,1,Rep,HD-200,39435099,167968,,Christopher_Rabb,569783,0
18234,"Jared Solomon",Jared,G.,Solomon,,,1,D,1,Rep,HD-202,23442713,151902,,Jared_Solomon_(Pennsylvania),491014,0
18236,"Perry Warren",Perry,S.,Warren,Jr.,,1,D,1,Rep,HD-031,39434775,167755,,Perry_Warren,569402,0
18516,"Sharif Street",Sharif,T.,Street,,,1,D,2,Sen,SD-003,6400480,46939,,Sharif_Street,292654,0
18795,"Wayne Langerholc",Wayne,,Langerholc,Jr.,,2,R,2,Sen,SD-035,39434709,167891,,Wayne_Langerholc,569307,0
18900,"Daniel Laughlin",Daniel,J.,Laughlin,,,2,R,2,Sen,SD-049,39434720,74348,,Daniel_Laughlin,569822,0
18946,"Scott Martin",Scott,F.,Martin,,,2,R,2,Sen,SD-013,39434686,107945,,Scott_Martin_(Pennsylvania),569532,0
19066,"Carol Hill-Evans",Carol,,Hill-Evans,,,1,D,1,Rep,HD-095,23442848,78394,,Carol_Hill-Evans,600018,0
19478,"Jeanne McNeill",Jeanne,,McNeill,,,1,D,1,Rep,HD-133,44046162,176872,,Jeanne_McNeill,649361,0
19656,"Clinton Owlett",Clinton,Dennis,Owlett,,Clint,2,R,1,Rep,HD-068,44449643,179281,,Clint_Owlett,660102,0
19657,"Timothy O'Neal",Timothy,Jon,O'Neal,,,2,R,1,Rep,HD-048,44449597,179258,,Timothy_O%27Neal,660055,0
19967,"Stephanie Borowicz",Stephanie,Paige,Borowicz,,,2,R,1,Rep,HD-076,39434861,167789,,Stephanie_Borowicz,569323,0
19968,"Danilo Burgos",Danilo,R.,Burgos,,,1,D,1,Rep,HD-197,44449925,150719,,Danilo_Burgos,490387,0
19969,"Joseph Ciresi",Joseph,P.,Ciresi,,Joe,1,D,1,Rep,HD-146,39434981,167920,,Joseph_Ciresi,569710,0
19970,"David Delloso",David,M.,Delloso,,Dave,1,D,1,Rep,HD-162,23527458,179552,,David_Delloso,659952,0
19971,"Torren Ecker",Torren,C.,Ecker,,,2,R,1,Rep,HD-193,44449916,179588,,Torren_Ecker,659902,0
19972,"Elizabeth Fiedler",Elizabeth,,Fiedler,,,1,D,1,Rep,HD-184,44449896,179580,,Elizabeth_Fiedler,659914,0
19973,"Valerie Gaydos",Valerie,S.,Gaydos,,,2,R,1,Rep,HD-044,44449587,179252,,Valerie_Gaydos,660040,0
19974,"Barbara Gleim",Barbara,J.,Gleim,,,2,R,1,Rep,HD-199,41348561,179593,,Barbara_Gleim,659892,0
19976,"Liz Hanbidge",Laura,Elizabeth,"Frances Hanbidge",,Liz,1,D,1,Rep,HD-061,44449627,179273,,Liz_Hanbidge,660085,0
19978,"Joseph Hohenstein",Joseph,C.,Hohenstein,,Joe,1,D,1,Rep,HD-177,39435042,167974,,Joseph_Hohenstein,569749,0
19979,"Kristine Howard",Kristine,C.,Howard,,,1,D,1,Rep,HD-167,44449850,179557,,Kristine_Howard,659940,0
19981,"Mike Jones",Paul,Michael,Jones,,Mike,2,R,1,Rep,HD-093,44449706,47088,,Mike_Jones_(Pennsylvania),660086,0
19982,"Joshua Kail",Joshua,Daniel,Kail,,,2,R,1,Rep,HD-015,44449526,179211,,Joshua_Kail,659992,0
19983,"Malcolm Kenyatta",Malcolm,,Kenyatta,,,1,D,1,Rep,HD-181,44449881,179573,,Malcolm_Kenyatta,659916,0
19985,"Steven Malagari",Steven,Richard,Malagari,,,1,D,1,Rep,HD-053,44449607,179262,,Steven_Malagari,660065,0
19986,"Robert Merski",Robert,E.,Merski,,,1,D,1,Rep,HD-002,44449501,161373,,Robert_Merski,659971,0
19987,"Natalie Mihalek",Natalie,Nicole,"Mihalek Stuck",,,2,R,1,Rep,HD-040,44449575,179244,,Natalie_Mihalek,660027,0
19989,"Kyle Mullins",Kyle,J.,Mullins,,,1,D,1,Rep,HD-112,44449741,179516,,Kyle_Mullins,300373,0
19990,"Jennifer O'Mara",Jennifer,M.,O'Mara,,,1,D,1,Rep,HD-165,44449844,179554,,Jennifer_O%27Mara,659946,0
19991,"Danielle Otten",Danielle,Friel,Otten,,,1,D,1,Rep,HD-155,44449821,179544,,Danielle_Friel_Otten,659964,0
19994,"James Rigby",James,Patrick,Rigby,,Jim,2,R,1,Rep,HD-071,44449652,102545,,James_Rigby,292554,0
19995,"Ben Sanchez",Benjamin,V.,Sanchez,,Ben,1,D,1,Rep,HD-153,46612783,161504,,Ben_Sanchez,682938,0
19996,"Christina Sappey",Christina,D.,Sappey,,,1,D,1,Rep,HD-158,44449827,179547,,Christina_Sappey,413518,0
19997,"Louis Schmitt",Louis,C.,Schmitt,Jr.,,2,R,1,Rep,HD-079,43110653,179477,,Louis_Schmitt_Jr.,660127,0
19999,"Melissa Shusterman",Melissa,,Shusterman,,,1,D,1,Rep,HD-157,44449825,179546,,Melissa_Shusterman,659959,0
20000,"James Struzzi",James,Bruno,Struzzi,II,,2,R,1,Rep,HD-062,44449633,179277,,James_Struzzi_II,660096,0
20002,"Joseph Webster",Joseph,G.,Webster,,Joe,1,D,1,Rep,HD-150,44449809,179538,,Joseph_Webster,659975,0
20003,"Dan Williams",Dan,K.,Williams,,,1,D,1,Rep,HD-074,44449657,179287,,Dan_Williams_(Pennsylvania),660115,0
20005,"Mary Isaacson",Mary,Louise,Isaacson,,,1,D,1,Rep,HD-175,46059872,185840,,MaryLouise_Isaacson,439604,0
20563,"Maria Collett",Maria,,Collett,,,1,D,2,Sen,SD-012,44449458,179183,,Maria_Collett,659880,0
20815,"Timothy Kearney",Timothy,P.,Kearney,,,1,D,2,Sen,SD-026,13006071,179187,,Timothy_Kearney,292640,0
20816,"Katie Muth",Katie,J.,Muth,,,1,D,2,Sen,SD-044,44449492,179200,,Katie_Muth,659958,0
20817,"Lindsey Williams",Lindsey,Marie,Williams,,,1,D,2,Sen,SD-038,44449486,179198,,Lindsey_Williams,659949,0
21286,"Brandon Markosek",Brandon,J.,Markosek,,,1,D,1,Rep,HD-025,44449543,179215,,Brandon_Markosek,633881,0
21350,"Bridget Kosierowski",Bridget,M.,Kosierowski,,,1,D,1,Rep,HD-114,47041374,186065,,Bridget_Malloy_Kosierowski,700157,0
21366,"Marci Mustello",Marci,,Mustello,,,2,R,1,Rep,HD-011,4780120,46959,,Marci_Mustello,336160,0
21371,"Joe Pittman",Joe,,Pittman,,,2,R,2,Sen,SD-041,4885519,186375,,Joe_Pittman,264215,0
21372,"Doug Mastriano",Doug,,Mastriano,,,2,R,2,Sen,SD-033,44954798,178912,,Doug_Mastriano,654754,0
21383,"David Rowe",David,H.,Rowe,,,2,R,1,Rep,HD-085,47924787,186714,,David_Rowe,715957,0
21622,"Roni Green",Roni,,Green,,,1,D,1,Rep,HD-190,48663588,188847,,Roni_Green,733805,0
21625,"Timothy Bonner",Timothy,R.,Bonner,,Tim,2,R,1,Rep,HD-017,4702193,189906,,Tim_Bonner,733767,0
21626,"Eric Davanzo",Eric,,Davanzo,,,2,R,1,Rep,HD-058,48871280,189910,,Eric_Davanzo,733979,0
21627,"Kathleen Tomlinson",Kathleen,,Tomlinson,,,2,R,1,Rep,HD-018,48871278,189908,,K.C._Tomlinson,733880,0
22023,"Mike Armanini",Michael,J.,Armanini,,Mike,2,R,1,Rep,HD-075,49322870,190026,,Mike_Armanini,734006,0
22024,"Jessica Benham",Jessica,Lynn,Benham,,,1,D,1,Rep,HD-036,49322799,190004,,Jessica_Benham,733919,0
22025,"Amen Brown",Amen,,Brown,,,1,D,1,Rep,HD-010,47041377,186067,,Amen_Brown,734305,0
22027,"Ann Flood",Ann,L.,Flood,,,2,R,1,Rep,HD-138,49322996,190103,,Ann_Flood_(Pennsylvania),734390,0
22028,"Nancy Guenst",Nancy,,Guenst,,,1,D,1,Rep,HD-152,49323023,190156,,Nancy_Guenst,734377,0
22029,"Manuel Guzman",Manuel,,Guzman,Jr.,Manny,1,D,1,Rep,HD-127,44449767,179522,,Manuel_Guzman,660016,0
22030,"Joe Hamm",Joseph,D.,Hamm,,Joe,2,R,1,Rep,HD-084,49322888,190039,,Joe_Hamm,734018,0
22032,"Joe Kerwin",Joseph,P.,Kerwin,,Joe,2,R,1,Rep,HD-125,49322965,190072,,Joe_Kerwin,734273,0
22033,"Emily Kinkead",Emily,Deborah,Kinkead,,,1,D,1,Rep,HD-020,49322766,189988,,Emily_Kinkead,733882,0
22034,"Rick Krajewski",Rick,Chester,Krajewski,,,1,D,1,Rep,HD-188,49323128,190258,,Rick_Krajewski,734307,0
22035,"Shelby Labs",Shelby,E.,Labs,,,2,R,1,Rep,HD-143,49323006,190124,,Shelby_Labs,734430,0
22036,"Milou Mackenzie",V.,Milou,Mackenzie,,Milou,2,R,1,Rep,HD-131,15977033,190090,,Milou_Mackenzie,734365,0
22038,"Napoleon Nelson",Napoleon,J.,Nelson,Sr.,,1,D,1,Rep,HD-154,4853882,190162,,Napoleon_Nelson,734372,0
22039,"Darisha Parker",Darisha,K.,Parker,,,1,D,1,Rep,HD-198,49323110,190318,,Darisha_Parker,680370,0
22040,"Tracy Pennycuick",Tracy,Elizabeth,Pennycuick,,,2,R,2,Sen,SD-024,49323015,190141,,Tracy_Pennycuick,734406,0
22041,"Nick Pisciottano",Nickolas,R.,Pisciottano,Jr.,Nick,1,D,2,Sen,SD-045,49322807,190010,,Nick_Pisciottano_Jr.,733936,0
22043,"Brian Smith",Brian,A.,Smith,,,2,R,1,Rep,HD-066,49322856,190022,,Brian_Smith_(Pennsylvania),867584,0
22044,"Perry Stambaugh",Perry,A.,Stambaugh,,,2,R,1,Rep,HD-086,49322893,190044,,Perry_Stambaugh,734020,0
22045,"Tim Twardzik",Timothy,F.,Twardzik,,Tim,2,R,1,Rep,HD-123,49322959,190067,,Tim_Twardzik,734115,0
22046,"Craig Williams",Wendell,Craig,Williams,,Craig,2,R,1,Rep,HD-160,49323046,102434,,Craig_Williams_(Pennsylvania),734340,0
22047,"Regina Young",Regina,Genell,Young,,,1,D,1,Rep,HD-185,49323096,190254,,Regina_Young,734309,0
22078,"John Kane",John,I.,Kane,,,1,D,2,Sen,SD-009,23442622,150771,,John_Kane_(Pennsylvania),489959,0
22079,"Amanda Cappelletti",Amanda,M.,Cappelletti,,,1,D,2,Sen,SD-017,48847236,189838,,Amanda_Cappelletti,732879,0
22080,"Devlin Robinson",Devlin,,Robinson,,,2,R,2,Sen,SD-037,49322716,189924,,Devlin_Robinson,511500,0
22081,"Nikil Saval",Nikil,,Saval,,,1,D,2,Sen,SD-001,49322671,189744,,Nikil_Saval,732843,0
22935,"Abby Major",Abby,,Major,,,2,R,1,Rep,HD-060,53412016,195913,,Abby_Major,439657,0
22936,"Leslie Rossi",Leslie,,Rossi,,,2,R,1,Rep,HD-059,53411838,195901,,Leslie_Baum_Rossi,777123,0
22938,"Chris Gebhard",Chris,,Gebhard,,,2,R,2,Sen,SD-048,53411956,195899,,Chris_Gebhard,777121,0
22990,"Gina Curry",Gina,H.,Curry,,,1,D,1,Rep,HD-164,54381937,199669,,Gina_Curry,697850,0
23134,"Aerion Abney",Aerion,A.,Abney,,,1,D,1,Rep,HD-019,54904594,167752,,Aerion_Abney,440147,0
23555,"Jarrett Coleman",Jarrett,Charles,Coleman,,,2,R,2,Sen,SD-016,55427050,204866,,Jarrett_Coleman,0,0
23556,"Nicholas Miller",Nicholas,P.,Miller,,,1,D,2,Sen,SD-014,55427044,204862,,Nick_Miller_(Pennsylvania),0,0
24726,"Anthony Bellmon",Anthony,A.,Bellmon,,,1,D,1,Rep,HD-203,55427518,204856,,Anthony_Bellmon,547631,0
24727,"Timothy Brennan",Timothy,Patrick,Brennan,,Tim,1,D,1,Rep,HD-029,55427163,179533,,Tim_Brennan,659987,0
24728,"Melissa Cerrato",Melissa,,Cerrato,,,1,D,1,Rep,HD-151,55427406,204801,,Melissa_Cerrato,805390,0
24729,"Jill Cooper",Jill,Nixon,Cooper,,,2,R,1,Rep,HD-055,55427211,204696,,Jill_Cooper,804714,0
24730,"Kyle Donahue",Kyle,Timothy,Donahue,,,1,D,1,Rep,HD-113,55427323,204758,,Kyle_Donahue,805180,0
24731,"Patrick Gallagher",Patrick,Liam,Gallagher,,Pat,1,D,1,Rep,HD-173,55427459,204828,,Patrick_Gallagher,662304,0
24732,"Dallas Kephart",Dallas,Paul,Kephart,,,2,R,1,Rep,HD-073,55427241,204708,,Dallas_Kephart,804787,0
24733,"Tarik Khan",Tarik,,Khan,,,1,D,1,Rep,HD-194,55427502,204850,,Tarik_Khan,805225,0
24734,"Charity Grimm Krupa",Charity,,"Grimm Krupa",,,2,R,1,Rep,HD-051,58179952,210805,,Charity_Grimm_Krupa,821723,0
24735,"Andrew Kuzma",Andrew,,Kuzma,,,2,R,1,Rep,HD-039,55427183,204682,,Andrew_Kuzma,804450,0
24736,"Kristin Marcell",Kristin,,Marcell,,,2,R,1,Rep,HD-178,55427469,204834,,Kristin_Marcell,805277,0
24737,"La'Tasha Mayes",La'Tasha,Denise,Mayes,,,1,D,1,Rep,HD-024,55427149,204669,,Latasha_D._Mayes,804398,0
24738,"Brian Munroe",Brian,,Munroe,,,1,D,1,Rep,HD-144,55427396,136284,,Brian_Munroe,399527,0
24739,"Christopher Pielli",Christopher,,Pielli,,Chris,1,D,1,Rep,HD-156,5028067,204805,,Christopher_Pielli,805407,0
24740,"John Schlegel",John,A.,Schlegel,,,2,R,1,Rep,HD-101,55427296,204733,,John_Schlegel,805087,0
24741,"Gregory Scott",Gregory,,Scott,,Greg,1,D,1,Rep,HD-054,55427209,204695,,Greg_Scott,804713,0
24742,"Joshua Siegel",Joshua,M.,Siegel,,,1,D,1,Rep,HD-022,55427143,197029,,Joshua_Siegel,804392,0
24743,"Ismail Smith-Wade-El",Ismail,,Smith-Wade-El,,,1,D,1,Rep,HD-049,55427197,204687,,Ismail_Smith-Wade-El,804470,0
24744,"Mandy Steele",Mandy,,Steele,,,1,D,1,Rep,HD-033,55427173,204679,,Mandy_Steele,804430,0
24745,"Joanne Stehr",Joanne,Carol,Stehr,,,2,R,1,Rep,HD-107,55427311,204743,,Joanne_Stehr,805167,0
24746,"Paul Takac",Paul,R.,Takac,Jr.,,1,D,1,Rep,HD-082,55427259,204714,,Paul_Takac,805021,0
24747,"Arvind Venkat",Arvind,,Venkat,,,1,D,1,Rep,HD-030,55427165,204674,,Arvind_Venkat,804419,0
24748,"Dane Watro",Dane,Jeffery,Watro,Jr.,,2,R,1,Rep,HD-116,55427332,204765,,Dane_Watro_Jr.,805189,0
24749,"Benjamin Waxman",Benjamin,R.,Waxman,,Ben,1,D,1,Rep,HD-182,55427476,167850,,Benjamin_Waxman,504366,0
24830,"Jacob Banta",Jacob,Daniel,Banta,,Jake,2,R,1,Rep,HD-004,55427097,204643,,Jake_Banta,804202,0
24831,"James Barton",James,A.,Barton,,Jamie,2,R,1,Rep,HD-124,55427358,150702,,James_Barton,490964,0
24832,"Lisa Borowski",Lisa,,Borowski,,,1,D,1,Rep,HD-168,55427447,204823,,Lisa_Borowski,805431,0
24833,"Marla Gallo Brown",Marla,A.,"Gallo Brown",,,2,R,1,Rep,HD-009,55427113,204652,,Marla_Gallo_Brown,804240,0
24835,"Johanny Cepeda-Freytiz",Johanny,,Cepeda-Freytiz,,,1,D,1,Rep,HD-129,55427367,197054,,Johanny_Cepeda-Freytiz,805228,0
24836,"Joseph D'Orsie",Joseph,Frank,D'Orsie,,Joe,2,R,1,Rep,HD-047,55427194,204686,,Joe_D'Orsie,804463,0
24837,"Wendy Fink",Wendy,Jo,Fink,,,2,R,1,Rep,HD-094,55427279,204722,,Wendy_Fink,805054,0
24838,"Justin Fleming",Justin,C.,Fleming,,,1,D,1,Rep,HD-105,55427307,204741,,Justin_Fleming,805161,0
24839,"Jamie Flick",Jamie,L.,Flick,,,2,R,1,Rep,HD-083,55427262,204716,,Jamie_Flick,805024,0
24840,"Paul Friel",Paul,F.,Friel,Jr.,,1,D,1,Rep,HD-026,55427156,189991,,Paul_Friel,733890,0
24841,"Jose Giral",Jose,A.,Giral,,,1,D,1,Rep,HD-180,55427472,204836,,Jose_Giral,662126,0
24842,"James Haddock",James,L.,Haddock,,Jim,1,D,1,Rep,HD-118,55427343,204775,,James_Haddock,805204,0
24843,"Joseph Hogan",Joseph,F.,Hogan,IV,Joe,2,R,1,Rep,HD-142,55427393,119701,,Joseph_Hogan_(Pennsylvania),292614,0
24844,"Thomas Jones",Thomas,M.,Jones,,Tom,2,R,1,Rep,HD-098,55427288,204727,,Tom_Jones_(Pennsylvania),805081,0
24845,"Carol Kazeem",Carol,,Kazeem,,,1,D,1,Rep,HD-159,55427423,204809,,Carol_Kazeem,805413,0
24846,"Thomas Kutz",Thomas,Holden,Kutz,,,2,R,1,Rep,HD-087,55427268,204718,,Thomas_Kutz,624409,0
24847,"Robert Leadbeter",Robert,,Leadbeter,,,2,R,1,Rep,HD-109,55427315,204746,,Robert_Leadbeter,805170,0
24848,"David Madsen",David,A.,Madsen,,Dave,1,D,1,Rep,HD-104,55427304,204738,,David_Madsen,805100,0
24849,"Tarah Probst",Tarah,,Probst,,,1,D,1,Rep,HD-189,55427492,179199,,Tarah_Probst,659956,0
24850,"Alec Ryncavage",Alec,Joseph,Ryncavage,,,2,R,1,Rep,HD-119,55427348,204777,,Alec_Ryncavage,805208,0
24851,"Donna Scheuren",Donna,Marie,Scheuren,,,2,R,1,Rep,HD-147,55427401,204800,,Donna_Scheuren,805385,0
24852,"Stephenie Scialabba",Stephenie,"G A",Scialabba,,,2,R,1,Rep,HD-012,55427124,204659,,Stephenie_Scialabba,804263,0
24895,"Joe McAndrew",Joe,,McAndrew,,,1,D,1,Rep,HD-032,58425633,211330,,Joe_McAndrew,0,0
24896,"Abigail Salisbury",Abigail,,Salisbury,,,1,D,1,Rep,HD-034,55427175,204680,,Abigail_Salisbury,0,0
24897,"Matthew Gergely",Matthew,,Gergely,,,1,D,1,Rep,HD-035,58425781,211333,,Matthew_Gergely,0,0
24944,"Heather Boyd",Heather,,Boyd,,,1,D,1,Rep,HD-163,58803024,212188,,Heather_Boyd,0,0
24945,"Michael Stender",Michael,A.,Stender,,,2,R,1,Rep,HD-108,58803022,212186,,Michael_Stender,0,0
24957,"Lindsay Powell",Lindsay,,Powell,,,1,D,1,Rep,HD-021,0,212635,,Lindsay_Powell,0,0
25177,"James Prokopiak",James,,Prokopiak,,Jim,1,D,1,Rep,HD-140,59682212,78553,,Jim_Prokopiak,0,0
25203,"Jeff Olsommer",Jeffrey,,Olsommer,,Jeff,2,R,1,Rep,HD-139,4705280,214922,,Jeff_Olsommer,0,0
25219,"Andre Carroll",Andre,D.,Carroll,,,1,D,1,Rep,HD-201,59746922,204854,,Andre_Carroll,0,0
25220,"Keith Harris",Keith,S.,Harris,,,1,D,1,Rep,HD-195,0,220063,,Keith_S._Harris_(Pennsylvania),0,0
25699,"Marc Anderson",Marc,S.,Anderson,,,2,R,1,Rep,HD-092,59747017,214882,,Marc_Anderson_(Pennsylvania),0,0
25700,"Scott Barger",Scott,,Barger,,,2,R,1,Rep,HD-080,59747089,214872,,Scott_Barger_(Pennsylvania),0,0
25701,"Josh Bashline",Joshua,,Bashline,,Josh,2,R,1,Rep,HD-063,59746808,214865,,Josh_Bashline,0,0
25702,"Nathan Davidson",Nathan,,Davidson,,Nate,1,D,1,Rep,HD-103,59746918,214892,,Nate_Davidson,0,0
25703,"Sean Dougherty",Sean,,Dougherty,,,1,D,1,Rep,HD-172,59747102,214941,,Sean_Dougherty_(Pennsylvania),0,0
25704,"John Inglis",John,C.,Inglis,,,1,D,1,Rep,HD-038,59746771,214822,,John_Inglis,0,0
25705,"Roman Kozak",Roman,,Kozak,,,2,R,1,Rep,HD-014,59746737,214791,,Roman_Kozak,0,0
25706,"Brenda Pugh",Brenda,M.,Pugh,,,2,R,1,Rep,HD-120,26312070,214909,,Brenda_Pugh,0,0
25707,"Brian Rasel",Brian,C.,Rasel,,,2,R,1,Rep,HD-056,59746987,214859,,Brian_Rasel,0,0
25708,"Chad Reichard",Chad,G.,Reichard,,,2,R,1,Rep,HD-090,58839241,214879,,Chad_Reichard,0,0
25709,"Nikki Rivera",Nikki,,Rivera,,,1,D,1,Rep,HD-096,60741995,220640,,Nikki_Rivera,0,0
25710,"Jacklyn Rusnock",Jacklyn,,Rusnock,,,1,D,1,Rep,HD-126,59746873,214912,,Jacklyn_Rusnock,0,0
25711,"Jeremy Shaffer",Jeremy,,Shaffer,,,2,R,1,Rep,HD-028,51113418,161602,,Jeremy_Shaffer,0,0
25712,"Jamie Walsh",James,,Walsh,,James,2,R,1,Rep,HD-117,59746847,214905,,Jamie_Walsh,0,0
25713,"Eric Weaknecht",Eric,J.,Weaknecht,,,2,R,1,Rep,HD-005,59746748,214786,,Eric_Weaknecht,0,0
25714,"Joseph Picozzi",Joseph,,Picozzi,,Joe,2,R,2,Sen,SD-005,43115314,214760,,Joe_Picozzi,0,0
26458,"Dan Goughnour",Dan,,Goughnour,,,1,D,1,Rep,HD-035,0,220803,,Dan_Goughnour,0,0
26465,"James Andrew Malone",James,Andrew,Malone,,,1,D,2,Sen,SD-036,0,220801,,James_Malone_(Pennsylvania),0,0
