people_id,name,first_name,middle_name,last_name,suffix,nickname,party_id,party,role_id,role,district,followthemoney_eid,votesmart_id,opensecrets_id,ballotpedia,knowwho_pid,committee_id
8012,"Judy Boyle",Judy,,Boyle,,,2,R,1,Rep,HD-009B,6675346,103843,,Judy_Boyle,268017,0
8019,"Brent Crane",Brent,J.,Crane,,,2,R,1,Rep,HD-013A,6668618,58399,,Brent_Crane,249700,0
8026,"Phil Hart",Phil,,Hart,,,2,R,2,Sen,SD-002,6522308,33044,,Phil_Hart,227128,0
8043,"Mike Moyle",Mike,,Moyle,,,2,R,1,Rep,HD-010A,12999763,18112,,Mike_Moyle,194184,0
8046,"Joe Palmer",Joe,A.,Palmer,,,2,R,1,Rep,HD-020A,12999823,103874,,Joe_Palmer,268042,0
8053,"James Ruchti",James,D.,Ruchti,,,1,D,2,Sen,SD-029,6472277,59700,,James_Ruchti,250659,0
12737,"Vito Barbieri",Vito,,Barbieri,,,2,R,1,Rep,HD-003A,6683755,119896,,Vito_Barbieri,289634,0
12742,"Jim Guthrie",Jim,K.,Guthrie,,,2,R,2,Sen,SD-028,6668637,59699,,Jim_Guthrie_(Idaho),289740,0
12749,"John Vander Woude",John,,"Vander Woude",,,2,R,1,Rep,HD-022A,6668688,57371,,John_Vander_Woude,658777,0
13999,"Agricultural Affairs Committee",,,,,,0,,1,Rep,,0,0,,,0,1518
14000,"Appropriations Committee",,,,,,0,,1,Rep,,0,0,,,0,1519
14001,"Business Committee",,,,,,0,,1,Rep,,0,0,,,0,1520
14002,"Commerce and Human Resources Committee",,,,,,0,,1,Rep,,0,0,,,0,1521
14003,"Education Committee",,,,,,0,,1,Rep,,0,0,,,0,1522
14004,"Environment, Energy and Technology Committee",,,,,,0,,1,Rep,,0,0,,,0,1523
14005,"Health and Welfare Committee",,,,,,0,,1,Rep,,0,0,,,0,1524
14006,"Judiciary, Rules and Administration Committee",,,,,,0,,1,Rep,,0,0,,,0,1525
14007,"Local Government Committee",,,,,,0,,1,Rep,,0,0,,,0,1526
14008,"Resources and Conservation Committee",,,,,,0,,1,Rep,,0,0,,,0,1527
14009,"Revenue and Taxation Committee",,,,,,0,,1,Rep,,0,0,,,0,1528
14010,"State Affairs Committee",,,,,,0,,1,Rep,,0,0,,,0,1529
14011,"Transportation and Defense Committee",,,,,,0,,1,Rep,,0,0,,,0,1530
14012,"Ways and Means Committee",,,,,,0,,1,Rep,,0,0,,,0,1531
14013,"Agricultural Affairs Committee",,,,,,0,,2,Sen,,0,0,,,0,1532
14014,"Commerce and Human Resources Committee",,,,,,0,,2,Sen,,0,0,,,0,1533
14015,"Education Committee",,,,,,0,,2,Sen,,0,0,,,0,1534
14016,"Finance Committee",,,,,,0,,2,Sen,,0,0,,,0,1535
14017,"Health and Welfare Committee",,,,,,0,,2,Sen,,0,0,,,0,1536
14018,"Judiciary and Rules Committee",,,,,,0,,2,Sen,,0,0,,,0,1537
14019,"Local Government and Taxation Committee",,,,,,0,,2,Sen,,0,0,,,0,1538
14020,"Resources and Environment Committee",,,,,,0,,2,Sen,,0,0,,,0,1539
14021,"State Affairs Committee",,,,,,0,,2,Sen,,0,0,,,0,1540
14022,"Transportation Committee",,,,,,0,,2,Sen,,0,0,,,0,1541
15431,"John Gannon",John,L.,Gannon,,,1,D,1,Rep,HD-017A,12999797,33078,,John_L._Gannon_(Idaho),406747,0
15789,"Lance Clow",Lance,W.,Clow,,,2,R,1,Rep,HD-025A,10885602,72377,,Lance_Clow,406860,0
15796,"James Holtzclaw",James,,Holtzclaw,,,2,R,1,Rep,HD-020B,10885582,137056,,James_Holtzclaw,406810,0
15797,"Wendy Horman",Wendy,,Horman,,,2,R,1,Rep,HD-032B,10885637,137104,,Wendy_Horman,406962,0
15802,"Ron Mendive",Ron,,Mendive,,,2,R,1,Rep,HD-005A,10885486,136961,,Ron_Mendive,406500,0
15803,"Steve Miller",Steven,,Miller,,Steve,2,R,1,Rep,HD-024B,8051414,203186,,Steve_Miller_(Idaho),406886,0
15804,"Jason Monks",Jason,A.,Monks,,,2,R,1,Rep,HD-022B,10885595,137065,,Jason_Monks,406841,0
15810,"Julie VanOrden",Julie,,VanOrden,,,2,R,2,Sen,SD-030,4594600,137112,,Julie_VanOrden,407010,0
15811,"Janie Ward-Engelking",Janie,,Ward-Engelking,,,1,D,2,Sen,SD-018,6501654,119940,,Janie_Ward-Engelking,289697,0
15818,"Todd Lakey",Todd,M.,Lakey,,,2,R,2,Sen,SD-023,7887471,137096,,Todd_Lakey,401745,0
16113,"Ilana Rubel",Ilana,,Rubel,,,1,D,1,Rep,HD-018A,1050134,150262,,Ilana_Rubel,482481,0
17199,"Van Burtenshaw",Van,,Burtenshaw,,,2,R,2,Sen,SD-031,23439509,151905,,Van_Burtenshaw,491526,0
17209,"Heather Scott",Heather,,Scott,,,2,R,1,Rep,HD-002A,23425999,150305,,Heather_Scott_(Idaho),490108,0
17211,"Melissa Wintrow",Melissa,,Wintrow,,,1,D,2,Sen,SD-019,7903086,151321,,Melissa_Wintrow,490133,0
17417,"Lori Den Hartog",Lori,,"Den Hartog",,,2,R,2,Sen,SD-022,22212016,151248,,Lori_Den_Hartog,490155,0
17856,"Kelly Anthon",Kelly,A.,Anthon,,,2,R,2,Sen,SD-027,39441787,163456,,Kelly_Anthon,544190,0
17857,"Mark Harris",Mark,,Harris,,,2,R,2,Sen,SD-035,8026831,163464,,Mark_Harris_(Idaho),547008,0
18620,"Daniel Foreman",Daniel,,Foreman,,Dan,2,R,2,Sen,SD-006,42144475,173872,,Dan_Foreman,596561,0
19056,"Dustin Manwaring",Dustin,Whitney,Manwaring,,,2,R,1,Rep,HD-029A,39441801,176040,,Dustin_W._Manwaring,573767,0
19060,"Christy Zito",Christy,,Zito,,,2,R,2,Sen,SD-008,39441770,168302,,Christy_Zito,572271,0
19530,"Barbara Ehardt",Barbara,,Ehardt,,,2,R,1,Rep,HD-033A,7906075,157854,,Barbara_Ehardt,649372,0
21002,"Kevin Andrus",Kevin,,Andrus,,,2,R,1,Rep,HD-035A,45189571,179811,,Kevin_Andrus,690743,0
21003,"Steve Berch",Steve,,Berch,,,1,D,1,Rep,HD-015A,6501645,119925,,Steve_Berch,289677,0
21007,"Rod Furniss",Rod,,Furniss,,,2,R,1,Rep,HD-031B,42559177,179828,,Rod_Furniss,658848,0
21009,"Brooke Green",Brooke,,Green,,,1,D,1,Rep,HD-018B,40638376,179758,,Brooke_Green,658747,0
21014,"Tammy Nichols",Tammy,,Nichols,,,2,R,2,Sen,SD-010,39441735,168287,,Tammy_Nichols,573955,0
21015,"Jerald Raymond",Jerald,,Raymond,,,2,R,1,Rep,HD-031A,28157774,129466,,Jerald_Raymond,658846,0
21016,"Doug Ricks",Doug,,Ricks,,,2,R,2,Sen,SD-034,39441820,137140,,Doug_Ricks,407033,0
21017,"Tony Wisniewski",Tony,,Wisniewski,,,2,R,1,Rep,HD-005B,44210807,179711,,Tony_Wisniewski,658400,0
21035,"Scott Grow",Scott,,Grow,,,2,R,2,Sen,SD-014,45173416,179738,,C._Scott_Grow,658271,0
21036,"Dave Lent",Dave,,Lent,,,2,R,2,Sen,SD-033,12750656,179822,,David_Lent,658313,0
21038,"Jim Woodward",James,W.,Woodward,,Jim,2,R,2,Sen,SD-001,45173403,179702,,Jim_Woodward,658236,0
21040,"Britt Raybould",Britt,,Raybould,,,2,R,1,Rep,HD-034B,44427101,179826,,Britt_Raybould,658845,0
22618,"Ben Adams",Ben,,Adams,,,2,R,2,Sen,SD-012,49427307,190952,,Ben_Adams_(Idaho),736461,0
22620,"David Cannon",David,M.,Cannon,,,2,R,1,Rep,HD-030A,49427317,191041,,David_Cannon,736532,0
22621,"Marco Erickson",Marco,,Erickson,,,2,R,1,Rep,HD-033B,49427328,191047,,Marco_Erickson,736539,0
22623,"Codi Galloway",Codi,,Galloway,,,2,R,2,Sen,SD-015,49427335,190964,,Codi_Galloway,736474,0
22624,"Brandon Mitchell",Brandon,,Mitchell,,,2,R,1,Rep,HD-006B,49427367,190902,,Brandon_Mitchell,736380,0
22625,"Doug Okuniewicz",Douglas,M.,Okuniewicz,,Doug,2,R,2,Sen,SD-003,28158065,179708,,Doug_Okuniewicz,658375,0
22626,"Bruce Skaug",Bruce,D.,Skaug,,,2,R,1,Rep,HD-010B,45258129,157891,,Bruce_Skaug,736435,0
22627,"Jon Weber",Jon,O.,Weber,,,2,R,1,Rep,HD-034A,49427408,113860,,Jon_Weber,736541,0
22668,"Kevin Cook",Kevin,,Cook,,,2,R,2,Sen,SD-032,49406289,191037,,Kevin_Cook,735414,0
22669,"Alison Rabe",Alison,,Rabe,,Ali,1,D,2,Sen,SD-016,49427379,190979,,Alison_Rabe,735402,0
22726,"Charlie Shepherd",Charlie,,Shepherd,,,2,R,1,Rep,HD-007B,49427389,190909,,Charlie_Shepherd,736396,0
22727,"Chris Mathias",Chris,,Mathias,,,1,D,1,Rep,HD-019B,49427365,190993,,Chris_Mathias,736494,0
22942,"Lori McCann",Lori,,McCann,,,2,R,1,Rep,HD-006A,0,196313,,Lori_McCann,776683,0
23065,"Carrie Semmelroth",Carrie,,Semmelroth,,,1,D,2,Sen,SD-017,23438728,151297,,Carrie_Semmelroth,491503,0
23915,"Joe Alfieri",Joe,,Alfieri,,,2,R,1,Rep,HD-004A,55408592,203069,,Joe_Alfieri,803602,0
23917,"Richard Cheatum",Richard,Rick,Cheatum,,,2,R,1,Rep,HD-028A,55408709,199851,,Richard_Cheatum,803804,0
23918,"Jeff Cornilles",Jeff,,Cornilles,,,2,R,1,Rep,HD-012A,55408631,203100,,Jeff_Cornilles,803634,0
23919,"Jaron Crane",Jaron,,Crane,,,2,R,1,Rep,HD-012B,55408632,203102,,Jaron_Crane,803635,0
23922,"Jeff Ehlers",Jeff,,Ehlers,,,2,R,1,Rep,HD-021B,44210322,203160,,Jeff_Ehlers,803769,0
23923,"Sonia Galaviz",Sonia,,Galaviz,,,1,D,1,Rep,HD-016A,55408647,203126,,Soñia_Galaviz,803742,0
23925,"Dan Garner",Dan,,Garner,,,2,R,1,Rep,HD-028B,55408711,203205,,Dan_Garner,803806,0
23926,"Clay Handy",Clay,,Handy,,,2,R,1,Rep,HD-027B,933377,82855,,Clay_Handy,803802,0
23927,"Dale Hawkins",Dale,,Hawkins,,,2,R,1,Rep,HD-002B,55408586,203063,,Dale_Hawkins,803597,0
23928,"Dori Healey",Dori,,Healey,,,2,R,1,Rep,HD-015B,54881458,203125,,Dori_Healey,803741,0
23929,"Ted Hill",Edward,,Hill,,Ted,2,R,1,Rep,HD-014A,55408640,179739,,Ted_Hill,658272,0
23932,"Stephanie Mickelsen",Stephanie,Jo,Mickelsen,,,2,R,1,Rep,HD-032A,55408727,203136,,,803818,0
23934,"Jack Nelsen",Jack,,Nelsen,,,2,R,1,Rep,HD-026B,55408701,203195,,Jack_Nelsen,803796,0
23935,"James Petzke",James,,Petzke,,,2,R,1,Rep,HD-021A,55408670,203156,,James_Petzke,803763,0
23936,"Douglas Pickett",Douglas,T.,Pickett,,,2,R,1,Rep,HD-027A,7941838,137081,,Douglas_T._Pickett,401758,0
23937,"Elaine Price",Elaine,,Price,,,2,R,1,Rep,HD-004B,55408595,203071,,Elaine_Price,803607,0
23938,"Jordan Redman",Jordan,,Redman,,,2,R,1,Rep,HD-003B,51799914,203064,,Jordan_Redman,803598,0
23940,"Mark Sauter",Mark,,Sauter,,,2,R,1,Rep,HD-001A,55408581,203058,,Mark_Sauter,803594,0
23941,"Josh Tanner",Josh,,Tanner,,,2,R,1,Rep,HD-014B,49427398,190961,,Josh_Tanner,736544,0
23942,"Josh Wheeler",Josh,,Wheeler,,,2,R,1,Rep,HD-035B,55127759,203116,,Josh_Wheeler_(Idaho),803823,0
24546,"Cindy Carlson",Cindy,,Carlson,,,2,R,2,Sen,SD-007,39095375,203080,,Cindy_Carlson,803508,0
24634,"Treg Bernt",Treg,A.,Bernt,,,2,R,2,Sen,SD-021,55408664,189295,,Treg_Bernt,0,0
24635,"Carl Bjerke",Carl,,Bjerke,,,2,R,2,Sen,SD-005,55408596,203072,,Carl_Bjerke,0,0
24638,"Brian Lenney",Brian,,Lenney,,,2,R,2,Sen,SD-013,55408635,203104,,Brian_Lenney,0,0
24640,"Ben Toews",Ben,,Toews,,,2,R,2,Sen,SD-004,55408590,203067,,Ben_Toews,0,0
24642,"Glenneda Zuiderveld",Glenneda,,Zuiderveld,,,2,R,2,Sen,SD-024,55408690,179774,,Glenneda_Zuiderveld,0,0
24816,"Ron Taylor",Ron,C.,Taylor,,,1,D,2,Sen,SD-026,55408696,203191,,Ron_Taylor,803554,0
25167,"Todd Achilles",Theodore,,Achilles,,Todd,1,D,1,Rep,HD-016B,0,0,,,0,0
25747,"Rob Beiswenger",Rob,,Beiswenger,,,2,R,1,Rep,HD-008A,55408612,207070,,Rob_Beiswenger,0,0
25748,"Chris Bruce",Chris,,Bruce,,,2,R,1,Rep,HD-023A,49427316,191019,,Chris_Bruce,0,0
25749,"Tanya Burgoyne",Tanya,,Burgoyne,,,2,R,1,Rep,HD-029B,55359142,216087,,Tanya_Burgoyne,870600,0
25750,"Lucas Cayler",Lucas,,Cayler,,,2,R,1,Rep,HD-011B,59829594,215966,,Lucas_Cayler,0,0
25751,"Monica Church",Monica,,Church,,,1,D,1,Rep,HD-019A,59829164,215984,,Monica_Church,0,0
25752,"Shawn Dygert",Shawn,,Dygert,,,2,R,1,Rep,HD-023B,59829158,216037,,Shawn_Dygert,0,0
25753,"Megan Egbert",Megan,,Egbert,,,1,D,1,Rep,HD-017B,59829437,215982,,Megan_Egbert,0,0
25754,"Ben Fuhriman",Ben,,Fuhriman,,,2,R,1,Rep,HD-030B,45257876,216091,,Ben_Fuhriman,0,0
25755,"Kyle Harris",Kyle,,Harris,,,2,R,1,Rep,HD-007A,59829321,215941,,Kyle_Harris_(Idaho),870477,0
25756,"Clint Hostetler",Clint,,Hostetler,,,2,R,1,Rep,HD-024A,59829159,216038,,Clint_Hostetler,0,0
25757,"David Leavitt",David,,Leavitt,,,2,R,1,Rep,HD-025B,55456057,216040,,David_Leavitt_(Idaho),0,0
25758,"Kent Marmon",Kent,,Marmon,,,2,R,1,Rep,HD-011A,59829502,103814,,Kent_Marmon,0,0
25759,"Mike Pohanka",Mike,,Pohanka,,,2,R,1,Rep,HD-026A,55408698,203193,,Mike_Pohanka,0,0
25760,"Cornel Rasor",Cornel,,Rasor,,,2,R,1,Rep,HD-001B,49427380,115215,,Cornel_Rasor,0,0
25761,"John Shirts",John,,Shirts,,,2,R,1,Rep,HD-009A,59829139,215949,,John_Shirts,0,0
25762,"Steve Tanner",Steve,,Tanner,,,2,R,1,Rep,HD-013B,59829182,119891,,Steve_Tanner_(Idaho_House_of_Representatives_member),289763,0
25763,"Faye Thompson",Faye,,Thompson,,,2,R,1,Rep,HD-008B,59829685,215947,,Faye_Thompson,870484,0
25764,"Camille Blaylock",Camille,,Blaylock,,,2,R,2,Sen,SD-011,59829606,215834,,Camille_Blaylock,0,0
25765,"Josh Keyser",Josh,,Keyser,,,2,R,2,Sen,SD-020,59829697,215842,,Josh_Keyser,0,0
25766,"Josh Kohl",Josh,,Kohl,,,2,R,2,Sen,SD-025,59829666,215884,,Josh_Kohl,0,0
25767,"Brandon Shippy",Brandon,,Shippy,,,2,R,2,Sen,SD-009,59829290,215693,,Brandon_Shippy,0,0
