people_id,name,first_name,middle_name,last_name,suffix,nickname,party_id,party,role_id,role,district,followthemoney_eid,votesmart_id,opensecrets_id,ballotpedia,knowwho_pid,committee_id
4747,"Jordan Ulery",Jordan,G.,Ulery,,,2,R,1,Rep,HD-13-HIL,6596249,42373,,Jordan_Ulery,228818,0
4750,"Timothy Horrigan",Timothy,,Horrigan,,,1,D,1,Rep,HD-10-STR,6494379,110051,,Timothy_Horrigan,269497,0
4754,"Carol McGuire",Carol,,McGuire,,,2,R,1,Rep,HD-27-MER,6677888,109938,,Carol_McGuire,222865,0
4775,"Sharon Carson",Sharon,,Carson,,,2,R,2,Sen,SD-014,6593753,42537,,Sharon_Carson,208650,0
4809,"Patrick Long",Patrick,T.,Long,,,1,D,2,Sen,SD-20,6478714,66257,,Patrick_Long_(New_Hampshire_state_senator),250010,0
4810,"Thomas Buco",Thomas,,Buco,,Tom,1,D,1,Rep,HD-01-CAR,6463029,42231,,Tom_Buco,228700,0
4823,"Lucy Weber",Lucy,McVitty,Weber,,,1,D,1,Rep,HD-05-CHE,6478956,65198,,Lucy_McVitty_Weber,249884,0
4829,"Susan Almy",Susan,W.,Almy,,,1,D,1,Rep,HD-17-GRA,199534,15165,,Susan_Almy,197099,0
4843,"Tara Reardon",Tara,G.,Reardon,,,1,D,2,Sen,SD-015,6395100,14666,,Tara_Reardon,197187,0
4845,"Marjorie Smith",Marjorie,,Smith,,,1,D,1,Rep,HD-10-STR,6395309,14725,,Marjorie_Smith,197019,0
4889,"Peter Leishman",Peter,R.,Leishman,,,1,D,1,Rep,HD-33-HIL,6466019,14252,,Peter_Leishman,249975,0
4896,"John Hunt",John,B.,Hunt,,,2,R,1,Rep,HD-14-CHE,6594796,8051,,John_Hunt_(New_Hampshire),197041,0
4898,"Phyllis Katsakiores",Phyllis,M.,Katsakiores,,,2,R,1,Rep,HD-13-ROC,6594932,8198,,Phyllis_Katsakiores,197087,0
4910,"Timothy Soucy",Timothy,A.,Soucy,,,1,D,1,Rep,HD-21-MER,6494676,109848,,Timothy_Soucy,269330,0
4924,"Cindy Rosenwald",Lucinda,,Rosenwald,,Cindy,1,D,2,Sen,SD-013,6463841,42204,,Lucinda_Rosenwald,228804,0
4953,"Gary Daniels",Gary,L.,Daniels,,,2,R,1,Rep,HD-43-HIL,6593963,5006,,Gary_Daniels,249979,0
4957,"Shannon Chandley",Shannon,E.,Chandley,,,1,D,2,Sen,SD-011,6494258,110116,,Shannon_Chandley,269234,0
4958,"David Watters",David,H.,Watters,,,1,D,2,Sen,SD-004,6494743,110047,,David_Watters,269494,0
4962,"Roderick Ladd",Roderick,M.,Ladd,,Rick,2,R,1,Rep,HD-05-GRA,6677856,109958,,Rick_Ladd,269203,0
4972,"Ralph Boehm",Ralph,G.,Boehm,,,2,R,1,Rep,HD-14-HIL,6593575,42443,,Ralph_Boehm,228819,0
5002,"Peter Schmidt",Peter,B.,Schmidt,,,1,D,1,Rep,HD-14-STR,6395255,42754,,Peter_Schmidt,213131,0
5006,"Sherman Packard",Sherman,A.,Packard,,,2,R,1,Rep,HD-16-ROC,6595575,8443,,Sherman_Packard,197234,0
5024,"John Cloutier",John,R.,Cloutier,,,1,D,1,Rep,HD-06-SUL,6394097,4985,,John_Cloutier,197011,0
5051,"Charles McMahon",Charles,E.,McMahon,,,2,R,1,Rep,HD-17-ROC,6595318,42541,,Charles_McMahon,213097,0
5070,"Mark McConkey",Mark,E.,McConkey,,,2,R,1,Rep,HD-08-CAR,6595291,42599,,Mark_McConkey,213001,0
5090,"Jean Jeudy",Jean,Leniol,Jeudy,,,1,D,1,Rep,HD-23-HIL,6463435,42077,,Jean_Jeudy,241434,0
5091,"Mary Wallner",Mary,Jane,Wallner,,,1,D,1,Rep,HD-19-MER,6395453,8597,,Mary_Jane_Wallner,197197,0
5099,"Kenneth Weyler",Kenneth,,Weyler,,,2,R,1,Rep,HD-14-ROC,13004260,8607,,Ken_Weyler,283733,0
10468,"Steven Smith",Steven,,Smith,,,2,R,1,Rep,HD-03-SUL,6680106,110851,,"Steven_Smith,_New_Hampshire_Politician",297099,0
10492,"James MacKay",James,R.,MacKay,,,1,D,1,Rep,HD-18-MER,6510705,8339,,Jim_MacKay,208640,0
10918,"Dan McGuire",Dan,,McGuire,,,2,R,1,Rep,HD-14-MER,6677891,109939,,Dan_McGuire_(New_Hampshire),329887,0
10920,"Jeanine Notter",Jeanine,M.,Notter,,,2,R,1,Rep,HD-12-HIL,13004224,122804,,Jeanine_Notter,296536,0
10924,"Debra DeSimone",Debra,L.,DeSimone,,,2,R,1,Rep,HD-18-ROC,6677758,110064,,Debra_DeSimone,269435,0
10931,"Mark Warden",Mark,,Warden,,,2,R,1,Rep,HD-39-HIL,9715337,122391,,Mark_Warden,296507,0
11563,"Susan DeLemus",Susan,,DeLemus,,,2,R,1,Rep,HD-01-STR,6695506,126808,,Susan_DeLemus,296231,0
11564,"Mark Proulx",Mark,,Proulx,,,2,R,1,Rep,HD-15-HIL,6695068,122785,,Mark_Proulx,296521,0
11569,"Keith Murphy",Keith,,Murphy,,,2,R,2,Sen,SD-016,6671007,69051,,Keith_Murphy,269297,0
11579,"Kevin Avard",Kevin,A.,Avard,,,2,R,2,Sen,SD-012,9727190,13431,,Kevin_Avard,296158,0
11700,"Larry Gagne",Larry,,Gagne,,,2,R,1,Rep,HD-16-HIL,6677784,110023,,Larry_Gagne,269277,0
11702,"Bill Ohm",Bill,,Ohm,,,2,R,1,Rep,HD-10-HIL,13004231,122823,,Bill_Ohm,296554,0
11725,"Brian Seaworth",Brian,,Seaworth,,,2,R,1,Rep,HD-12-MER,737469,109936,,Brian_Seaworth,269369,0
11747,"Gregory Hill",Gregory,,Hill,,,2,R,1,Rep,HD-02-MER,6695257,126565,,Gregory_Hill_(New_Hampshire),296582,0
11749,"Jack Flanagan",Jack,B.,Flanagan,,,2,R,1,Rep,HD-45-HIL,6695007,14551,,Jack_Flanagan,296502,0
11759,"David Lundgren",David,C.,Lundgren,,,2,R,1,Rep,HD-16-ROC,6695346,126587,,David_Lundgren_(New_Hampshire),296608,0
11899,"James Summers",James,D.,Summers,,,2,R,1,Rep,HD-20-ROC,6695188,122827,,James_Summers,296557,0
11988,"John Sytek",John,,Sytek,,,2,R,1,Rep,HD-25-ROC,6695386,8571,,John_Sytek,296201,0
11989,"Regina Birdsell",Regina,,Birdsell,,,2,R,2,Sen,SD-019,6695412,126600,,Regina_Birdsell,296214,0
12822,"Janet Wall",Janet,G.,Wall,,,1,D,1,Rep,HD-11-STR,13004285,8596,,Janet_Wall,197034,0
14471,"Chris Muns",Christian,,Muns,,Chris,1,D,1,Rep,HD-29-ROC,9725281,126922,,Chris_Muns,296226,0
14478,"Glenn Cordelli",Glenn,,Cordelli,,,2,R,1,Rep,HD-07-CAR,13703548,143307,,Glenn_Cordelli,427994,0
14866,"David Milz",David,E.,Milz,,,2,R,1,Rep,HD-13-ROC,13703659,132813,,David_Milz,426236,0
14869,"Linda Harriott-Gathright",Linda,,Harriott-Gathright,,,1,D,1,Rep,HD-10-HIL,6510645,126881,,Linda_Harriott-Gathright,296167,0
14872,"Martin Jack",Martin,L.,Jack,,,1,D,1,Rep,HD-10-HIL,13703765,141751,,Martin_Jack,426630,0
15117,"Aboul Khan",Aboul,B.,Khan,,,2,R,1,Rep,HD-30-ROC,13703806,141938,,Aboul_Khan,428144,0
15249,"Thomas Walsh",Thomas,C.,Walsh,IV,,2,R,1,Rep,HD-10-MER,13703795,143325,,Thomas_Walsh_(New_Hampshire),428112,0
15305,"Karen Ebel",Karen,,Ebel,,,1,D,1,Rep,HD-07-MER,13703636,141759,,Karen_Ebel,426640,0
15308,"Paul Berch",Paul,,Berch,,,1,D,1,Rep,HD-06-CHE,6510405,122291,,Paul_Berch,296113,0
15327,"Thomas Schamberg",Thomas,C.,Schamberg,,Tom,1,D,1,Rep,HD-06-MER,6510649,126882,,Thomas_Schamberg,296173,0
15423,"Peter Bixby",Peter,W.,Bixby,,,1,D,1,Rep,HD-13-STR,13703837,141796,,Peter_Bixby,426709,0
15527,"Richard Ames",Richard,,Ames,,,1,D,1,Rep,HD-13-CHE,6510441,126847,,Richard_Ames_(New_Hampshire),297077,0
15535,"Efstathia Booras",Efstathia,C.,Booras,,,1,D,1,Rep,HD-08-HIL,13703756,143264,,Efstathia_Booras,428061,0
15540,"Michael Cahill",Michael,,Cahill,,,1,D,1,Rep,HD-10-ROC,13703690,143292,,Michael_Cahill,428138,0
15544,"Karel Crawford",Karel,A.,Crawford,,,2,R,1,Rep,HD-03-CAR,13703549,141860,,Karel_Crawford,426019,0
15546,"Linda DiSilvestro",Linda,A.,DiSilvestro,,,1,D,1,Rep,HD-17-HIL,13703591,141723,,Linda_DiSilvestro,426599,0
15558,"James Gray",James,,Gray,,,2,R,2,Sen,SD-006,6554869,128181,,James_Gray_(New_Hampshire),426275,0
15576,"Dennis Malloy",Dennis,,Malloy,,,1,D,1,Rep,HD-24-ROC,6514321,141790,,Dennis_Malloy,426695,0
15580,"Linda Massimilla",Linda,,Massimilla,,,1,D,1,Rep,HD-01-GRA,9753448,143257,,Linda_Massimilla,428009,0
15593,"Skip Rollins",Skip,,Rollins,,,2,R,1,Rep,HD-03-SUL,13703853,141976,,Skip_Rollins,426330,0
15597,"Joe Sweeney",Joe,,Sweeney,,,2,R,1,Rep,HD-25-ROC,13703671,141928,,Joe_Sweeney,426239,0
15598,"George Sykes",George,,Sykes,,,1,D,1,Rep,HD-14-GRA,9768424,141710,,George_Sykes,426586,0
15601,"Suzanne Vail",Suzanne,Mercier,Vail,,,1,D,1,Rep,HD-06-HIL,13703743,141743,,Suzanne_Vail,426619,0
15603,"Gerald Ward",Gerald,,Ward,,Gerry,1,D,1,Rep,HD-27-ROC,13703818,141785,,Gerry_Ward,426684,0
16395,"Lino Avellani",Lino,M.,Avellani,,,2,R,1,Rep,HD-04-CAR,25005416,154411,,Lino_Avellani,502546,0
16403,"Victoria Sullivan",Victoria,,Sullivan,,,2,R,2,Sen,SD-018,25005495,154491,,Victoria_Sullivan,501730,0
16620,"David Luneau",David,,Luneau,,,1,D,1,Rep,HD-09-MER,26767892,155796,,David_Luneau,512992,0
16622,"Katherine Prudhomme-O'Brien",Katherine,,Prudhomme-O'Brien,,,2,R,1,Rep,HD-13-ROC,6695401,127368,,Katherine_Prudhomme_O%27Brien,296206,0
16624,"Linda Gould",Linda,,Gould,,,2,R,1,Rep,HD-02-HIL,9711345,154475,,Linda_Gould,502379,0
16677,"James Spillane",James,,Spillane,,,2,R,1,Rep,HD-02-ROC,25005580,154538,,James_Spillane,502120,0
16696,"Douglas Thomas",Douglas,,Thomas,,Doug,2,R,1,Rep,HD-16-ROC,16015398,154549,,Doug_Thomas,502642,0
16755,"Wayne Burton",Wayne,M.,Burton,,,1,D,1,Rep,HD-10-STR,14460979,154361,,Wayne_Burton,502281,0
16797,"Kimberly Rice",Kimberly,,Rice,,,2,R,1,Rep,HD-38-HIL,25005534,154512,,Kimberly_Rice,502112,0
16889,"John Potucek",John,,Potucek,,,2,R,1,Rep,HD-13-ROC,9891524,154553,,John_Potucek,501775,0
16890,"Mark McLean",Mark,,McLean,,,2,R,1,Rep,HD-15-HIL,25005493,154490,,Mark_McLean,501728,0
16961,"Christopher Herbert",Christopher,J.,Herbert,,,1,D,1,Rep,HD-24-HIL,25005782,154313,,Christopher_Herbert,501861,0
17055,"Peter Varney",Peter,,Varney,,,2,R,1,Rep,HD-07-BEL,25005406,154405,,Peter_Varney,502538,0
17101,"Keith Ammon",Keith,,Ammon,,,2,R,1,Rep,HD-42-HIL,16391636,154517,,Keith_Ammon,502116,0
17302,"Fred Doucette",Fred,,Doucette,,,2,R,1,Rep,HD-25-ROC,25005600,154566,,Fred_Doucette,502645,0
17304,"Thomas Kaczynski",Thomas,L.,Kaczynski,Jr.,,2,R,1,Rep,HD-05-STR,6637761,42343,,Thomas_Kaczynski_Jr.,502658,0
17406,"Alexis Simpson",Alexis,,Simpson,,,1,D,1,Rep,HD-33-ROC,25005832,154348,,Alexis_Simpson,502160,0
17465,"Glen Aldrich",Glen,C.,Aldrich,,,2,R,1,Rep,HD-06-BEL,25005396,154397,,Glen_Aldrich,502097,0
17471,"Patricia Cornell",Patricia,,Cornell,,,1,D,1,Rep,HD-22-HIL,9701043,154281,,Patricia_Cornell,503474,0
17473,"Russell Dumais",Russell,,Dumais,,,2,R,1,Rep,HD-06-BEL,25005397,154398,,Russell_Dumais,502532,0
17477,"William Gannon",William,M.,Gannon,,Bill,2,R,2,Sen,SD-023,1161567,154540,,William_Gannon,502121,0
17478,"Joseph Guthrie",Joseph,,Guthrie,,Joe,2,R,1,Rep,HD-15-ROC,6670939,14506,,Joe_Guthrie,250191,0
17486,"Jason Osborne",Jason,,Osborne,,,2,R,1,Rep,HD-02-ROC,25005584,154541,,Jason_Osborne_(New_Hampshire),501770,0
17491,"Thomas Southworth",Thomas,,Southworth,,,1,D,1,Rep,HD-11-STR,13703844,141797,,Tom_Southworth,436658,0
17493,"Leonard Turcotte",Leonard,,Turcotte,,Len,2,R,1,Rep,HD-04-STR,13703851,141973,,Len_Turcotte,436666,0
17495,"Michael Vose",Michael,,Vose,,,2,R,1,Rep,HD-05-ROC,25005609,154583,,Michael_Vose,503499,0
17929,"Michael Edgar",Michael,,Edgar,,,1,D,1,Rep,HD-29-ROC,9724166,141783,,Michelle_Edgar,426681,0
18126,"Debra Altschiller",Debra,,Altschiller,,,1,D,2,Sen,SD-024,21216285,173138,,Debra_Altschiller,587697,0
18127,"Ellen Read",Ellen,,Read,,,1,D,1,Rep,HD-10-ROC,6494587,172683,,Ellen_Read,587693,0
18131,"Julie Gilman",Julie,D.,Gilman,,,1,D,1,Rep,HD-11-ROC,41757408,172690,,Julie_Gilman,587696,0
18135,"Mark MacKenzie",Mark,S.,MacKenzie,,,1,D,1,Rep,HD-40-HIL,9699976,172597,,Mark_S._Mackenzie,587370,0
18141,"Sue Newman",Sue,,Newman,,,1,D,1,Rep,HD-04-HIL,6665274,42240,,Sue_Newman,587457,0
18144,"Andrew Prout",Andrew,,Prout,,,2,R,1,Rep,HD-13-HIL,26392533,172342,,Andrew_Prout,587485,0
18152,"Howard Pearl",Howard,,Pearl,,,2,R,2,Sen,SD-017,13703940,141848,,Howard_Pearl,425998,0
18153,"Jess Edwards",Jess,,Edwards,,,2,R,1,Rep,HD-31-ROC,32020804,172496,,Jess_Edwards,587584,0
18156,"Kevin Scully",Kevin,,Scully,,,2,R,1,Rep,HD-08-HIL,41757531,172459,,Kevin_Scully,587468,0
18157,"Kevin Verville",Kevin,,Verville,,,2,R,1,Rep,HD-02-ROC,41757571,172491,,Kevin_Verville,587570,0
18158,"Mark Pearson",Mark,A.,Pearson,,,2,R,1,Rep,HD-34-ROC,13004253,69095,,Mark_A._Pearson,250178,0
18160,"Michael Harrington",Michael,D.,Harrington,,,2,R,1,Rep,HD-18-STR,6594659,14569,,Michael_Harrington_(New_Hampshire),208531,0
18169,"Daniel Innis",Daniel,,Innis,,Dan,2,R,2,Sen,SD-007,16283365,146070,,Dan_Innis,474352,0
18170,"Ruth Ward",Ruth,B.,Ward,,,2,R,2,Sen,SD-008,13703554,141865,,Ruth_Ward,426026,0
18445,"Kate Murray",Kate,,Murray,,,1,D,1,Rep,HD-22-ROC,9724127,172694,,Kate_Murray,587707,0
18808,"Lisa Freeman",Lisa,M.,Freeman,,,2,R,1,Rep,HD-08-HIL,16249439,172436,,Lisa_Freeman,587357,0
18809,"Michael Moffett",Michael,Irving,Moffett,,Mike,2,R,1,Rep,HD-04-MER,6595378,42035,,Michael_Moffett,501767,0
18812,"Richard Lascelles",Richard,W.,Lascelles,,,2,R,1,Rep,HD-14-HIL,41757512,172445,,Richard_Lascelles,587380,0
19035,"Catherine Sofikitis",Catherine,,Sofikitis,,,1,D,1,Rep,HD-07-HIL,35438235,172652,,Catherine_Sofikitis,587472,0
19110,"Chuck Grassie",Chuck,,Grassie,,,1,D,1,Rep,HD-08-STR,6394424,111940,,Chuck_Grassie,603174,0
19148,"Barbara Comtois",Barbara,,Comtois,,,2,R,1,Rep,HD-07-BEL,6694842,172408,,Barbara_Comtois,587013,0
19154,"Barry Faulkner",Barry,,Faulkner,,,1,D,1,Rep,HD-10-CHE,13703724,174493,,F._Barrett_Faulkner,587853,0
19155,"Jim Fedolfi",Jim,,Fedolfi,,,2,R,1,Rep,HD-30-HIL,41757481,172996,,Jim_Fedolfi,587287,0
19156,"Donovan Fenton",Donovan,,Fenton,,,1,D,2,Sen,SD-010,41757291,172485,,Donovan_Fenton,587062,0
19159,"Gerald Griffin",Gerald,,Griffin,,,2,R,1,Rep,HD-42-HIL,6433920,173013,,Gerald_Griffin,587823,0
19160,"John Janigian",John,,Janigian,,,2,R,1,Rep,HD-25-ROC,40527566,173063,,John_Janigian,587626,0
19162,"Cathryn Harvey",Cathryn,A.,Harvey,,,1,D,1,Rep,HD-06-CHE,41757288,173114,,Cathryn_Harvey,587055,0
19166,"Timothy Lang",Timothy,P.,Lang,Sr.,,2,R,2,Sen,SD-002,13703536,141853,,Timothy_Lang_Sr.,426007,0
19167,"John Leavitt",John,A.,Leavitt,,,2,R,1,Rep,HD-10-MER,41757566,172486,,John_A._Leavitt,587555,0
19174,"Beth Richards",Beth,,Richards,,,1,D,1,Rep,HD-17-MER,590631,172705,,Beth_Richards,587529,0
19180,"Richard Tripp",Richard,P.,Tripp,,,2,R,1,Rep,HD-13-ROC,28735201,160456,,Richard_Tripp,587618,0
19431,"Kristina Schultz",Kristina,,Schultz,,,1,D,1,Rep,HD-29-MER,9696467,176781,,Kris_Schultz,632942,0
19432,"Charlie St. Clair",Charlie,,"St. Clair",,,1,D,1,Rep,HD-05-BEL,41757275,172415,,Charlie_St._Clair,586982,0
19475,"Brian Sullivan",Brian,M.,Sullivan,,,1,D,1,Rep,HD-01-SUL,14018516,176610,,Brian_Sullivan_(New_Hampshire),644912,0
19745,"Sallie Fellows",Sallie,,Fellows,,,1,D,1,Rep,HD-08-GRA,16289651,185234,,Sallie_Fellows,670356,0
19748,"Harry Bean",Harry,H.,Bean,,,2,R,1,Rep,HD-06-BEL,42686168,185219,,Harry_Bean,670226,0
19752,"Kat McGhee",Kat,,McGhee,,,1,D,1,Rep,HD-35-HIL,13703631,141738,,Kat_McGhee,426613,0
19754,"Anita Burroughs",Anita,,Burroughs,,,1,D,1,Rep,HD-02-CAR,34033164,185226,,Anita_Burroughs,670235,0
19757,"Stephen Woodcock",Stephen,L.,Woodcock,,,1,D,1,Rep,HD-01-CAR,45378985,185471,,Stephen_Woodcock,670238,0
19758,"John MacDonald",John,T.,MacDonald,,,2,R,1,Rep,HD-06-CAR,45378811,184776,,John_MacDonald_(New_Hampshire),670246,0
19768,"Jerry Stringham",Jerry,,Stringham,,,1,D,1,Rep,HD-03-GRA,45378957,185530,,Jerry_Stringham,670355,0
19775,"Connie Lane",Connie,,Lane,,,1,D,1,Rep,HD-16-MER,45378789,185623,,Connie_Lane,670701,0
19778,"Laurel Stavis",Laurel,,Stavis,,,1,D,1,Rep,HD-13-GRA,45378950,185538,,Laurel_Stavis,670362,0
19783,"Keith Erf",Keith,,Erf,,,2,R,1,Rep,HD-28-HIL,45378707,185241,,Keith_Erf,670376,0
19787,"Gary Woods",Gary,L.,Woods,,,1,D,1,Rep,HD-30-MER,45378986,185380,,Gary_Woods_(New_Hampshire),670713,0
19793,"Tom Dolan",Tom,,Dolan,,,2,R,1,Rep,HD-16-ROC,45378691,185508,,Tom_Dolan,670616,0
19797,"David Love",David,C.,Love,,,2,R,1,Rep,HD-13-ROC,41757581,173059,,David_Love,587609,0
19799,"Cassandra Levesque",Cassandra,,Levesque,,,1,D,1,Rep,HD-04-STR,45378803,185625,,Cassandra_Levesque,670910,0
19808,"Ray Newman",Ray,,Newman,,,1,D,1,Rep,HD-04-HIL,45378863,185367,,Ray_Newman,670619,0
19813,"Fred Davis",Fred,E.,Davis,Jr.,,1,D,1,Rep,HD-03-HIL,45378677,185582,,Fred_Davis_Jr._(New_Hampshire),670627,0
19819,"Judy Aron",Judy,,Aron,,,2,R,1,Rep,HD-04-SUL,45378624,185539,,Judy_Aron,670808,0
19821,"Laura Telerski",Laura,Damphousse,Telerski,,,1,D,1,Rep,HD-11-HIL,45378964,185590,,Laura_Telerski,670642,0
19834,"Paul Dargie",Paul,,Dargie,,,1,D,1,Rep,HD-43-HIL,9690932,185565,,Paul_Dargie,670594,0
19835,"Peter Petrigno",Peter,,Petrigno,,,1,D,1,Rep,HD-43-HIL,45378888,185567,,Peter_Petrigno,670596,0
19842,"Stephen Pearson",Stephen,,Pearson,,,2,R,1,Rep,HD-13-ROC,13004253,173061,,Stephen_Pearson,587615,0
19846,"Daryl Abbas",Daryl,A.,Abbas,,,2,R,2,Sen,SD-022,45378616,185319,,Daryl_Abbas,670640,0
19851,"Donald Bouchard",Donald,J.,Bouchard,,,1,D,1,Rep,HD-24-HIL,45378643,185340,,Donald_Bouchard,670406,0
19852,"Mark Vallone",Mark,,Vallone,,,1,D,1,Rep,HD-05-ROC,9700014,185596,,Mark_Vallone,670849,0
19857,"Robert Harb",Robert,D.,Harb,,,2,R,1,Rep,HD-20-ROC,808086,185513,,Robert_Harb,670735,0
19859,"Charles Melvin",Charles,R.,Melvin,Sr.,,2,R,1,Rep,HD-20-ROC,6665257,172541,,Charles_Melvin_Sr.,296629,0
19864,"Gaby Grossman",Gaby,,Grossman,,,1,D,1,Rep,HD-11-ROC,28733038,185601,,Gaby_Grossman,670874,0
19866,"Nancy Murphy",Nancy,A.,Murphy,,,1,D,1,Rep,HD-12-HIL,45378859,185558,,Nancy_Murphy,670582,0
19868,"Rosemarie Rung",Rosemarie,,Rung,,,1,D,1,Rep,HD-12-HIL,9805733,185559,,Rosemarie_Rung,670584,0
19871,"Jim Maggiore",Jim,,Maggiore,,,1,D,1,Rep,HD-23-ROC,41772679,172400,,Jim_Maggiore_(New_Hampshire_House),586928,0
19872,"Wendy Thomas",Wendy,,Thomas,,,1,D,1,Rep,HD-12-HIL,9772614,66834,,Wendy_Thomas,670590,0
19873,"Jaci Grote",Jaci,,Grote,,,1,D,1,Rep,HD-24-ROC,9770288,185612,,Jaci_Grote,670886,0
19874,"Megan Murray",Megan,A.,Murray,,,1,D,1,Rep,HD-37-HIL,45378860,185562,,Megan_Murray,670591,0
19876,"David Meuse",David,,Meuse,,,1,D,1,Rep,HD-37-ROC,28765616,185615,,David_Meuse,670889,0
19877,"Terry Roy",Terry,,Roy,,,2,R,1,Rep,HD-31-ROC,45378923,185521,,Terry_Roy,670768,0
19889,"Joe Alexander",Joe,H.,Alexander,Jr.,,2,R,1,Rep,HD-29-HIL,42579614,175812,,Joe_Alexander_Jr.,598264,0
19891,"Matthew Wilhelm",Matthew,B.,Wilhelm,,Matt,1,D,1,Rep,HD-40-HIL,42048257,185372,,Matt_Wilhelm,670679,0
21787,"Louise Andrus",Louise,,Andrus,,,2,R,1,Rep,HD-05-MER,46047268,194742,,Louise_Andrus,683825,0
21788,"Aidan Ankarberg",Aidan,K.,Ankarberg,,,2,R,1,Rep,HD-07-STR,50226920,143473,,Aidan_K._Ankarberg,439246,0
21790,"Glenn Bailey",Glenn,,Bailey,,,2,R,1,Rep,HD-02-STR,50226935,194983,,Glenn_Bailey_(New_Hampshire),744397,0
21793,"Lex Berezhny",Lex,,Berezhny,,,2,R,1,Rep,HD-11-GRA,50226758,194776,,Lex_Berezhny,744094,0
21794,"JD Bernardy",JD,,Bernardy,,,2,R,1,Rep,HD-36-ROC,16014256,195036,,J_D_Bernardy,744359,0
21795,"Ross Berry",Ross,,Berry,,,2,R,1,Rep,HD-39-HIL,50226566,194740,,Ross_Berry,744237,0
21797,"Mike Bordes",Mike,,Bordes,,,2,R,1,Rep,HD-05-BEL,50226768,194679,,Mike_Bordes,744012,0
21798,"Stephen Boyd",Stephen,,Boyd,,,2,R,1,Rep,HD-10-MER,50226724,195026,,Stephen_Boyd_(New_Hampshire),744666,0
21800,"Jose Cambrils",Jose,E.,Cambrils,,,2,R,1,Rep,HD-04-MER,45378653,185500,,Jose_Cambrils,670697,0
21801,"Tony Caplan",Tony,,Caplan,,,1,D,1,Rep,HD-08-MER,50226759,194923,,Tony_Caplan,744582,0
21802,"Jim Creighton",Jim,,Creighton,,,2,R,1,Rep,HD-30-HIL,50226835,194735,,Jim_Creighton,744221,0
21805,"Arnold Davis",Arnold,G.,Davis,,,2,R,1,Rep,HD-02-COO,50226855,194758,,Arnold_Davis,744083,0
21813,"Dru Fox",Dru,,Fox,,,1,D,1,Rep,HD-02-CHE,49325984,194847,,Dru_Fox,744481,0
21814,"Eric Gallager",Eric,,Gallager,,,1,D,1,Rep,HD-20-MER,45378733,185382,,Eric_Gallager,670730,0
21815,"Ted Gorski",Ted,,Gorski,,,2,R,1,Rep,HD-02-HIL,16014704,194995,,Ted_Gorski,744116,0
21818,"Mary Hakken-Phillips",Mary,A.,Hakken-Phillips,,,1,D,1,Rep,HD-12-GRA,50226880,194874,,Mary_Hakken-Phillips,744507,0
21821,"Juliet Harvey-Bolia",Juliet,,Harvey-Bolia,,,2,R,1,Rep,HD-03-BEL,50226793,194686,,Juliet_Harvey-Bolia,744017,0
21827,"Diane Kelley",Diane,,Kelley,,,2,R,1,Rep,HD-32-HIL,50226680,195062,,Diane_Kelley,744186,0
21834,"Jim Kofalt",Jim,,Kofalt,,,2,R,1,Rep,HD-32-HIL,25005537,154516,,Jim_Kofalt,502600,0
21838,"Erica Layon",Erica,,Layon,,,2,R,1,Rep,HD-13-ROC,50226598,195044,,Erica_Layon,744333,0
21839,"Melissa Litchfield",Melissa,A.,Litchfield,,,2,R,1,Rep,HD-32-ROC,50226912,195037,,Melissa_Litchfield,744355,0
21841,"Bob Lynn",Bob,,Lynn,,,2,R,1,Rep,HD-17-ROC,50226683,128464,,Bob_Lynn,744345,0
21842,"Wayne MacDonald",Wayne,D.,MacDonald,,,2,R,1,Rep,HD-16-ROC,14799618,195047,,Wayne_MacDonald,744326,0
21845,"Chris McAleer",Chris,,McAleer,,,1,D,1,Rep,HD-02-CAR,50226930,194713,,Chris_McAleer,744473,0
21846,"Maureen Mooney",Maureen,,Mooney,,,2,R,1,Rep,HD-12-HIL,6595386,42661,,Maureen_Mooney,213057,0
21848,"Russell Muirhead",Russell,,Muirhead,,,1,D,1,Rep,HD-12-GRA,15799669,194877,,Russell_Muirhead,744510,0
21853,"Mark Paige",Mark,A.,Paige,,,1,D,1,Rep,HD-11-ROC,50226914,194880,,Mark_Paige,744645,0
21854,"Lucius Parshall",Lucius,,Parshall,,,1,D,1,Rep,HD-08-CHE,48073405,194850,,Lucius_Parshall,744483,0
21855,"Diane Pauer",Diane,,Pauer,,,2,R,1,Rep,HD-36-HIL,50226578,195060,,Diane_Pauer,744188,0
21857,"Rebecca Perkins Kwoka",Rebecca,,"Perkins Kwoka",,,1,D,2,Sen,SD-021,50165879,194373,,Rebecca_Perkins_Kwoka,743972,0
21858,"Matthew Pitaro",Matthew,,Pitaro,,,2,R,1,Rep,HD-11-MER,50226792,185273,,Matthew_Pitaro,670716,0
21859,"Tom Ploszaj",Tom,,Ploszaj,,,2,R,1,Rep,HD-01-BEL,13703737,141713,,Tom_Ploszaj,436629,0
21860,"Lisa Post",Lisa,Cm,Post,,,2,R,1,Rep,HD-42-HIL,50226678,194991,,Lisa_Post,744110,0
21861,"Suzanne Prentiss",Suzanne,M.,Prentiss,,,1,D,2,Sen,SD-005,50226736,194271,,Suzanne_Prentiss,743968,0
21862,"Jim Qualey",James,,Qualey,,Jim,2,R,1,Rep,HD-18-CHE,50226844,194724,,Jim_Qualey,744077,0
21863,"Jennifer Rhodes",Jennifer,,Rhodes,,,2,R,1,Rep,HD-17-CHE,50226849,194753,,Jennifer_Rhodes,744159,0
21864,"Denise Ricciardi",Denise,,Ricciardi,,,2,R,2,Sen,SD-009,50226734,194274,,Denise_Ricciardi,743987,0
21867,"Vanessa Sheehan",Vanessa,L.,Sheehan,,,2,R,1,Rep,HD-43-HIL,50226644,195016,,Vanessa_Sheehan,744182,0
21870,"Jonathan Smith",Jonathan,H.,Smith,,,2,R,1,Rep,HD-05-CAR,50226941,194707,,Jonathan_Smith_(New_Hampshire),744059,0
21871,"Julius Soti",Julius,F.,Soti,,,2,R,1,Rep,HD-35-ROC,45378946,185316,,Julius_Soti,670639,0
21872,"Walter Spilsbury",Walter,,Spilsbury,,,2,R,1,Rep,HD-03-SUL,50226866,194722,,Walter_Spilsbury,744422,0
21874,"Paul Terry",Paul,A.,Terry,,,2,R,1,Rep,HD-07-BEL,50226894,194687,,Paul_Terry,744018,0
21877,"Douglas Trottier",Douglas,R.,Trottier,,,2,R,1,Rep,HD-08-BEL,50226739,194690,,Douglas_Trottier,744027,0
21878,"Paul Tudor",Paul,,Tudor,,,2,R,1,Rep,HD-01-ROC,50226784,195052,,Paul_Tudor,744270,0
21879,"Susan Vandecasteele",Susan,J.,Vandecasteele,,,2,R,1,Rep,HD-25-ROC,50226676,195041,,Susan_Vandecasteele,744353,0
21880,"Daniel Veilleux",Daniel,T.,Veilleux,,,1,D,1,Rep,HD-34-HIL,45378974,185563,,Daniel_Veilleux,670592,0
22916,"Bill Boyd",Bill,,Boyd,,,2,R,1,Rep,HD-12-HIL,16014298,195705,,Bill_Boyd_(New_Hampshire),773866,0
22940,"Muriel Hall",Muriel,,Hall,,,1,D,1,Rep,HD-09-MER,13975874,195854,,Muriel_Hall,778618,0
22959,"Catherine Rombeau",Catherine,A.,Rombeau,,,1,D,1,Rep,HD-02-HIL,45378919,185329,,Catherine_Rombeau,744530,0
22998,"Jodi Nelson",Jodi,,Nelson,,,2,R,1,Rep,HD-13-ROC,29109745,199138,,Jodi_Nelson_(New_Hampshire),792654,0
23403,"Cyril Aures",Cyril,,Aures,,,2,R,1,Rep,HD-13-MER,55717584,0,,Cyril_Aures,817849,0
23404,"Deborah Aylward",Deborah,,Aylward,,,2,R,1,Rep,HD-05-MER,55717564,0,,Deborah_Aylward,817816,0
23405,"Peggy Balboni",Peggy,,Balboni,,,1,D,1,Rep,HD-38-ROC,55717679,0,,Peggy_Balboni,817866,0
23406,"Heather Baldwin",Heather,P.,Baldwin,,,1,D,1,Rep,HD-04-GRA,55717440,208681,,Heather_Baldwin,817357,0
23407,"Lorie Ball",Lorie,,Ball,,,2,R,1,Rep,HD-25-ROC,55717655,209245,,Lorie_Ball,817909,0
23409,"Luz Bay",Luz,,Bay,,,1,D,1,Rep,HD-21-STR,42932443,0,,Luz_Bay,817558,0
23410,"Mike Belcher",Mike,,Belcher,,,2,R,1,Rep,HD-04-CAR,55717392,208979,,Mike_Belcher,817069,0
23411,"Steven Bogert",Steven,T.,Bogert,,,2,R,1,Rep,HD-05-BEL,55717375,208970,,Steven_Bogert,817029,0
23412,"Bill Bolton",Bill,,Bolton,,,1,D,1,Rep,HD-08-GRA,42626228,0,,Bill_Bolton_(New_Hampshire),670199,0
23416,"Richard Brown",Richard,R.,Brown,,,2,R,1,Rep,HD-03-CAR,55717391,208977,,Richard_Brown_(New_Hampshire),817066,0
23417,"Claudine Burnham",Claudine,R.,Burnham,,,2,R,1,Rep,HD-02-STR,55717685,0,,Claudine_Burnham,817772,0
23420,"Matthew Coker",Matthew,,Coker,,,1,D,1,Rep,HD-02-BEL,55717368,208641,,Matthew_Coker,817021,0
23421,"Riche Colcombe",Riche,,Colcombe,,,2,R,1,Rep,HD-30-HIL,50226765,0,,Riche_Colcombe,744220,0
23424,"Travis Corcoran",Travis,,Corcoran,,,2,R,1,Rep,HD-44-HIL,55717556,0,,Travis_Corcoran,817776,0
23425,"Thomas Cormen",Thomas,,Cormen,,,1,D,1,Rep,HD-15-GRA,9698797,0,,Thomas_Cormen,0,0
23427,"Hope Damon",Hope,E.,Damon,,,1,D,1,Rep,HD-08-SUL,9781192,208964,,Hope_Damon,817513,0
23428,"William Darby",William,,Darby,,,1,D,1,Rep,HD-11-HIL,2773511,0,,William_Darby,817439,0
23430,"William Dolan",William,,Dolan,,,1,D,1,Rep,HD-09-HIL,55717488,0,,William_Dolan,817427,0
23431,"Tanya Donnelly",Tanya,,Donnelly,,,2,R,1,Rep,HD-25-ROC,50226673,0,,Tanya_Donnelly,744349,0
23432,"Mike Drago",Mike,,Drago,,,2,R,1,Rep,HD-04-ROC,55717609,209193,,Mike_Drago,818007,0
23433,"Ron Dunn",Ron,,Dunn,,,2,R,1,Rep,HD-16-ROC,55717631,0,,Ron_Dunn,817992,0
23434,"Susan Elberger",Susan,A.,Elberger,,,1,D,1,Rep,HD-05-HIL,55717471,0,,Susan_Elberger,817399,0
23437,"Charles Foote",Charles,,Foote,,,2,R,1,Rep,HD-13-ROC,55717622,208672,,Charles_Foote,818024,0
23439,"Loren Foxx",Loren,,Foxx,,,1,D,1,Rep,HD-02-HIL,45124761,0,,Loren_Foxx,817384,0
23441,"Nicholas Germana",Nicholas,,Germana,,,1,D,1,Rep,HD-01-CHE,55717400,208670,,Nicholas_Germana,817084,0
23442,"Merryl Gibbs",Merryl,,Gibbs,,,1,D,1,Rep,HD-23-MER,18132108,0,,Merryl_Gibbs,320985,0
23444,"Michael Granger",Michael,,Granger,,,2,R,1,Rep,HD-02-STR,55717687,0,,Michael_Granger,817774,0
23445,"Alicia Gregg",Alicia,,Gregg,,,1,D,1,Rep,HD-07-HIL,55717480,0,,Alicia_Gregg,817416,0
23446,"Jessica Grill",Jessica,,Grill,,,1,D,1,Rep,HD-18-HIL,55717508,0,,Jessica_Grill,817469,0
23447,"Linda Haskins",Linda,J.,Haskins,,,1,D,1,Rep,HD-11-ROC,55717618,208914,,Linda_Haskins,818023,0
23448,"Matthew Hicks",Matthew,,Hicks,,,1,D,1,Rep,HD-24-MER,44347036,0,,Matthew_Hicks,817859,0
23449,"Heath Howard",Heath,,Howard,,,1,D,1,Rep,HD-04-STR,50226964,0,,Heath_Howard,744658,0
23450,"Molly Howard",Molly,C.,Howard,,,1,D,1,Rep,HD-31-HIL,55717531,208834,,Molly_Howard,817653,0
23451,"Allan Howland",Allan,,Howland,,,1,D,1,Rep,HD-20-STR,55717714,208958,,Allan_Howland,817566,0
23453,"Louis Juris",Louis,C.,Juris,,,1,D,1,Rep,HD-07-HIL,16280045,0,,Louis_Juris,817417,0
23455,"Cathy Kenny",Cathy,,Kenny,,,2,R,1,Rep,HD-13-HIL,55717501,0,,Cathy_Kenny,817453,0
23456,"Seth King",Seth,,King,,,2,R,1,Rep,HD-04-COO,52433631,208994,,Seth_King_(New_Hampshire),817141,0
23457,"Allison Knab",Allison,,Knab,,,1,D,1,Rep,HD-12-ROC,18027671,0,,Allison_Knab,818028,0
23458,"Katelyn Kuttab",Katelyn,,Kuttab,,,2,R,1,Rep,HD-17-ROC,55717643,0,,Katelyn_Kuttab,817942,0
23459,"Jessica LaMontagne",Jessica,F.,LaMontagne,,,1,D,1,Rep,HD-17-STR,55717708,208954,,Jessica_LaMontagne,817601,0
23460,"Nicole Leapley",Nicole,,Leapley,,,1,D,1,Rep,HD-22-HIL,55717513,208826,,Nicole_Leapley,817555,0
23461,"Daniel LeClerc",Daniel,,LeClerc,,,1,D,1,Rep,HD-34-HIL,55717540,0,,Daniel_LeClerc,817705,0
23462,"Christal Lloyd",Christal,,Lloyd,,,1,D,1,Rep,HD-08-HIL,55717485,0,,Christal_Lloyd,817424,0
23463,"Peter Lovett",Peter,,Lovett,,,1,D,1,Rep,HD-08-GRA,46699122,0,,Peter_Lovett,817364,0
23464,"Dennis Mannion",Dennis,,Mannion,,,2,R,1,Rep,HD-25-ROC,55717752,0,,,817915,0
23465,"Tom Mannion",Tom,,Mannion,,,2,R,1,Rep,HD-01-HIL,55717460,0,,Tom_Mannion,817380,0
23466,"Zoe Manos",Zoe,R.,Manos,,,1,D,1,Rep,HD-12-ROC,55717619,0,,Zoe_Manos,818029,0
23467,"Lisa Mazur",Lisa,,Mazur,,,2,R,1,Rep,HD-44-HIL,58249214,0,,Lisa_Mazur,821007,0
23469,"Valerie McDonnell",Valerie,,McDonnell,,,2,R,1,Rep,HD-25-ROC,55717658,0,,Valerie_McDonnell,817916,0
23474,"Alissandra Murray",Alissandra,,Murray,,,1,D,1,Rep,HD-20-HIL,55717512,0,,Alissandra_Murray,817546,0
23475,"David Nagel",David,,Nagel,,,2,R,1,Rep,HD-06-BEL,17960185,208972,,David_Nagel,817052,0
23476,"Jodi Newell",Jodi,,Newell,,,1,D,1,Rep,HD-04-CHE,55717403,210464,,Jodi_Newell,817088,0
23477,"Kristin Noble",Kristin,,Noble,,,2,R,1,Rep,HD-02-HIL,18740674,0,,Kristin_Noble,501721,0
23480,"Mike Ouellet",Mike,,Ouellet,,,2,R,1,Rep,HD-03-COO,55717426,208992,,Mike_Ouellet,817137,0
23481,"David Paige",David,,Paige,,,1,D,1,Rep,HD-01-CAR,28732974,208662,,David_Paige,817056,0
23482,"William Palmer",William,,Palmer,,,1,D,1,Rep,HD-02-SUL,9757145,208961,,William_Palmer_(New_Hampshire),817545,0
23483,"Sandra Panek",Sandra,L.,Panek,,,2,R,1,Rep,HD-01-HIL,55717461,0,,Sandra_Panek,817381,0
23485,"Stephanie Payeur",Stephanie,R.,Payeur,,,1,D,1,Rep,HD-08-MER,55717574,0,,Stephanie_Payeur,817823,0
23486,"Kristine Perez",Kristine,,Perez,,,2,R,1,Rep,HD-16-ROC,55717638,0,,Kristine_Perez,817996,0
23487,"Katy Peternel",Katy,,Peternel,,,2,R,1,Rep,HD-06-CAR,52628764,208981,,Katy_Peternel,817076,0
23489,"Yury Polozov",Yury,,Polozov,,,2,R,1,Rep,HD-10-MER,55717581,0,,Yury_Polozov,817842,0
23490,"Daniel Popovici-Muller",Daniel,,Popovici-Muller,,,2,R,1,Rep,HD-17-ROC,42047625,0,,Daniel_Popovici-Muller,817943,0
23491,"Susan Porcelli",Susan,M.,Porcelli,,,2,R,1,Rep,HD-19-ROC,55717648,209239,,Susan_Porcelli,817932,0
23492,"Kelley Potenza",Kelley,L.,Potenza,,,2,R,1,Rep,HD-19-STR,55717712,0,,Kelley_Potenza,817598,0
23494,"Heather Raymond",Heather,,Raymond,,,1,D,1,Rep,HD-05-HIL,55717473,0,,Heather_Raymond,817400,0
23495,"Ned Raynolds",Ned,,Raynolds,,,1,D,1,Rep,HD-39-ROC,46699110,210284,,Ned_Raynolds,817865,0
23498,"David Rochefort",David,,Rochefort,,,2,R,1,Rep,HD-01-GRA,9753035,208997,,David_Rochefort,817351,0
23499,"James Roesener",James,Leon,Roesener,,,1,D,1,Rep,HD-22-MER,55717592,0,,James_Leon_Roesener,817856,0
23500,"Linda Ryan",Linda,V.,Ryan,,,1,D,1,Rep,HD-04-HIL,55717468,0,,Linda_Ryan,817395,0
23501,"Alvin See",Alvin,,See,,,2,R,1,Rep,HD-26-MER,46938291,0,,Alvin_See,817987,0
23502,"Sheila Seidel",Sheila,,Seidel,,,2,R,1,Rep,HD-29-HIL,55717526,0,,Sheila_Seidel,817649,0
23503,"Loren Selig",Loren,,Selig,,,1,D,1,Rep,HD-10-STR,50165931,208950,,Loren_Selig,817714,0
23504,"John Sellers",John,,Sellers,,,2,R,1,Rep,HD-10-GRA,55717454,0,,John_Sellers_(New_Hampshire),817373,0
23505,"Shane Sirois",Shane,,Sirois,,,2,R,1,Rep,HD-32-HIL,55717534,0,,Shane_Sirois,817662,0
23507,"Geoff Smith",Geoff,,Smith,,,1,D,1,Rep,HD-21-STR,56898279,0,,Geoff_Smith,817561,0
23509,"Carry Spier",Carry,,Spier,,,1,D,1,Rep,HD-06-HIL,55717478,0,,Carry_Spier,817407,0
23510,"Kathy Staub",Kathy,,Staub,,,1,D,1,Rep,HD-25-HIL,15672699,211122,,Kathy_Staub,821012,0
23511,"Jonathan Stone",Jonathan,F.,Stone,,,2,R,1,Rep,HD-08-SUL,55717757,194716,,Jonathan_Stone_(New_Hampshire),744668,0
23512,"Jared Sullivan",Jared,,Sullivan,,,1,D,1,Rep,HD-02-GRA,52702008,210468,,Jared_Sullivan,817352,0
23513,"Trinidad Tellez",Trinidad,,Tellez,,,1,D,1,Rep,HD-40-HIL,16263595,0,,Trinidad_Tellez,817727,0
23514,"Jeffrey Tenczar",Jeffrey,,Tenczar,,,2,R,1,Rep,HD-01-HIL,55717462,0,,Jeffrey_Tenczar,817382,0
23515,"Lilli Walsh",Lilli,,Walsh,,,2,R,1,Rep,HD-15-ROC,46359854,209215,,Lilli_Walsh,818003,0
23516,"Jonah Wheeler",Jonah,,Wheeler,,,1,D,1,Rep,HD-33-HIL,55717538,0,,Jonah_Wheeler,817700,0
23517,"Robert Wherry",Robert,,Wherry,,,2,R,1,Rep,HD-13-HIL,49722298,0,,Robert_Wherry_(New_Hampshire),817455,0
23518,"Clayton Wood",Clayton,,Wood,,,2,R,1,Rep,HD-13-MER,55717588,209183,,Clayton_Wood,817851,0
23520,"Christine Seibert",Christine,,Seibert,,,1,D,1,Rep,HD-21-HIL,41042546,185333,,Christine_Seibert,817551,0
23521,"Eric Turer",Eric,S.,Turer,,,1,D,1,Rep,HD-06-ROC,14803187,0,,Eric_Turer,670893,0
23523,"Brian Cole",Brian,D.,Cole,,,2,R,1,Rep,HD-26-HIL,13703599,0,,Brian_D._Cole,426083,0
23524,"David Preece",David,John,Preece,,,1,D,1,Rep,HD-17-HIL,55717507,208823,,David_Preece,817466,0
23525,"Dick Thackston",Dick,,Thackston,,,2,R,1,Rep,HD-12-CHE,18912415,143312,,Dick_Thackston,426027,0
23527,"Margaret Drye",Margaret,M.,Drye,,,2,R,1,Rep,HD-07-SUL,43879692,176609,,Margaret_Drye,670809,0
23613,"Tim McGough",Tim,,McGough,,,2,R,1,Rep,HD-12-HIL,6637201,14269,,Tim_McGough,817450,0
23614,"James Tierney",James,,Tierney,,,2,R,1,Rep,HD-01-COO,55717424,143313,,James_Tierney,428007,0
23615,"Philip Jones",Philip,,Jones,,,1,D,1,Rep,HD-03-CHE,55717402,208671,,Philip_Jones_(New_Hampshire),881939,0
24943,"Marc Plamondon",Marc,,Plamondon,,,1,D,1,Rep,HD-03-HIL,58428675,75104,,Marc_Plamondon,0,0
24968,"David Fracht",David,H.,Fracht,,,1,D,1,Rep,HD-16-GRA,59433454,212283,,David_Fracht,0,0
24995,"Paige Beauchemin",Paige,,Beauchemin,,,1,D,1,Rep,HD-03-HIL,59433491,212779,,Paige_Beauchemin,0,0
25126,"Sean Durkin",Sean,,Durkin,,,2,R,1,Rep,HD-01-COO,19089882,0,,Sean_Durkin,0,0
25127,"Michael Murphy",Michael,,Murphy,,,2,R,1,Rep,HD-06-COO,0,0,,Michael_Murphy_(New_Hampshire),865539,0
25186,"Jennifer Mandelbaum",Jennifer,,Mandelbaum,,,1,D,1,Rep,HD-01-ROC,59682201,0,,Jennifer_Mandelbaum,0,0
25187,"Erik Johnson",Erik,,Johnson,,,1,D,1,Rep,HD-08-STR,0,0,,Erik_Johnson_(New_Hampshire),871784,0
25520,"Michael Aron",Michael,,Aron,,,2,R,1,Rep,HD-08-SUL,60008900,209317,,Michael_Aron,882546,0
25521,"Liz Barbour",Liz,F.,Barbour,,,2,R,1,Rep,HD-35-HIL,55717542,209049,,Liz_Barbour,0,0
25522,"Joseph Barton",Joseph,J.,Barton,,,2,R,1,Rep,HD-01-GRA,60487383,218894,,Joseph_Barton,0,0
25523,"Calvin Beaulier",Calvin,,Beaulier,,,2,R,1,Rep,HD-01-GRA,45378633,185477,,Calvin_Beaulier,0,0
25524,"Cindy Bennett",Cindy,Lynn,Bennett,,,2,R,1,Rep,HD-04-ROC,60008872,219189,,Cindy_Bennett,882474,0
25525,"Dan Bergeron",Dan,H.,Bergeron,,,1,D,1,Rep,HD-16-HIL,28731721,126868,,Dan_Bergeron,296519,0
25526,"Marie Bjelobrk",Marie,Louise,Bjelobrk,,,2,R,1,Rep,HD-05-GRA,60487450,218901,,Marie_Louise_Bjelobrk,0,0
25527,"Tracy Bricchi",Tracy,Anne,Bricchi,,,1,D,1,Rep,HD-15-MER,60008761,219148,,Tracy_Bricchi,0,0
25528,"Nicholas Bridle",Nicholas,D.,Bridle,,,2,R,1,Rep,HD-29-ROC,60008888,219248,,Nicholas_Bridle,882706,0
25529,"Pamela Brown",Pamela,,Brown,,Pam,2,R,1,Rep,HD-14-ROC,0,219238,,Pam_Brown_(New_Hampshire_House_Rockingham_14),894762,0
25530,"Scott Bryer",Scott,R.,Bryer,,,2,R,1,Rep,HD-01-ROC,55717733,208904,,Scott_Bryer,0,0
25531,"Suraj Budathoki",Suraj,,Budathoki,,,1,D,1,Rep,HD-40-HIL,60008747,219013,,Suraj_Budathoki,0,0
25532,"Manoj Chourasia",Manoj,,Chourasia,,,1,D,1,Rep,HD-11-HIL,60008729,218938,,Manoj_Chourasia,0,0
25533,"Suzanne Chretien",Suzanne,L.,Chretien,,,1,D,1,Rep,HD-19-HIL,60008734,218989,,Suzanne_Chretien,881962,0
25534,"Eleana Colby",Eleana,Marie,Colby,,,1,D,1,Rep,HD-09-MER,60008756,219125,,Eleana_Colby,0,0
25535,"Erica deVries",Erica,R.,deVries,,,1,D,1,Rep,HD-29-ROC,60008777,210285,,Erica_deVries,817860,0
25536,"Denise DeDe-Poulin",Denise,,DeDe-Poulin,,,2,R,1,Rep,HD-06-STR,60488716,219854,,Denise_DeDe-Poulin,0,0
25537,"Susan Deroy",Susan,G.,Deroy,,,2,R,1,Rep,HD-03-STR,60488715,219253,,Susan_DeRoy,0,0
25538,"Sayra Devito",Sayra,Lynn,Devito,,,2,R,1,Rep,HD-08-ROC,60487933,219195,,Sayra_DeVito,0,0
25539,"Ricky Devoid",Ricky,J.,Devoid,,,2,R,1,Rep,HD-01-MER,55717560,209170,,Ricky_Devoid,0,0
25540,"Matt Drew",Matt,,Drew,,,2,R,1,Rep,HD-19-HIL,60008833,218991,,Matt_Drew,0,0
25541,"Dillon Dumont",Dillon,J.,Dumont,,,2,R,1,Rep,HD-13-HIL,60008824,218982,,Dillon_Dumont,0,0
25542,"Pierre Dupont",Pierre,M.,Dupont,,,2,R,1,Rep,HD-20-HIL,54348326,209036,,Pierre_Dupont,0,0
25543,"Myles England",Myles,,England,,,1,D,1,Rep,HD-12-STR,60008783,219225,,Myles_England,0,0
25544,"Samuel Farrington",Samuel,G.,Farrington,,,2,R,1,Rep,HD-08-STR,60008892,219254,,Samuel_Farrington,0,0
25545,"Mary Ford",Mary,J.,Ford,,,2,R,1,Rep,HD-03-ROC,60008871,219183,,Mary_Ford,882472,0
25546,"Lily Foss",Lily,M.,Foss,,,1,D,1,Rep,HD-41-HIL,60487888,219016,,Lily_Foss,0,0
25547,"Linda Franz",Linda,,Franz,,,2,R,1,Rep,HD-06-GRA,60008812,218905,,Linda_Franz,0,0
25548,"Mary Georges",Mary,Ngwanda,Georges,,,1,D,1,Rep,HD-23-HIL,60008737,219850,,Mary_Ngwanda_Georges,0,0
25549,"Dylan Germana",Dylan,N.,Germana,,,1,D,1,Rep,HD-01-CHE,60008711,218869,,Dylan_Germana,881938,0
25550,"Henry Giasson",Henry,R.,Giasson,III,,2,R,1,Rep,HD-29-HIL,55717524,209040,,Henry_Giasson,0,0
25551,"Dale Girard",Dale,R.,Girard,,,1,D,1,Rep,HD-06-SUL,54429506,219234,,Dale_Girard,0,0
25552,"Ernesto Gonzalez",Ernesto,L.,Gonzalez,,,2,R,1,Rep,HD-03-MER,50717731,219107,,Ernesto_Leonardo_Gonzalez_(New_Hampshire),817786,0
25553,"George Grant",George,C.,Grant,,,2,R,1,Rep,HD-05-SUL,55717717,210505,,George_Grant,0,0
25554,"James Gruber",James,H.,Gruber,,,1,D,1,Rep,HD-16-CHE,46699028,218882,,James_Gruber,0,0
25555,"Stephanie Grund",Stephanie,,Grund,,,1,D,1,Rep,HD-34-HIL,46699954,219851,,Stephanie_Grund,0,0
25556,"James Guzofski",James,H.,Guzofski,,,2,R,1,Rep,HD-01-ROC,56898662,212229,,James_Guzofski,0,0
25557,"Robley Hall",Robley,,Hall,,,2,R,1,Rep,HD-01-STR,60487950,110845,,Robley_Hall,883175,0
25558,"Joseph Hamblen",Joseph,,Hamblen,,,2,R,1,Rep,HD-03-CAR,60008802,218748,,Joseph_Hamblen,0,0
25559,"Tim Hartnett",Tim,,Hartnett,,,1,D,1,Rep,HD-41-HIL,60008750,219017,,Tim_Hartnett,0,0
25560,"Karen Hegner",Karen,A.,Hegner,,,1,D,1,Rep,HD-41-HIL,49265417,219018,,Karen_Hegner,0,0
25561,"Wayne Hemingway",Wayne,J.,Hemingway,,,2,R,1,Rep,HD-06-SUL,60488762,219263,,Wayne_Hemingway,0,0
25562,"Samantha Jacobs",Samantha,,Jacobs,,,1,D,1,Rep,HD-15-CHE,60008712,218881,,Samantha_Jacobs,0,0
25563,"Sly Karasinski",Sly,,Karasinski,,,2,R,1,Rep,HD-10-CHE,50226829,194725,,Sly_Karasinski,0,0
25564,"Eileen Kelly",Eileen,S.,Kelly,,,1,D,1,Rep,HD-08-MER,9725256,219123,,Eileen_Kelly_(New_Hampshire),545300,0
25565,"Erin Kerwin",Erin,,Kerwin,,,1,D,1,Rep,HD-40-HIL,60008748,219014,,Erin_Kerwin,0,0
25566,"Steven Kesselring",Steven,,Kesselring,,,2,R,1,Rep,HD-18-HIL,60008832,218988,,Steven_Kesselring,0,0
25567,"Lee Ann Kluger","Lee Ann",,Kluger,,,1,D,1,Rep,HD-06-HIL,60008723,218930,,Lee_Ann_Kluger,0,0
25568,"Lori Korzen",Lori,E.,Korzen,,,2,R,1,Rep,HD-07-COO,55717431,208995,,Lori_Korzen,0,0
25569,"Brian Labrie",Brian,H.,Labrie,,,2,R,1,Rep,HD-02-HIL,60008816,218925,,Brian_Labrie,0,0
25570,"John Larochelle",John,H.,Larochelle,,,1,D,1,Rep,HD-19-STR,53024520,111932,,John_Larochelle,0,0
25571,"Patrick Long",Patrick,N.,Long,,,1,D,1,Rep,HD-26-HIL,60008740,220671,,Patrick_Long_(New_Hampshire_state_representative),900076,0
25572,"Darrell Louis",Darrell,A.,Louis,,,2,R,1,Rep,HD-01-GRA,9838144,218896,,Darrell_Louis,0,0
25573,"Janet Lucas",Janet,Marie,Lucas,,,1,D,1,Rep,HD-07-GRA,60008716,218906,,Janet_Marie_Lucas,881949,0
25574,"Matthew Lunney",Matthew,,Lunney,,,2,R,1,Rep,HD-02-BEL,60008791,218736,,Matthew_Lunney,0,0
25575,"Amy Malone",Amy,L.,Malone,,,1,D,1,Rep,HD-09-STR,0,219222,,Amy_Malone,883070,0
25576,"Tim Mannion",Tim,E.,Mannion,,,2,R,1,Rep,HD-01-HIL,55717460,218917,,Tim_Mannion,890642,0
25577,"Sanjeev Manohar",Sanjeev,K.,Manohar,,,1,D,1,Rep,HD-09-HIL,60008727,218932,,Sanjeev_Manohar,0,0
25578,"Jay Markell",Jay,D.,Markell,,,2,R,1,Rep,HD-18-ROC,55421279,219243,,Jay_Markell,0,0
25579,"Rita Mattson",Rita,G.,Mattson,,,2,R,1,Rep,HD-18-CHE,50226836,194720,,Rita_Mattson,0,0
25580,"Donald McFarlane",Donald,S.,McFarlane,,,2,R,1,Rep,HD-18-GRA,55717444,209002,,Donald_McFarlane,0,0
25581,"Linda McGrath",Linda,,McGrath,,,2,R,1,Rep,HD-40-ROC,60008891,219251,,Linda_McGrath,0,0
25582,"Peter Mehegan",Peter,L.,Mehegan,,,2,R,1,Rep,HD-12-MER,60008862,219143,,Peter_Mehegan,0,0
25583,"Julie Miles",Julie,,Miles,,,2,R,1,Rep,HD-12-HIL,60008822,218976,,Julie_Miles,0,0
25584,"Seth Miller",Seth,B.,Miller,,,1,D,1,Rep,HD-21-STR,60008788,219232,,Seth_Miller,882024,0
25585,"Laurence  Miner","Laurence ",A.,Miner,,,2,R,1,Rep,HD-07-ROC,60008876,210489,,Laurence_Miner,0,0
25586,"Sheri Minor",Sheri,,Minor,,,2,R,1,Rep,HD-05-BEL,60008795,218740,,Sheri_Minor,0,0
25587,"Peter Morency",Peter,,Morency,,,2,R,1,Rep,HD-05-COO,60008808,218888,,Peter_Morency,0,0
25588,"Bryan Morse",Bryan,,Morse,,,2,R,1,Rep,HD-03-MER,60008856,219109,,Bryan_Morse,882359,0
25589,"Jonathan Morton",Jonathan,,Morton,,,2,R,1,Rep,HD-39-HIL,60008848,219012,,Jonathan_Morton,882335,0
25590,"Denis Murphy",Denis,Vincent,Murphy,II,,2,R,1,Rep,HD-11-CHE,60738735,109937,,Denis_Murphy_II,296466,0
25591,"Mary Murphy",Mary,,Murphy,,,2,R,1,Rep,HD-27-HIL,60008838,218997,,Mary_Murphy_(New_Hampshire),882326,0
25592,"Brian Nadeau",Brian,,Nadeau,,,2,R,1,Rep,HD-04-ROC,60008873,219190,,Brian_Nadeau,0,0
25593,"Richard Nalevanko",Richard,M.,Nalevanko,,Rich,2,R,1,Rep,HD-09-CHE,14803650,122301,,Richard_Nalevanko,0,0
25594,"James Newsom",James,,Newsom,,,1,D,1,Rep,HD-09-MER,58300066,219128,,James_Newsom_(New_Hampshire),0,0
25595,"Thomas Oppel",Thomas,,Oppel,,,1,D,1,Rep,HD-09-GRA,50292687,218908,,Thomas_Oppel,0,0
25596,"Teresa O'Rorke",Teresa,,O'Rorke,,Terri,1,D,1,Rep,HD-07-CHE,46699149,218874,,Terri_O'Rorke,0,0
25597,"Kathleen Paquette",Kathleen,,Paquette,,,2,R,1,Rep,HD-25-HIL,58249212,211123,,Kathleen_Paquette,0,0
25598,"Wayne Pearson",Wayne,,Pearson,,,1,D,1,Rep,HD-12-STR,60008784,219227,,Wayne_Pearson,882019,0
25599,"Raymond Peeples",Raymond,C.,Peeples,Jr.,Ray,2,R,1,Rep,HD-14-HIL,60008828,219849,,Ray_Peeples,0,0
25600,"Raymond Plante",Ray,S.,Plante,,Ray,2,R,1,Rep,HD-27-MER,55717580,194989,,Ray_Plante,0,0
25601,"Adam Presa",Adam,,Presa,,,2,R,1,Rep,HD-12-HIL,60008823,218977,,Adam_Presa,0,0
25602,"Sherri Reinfurt",Sherri,,Reinfurt,,,2,R,1,Rep,HD-29-HIL,53102283,219000,,Sherri_Reinfurt,0,0
25603,"Ellen Rockmore",Ellen,,Rockmore,,,1,D,1,Rep,HD-12-GRA,26135743,218911,,Ellen_Rockmore,0,0
25604,"Matt Sabourin",Matt,,Sabourin,,,2,R,1,Rep,HD-30-ROC,60490034,219249,,Matt_Sabourin,882516,0
25605,"Santosh Salvi",Santosh,,Salvi,,,1,D,1,Rep,HD-09-HIL,58666303,218933,,Santosh_Salvi,0,0
25606,"Gregory Sargent",Gregory,M.,Sargent,,,1,D,1,Rep,HD-07-MER,55717567,208876,,Gregory_Sargent,0,0
25607,"Buzz Scherr",Buzz,,Scherr,,,1,D,1,Rep,HD-26-ROC,1126604,219212,,Buzz_Scherr,0,0
25608,"John Schneller",John,,Schneller,,,2,R,1,Rep,HD-02-HIL,9711314,154480,,John_Schneller,0,0
25609,"Donald Selby",Donald,Evan,Selby,,,2,R,1,Rep,HD-09-ROC,60008878,219197,,Donald_Selby,0,0
25610,"Jeremy Slottje",Jeremy,,Slottje,,,2,R,1,Rep,HD-13-HIL,60008826,218983,,Jeremy_Slottje,0,0
25611,"Jim Snodgrass",Jim,,Snodgrass,,,1,D,1,Rep,HD-28-MER,60008765,219166,,Jim_Snodgrass,0,0
25612,"Carrie Sorensen",Carrie,,Sorensen,,,1,D,1,Rep,HD-28-ROC,52628665,219213,,Carrie_Sorensen,0,0
25613,"Terry Spahr",Terry,,Spahr,,,1,D,1,Rep,HD-12-GRA,60008717,218912,,Terry_Spahr,0,0
25614,"John Stone",John,Joseph,Stone,,,1,D,1,Rep,HD-12-STR,60488718,219228,,John_Joseph_Stone,883075,0
25615,"John Suiter",John,W.,Suiter,,,2,R,1,Rep,HD-36-HIL,60487886,219010,,John_Suiter,0,0
25616,"Dale Swanson",Dale,,Swanson,,,1,D,1,Rep,HD-05-HIL,60008722,218927,,Dale_Swanson,0,0
25617,"Brian Taylor",Brian,R.,Taylor,,,2,R,1,Rep,HD-08-CAR,60485773,219930,,Brian_R._Taylor,883125,0
25618,"James Thibault",James,R.,Thibault,,,2,R,1,Rep,HD-25-MER,60487897,219162,,James_Thibault,0,0
25619,"Travis Toner",Travis,J.,Toner,,,2,R,1,Rep,HD-04-BEL,60008793,218738,,Travis_Toner,0,0
25620,"Brian Valerino",Brian,L.,Valerino,,,2,R,1,Rep,HD-05-COO,60008809,218889,,Brian_Valerino,0,0
25621,"Alice Wade",Alice,,Wade,,,1,D,1,Rep,HD-15-STR,60008785,219229,,Alice_Wade,0,0
25622,"David Walker",David,E.,Walker,,,2,R,1,Rep,HD-19-STR,9805960,143944,,David_Walker_(New_Hampshire),0,0
25623,"Toni Weinstein",Toni,,Weinstein,,,1,D,1,Rep,HD-10-ROC,60008770,219200,,Toni_Weinstein,0,0
25624,"Vicki Wilson",Vicki,A.,Wilson,,,2,R,1,Rep,HD-09-ROC,60008879,219198,,Vicki_Wilson,0,0
25664,"Gary Gilmore",Gary,R.,Gilmore,,,1,D,1,Rep,HD-16-STR,60008786,21379,,Gary_Gilmore,0,0
