people_id,name,first_name,middle_name,last_name,suffix,nickname,party_id,party,role_id,role,district,followthemoney_eid,votesmart_id,opensecrets_id,ballotpedia,knowwho_pid,committee_id
3681,"Shane Jett",Shane,David,Jett,,,2,R,1,Rep,SD-017,6583598,46260,,Shane_Jett,226662,0
3693,"Ken Luttrell",Ken,,Luttrell,,,2,R,1,Rep,HD-037,6477200,67527,,Ken_Luttrell,249091,0
17176,"Chris Kannady",Chris,,Kannady,,,2,R,1,Rep,HD-091,13005035,46284,,Chris_Kannady,495596,0
17276,"Chad Caldwell",Chad,,Caldwell,,,2,R,1,Rep,HD-040,8608010,152349,,Chad_Caldwell,495512,0
17281,"Casey Murdock",William,Casey,Murdock,,Casey,2,R,1,Rep,SD-027,23442481,152372,,Casey_Murdock,495530,0
17282,"John Pfeiffer",John,,Pfeiffer,,,2,R,1,Rep,HD-038,23442467,152344,,John_Pfeiffer,495504,0
17318,"Darcy Jech",Darcy,A.,Jech,,,2,R,2,Sen,SD-026,23442518,152298,,Darcy_Jech,495416,0
17462,"Mark Lepak",Mark,Paul,Lepak,,,2,R,1,Rep,HD-009,11998499,152320,,Mark_Lepak,495477,0
17823,"Regina Goodwin",Regina,,Goodwin,,,1,D,1,Rep,SD-011,8888006,156149,,Regina_Goodwin,545811,0
17840,"Cyndi Munson",Cyndi,,Munson,,,1,D,1,Rep,HD-085,23442381,152403,,Cyndi_Munson,495570,0
18901,"Micheal Bergstrom",Micheal,,Bergstrom,,,2,R,2,Sen,SD-001,39828100,170518,,Micheal_Bergstrom,579855,0
18902,"Julie Daniels",Julie,J.,Daniels,,,2,R,2,Sen,SD-029,14963531,76819,,Julie_Daniels,579427,0
18903,"Avery Frix",Avery,Carl,Frix,,,2,R,1,Rep,SD-009,39827910,170752,,Avery_Carl_Frix,579693,0
18908,"Adam Pugh",Adam,,Pugh,,,2,R,2,Sen,SD-041,39828160,152400,,Adam_Pugh,495562,0
18909,"Dave Rader",Dave,,Rader,,,2,R,2,Sen,SD-039,39828158,170660,,Dave_Rader,579459,0
18911,"Rande Worthen",Rande,,Worthen,,,2,R,1,Rep,HD-064,39828006,170883,,Rande_Worthen,579549,0
18948,"Roland Pederson",Roland,,Pederson,,,2,R,2,Sen,SD-019,26753112,170581,,Roland_Pederson,579676,0
18986,"Forrest Bennett",Forrest,,Bennett,,,1,D,1,Rep,HD-092,39828070,170964,,Forrest_Bennett,579591,0
18987,"Tom Gann",Tom,,Gann,,,2,R,1,Rep,HD-008,39827902,12373,,Tom_Gann,579473,0
18988,"Josh West",Josh,,West,,,2,R,1,Rep,HD-005,39827898,170737,,Josh_West_(Oklahoma),579872,0
18989,"Kevin West",Kevin,,West,,,2,R,1,Rep,HD-054,39827988,170854,,Kevin_West,579387,0
18990,"Rick West",Rick,,West,,,2,R,1,Rep,HD-003,31963377,170718,,Rick_West_(Oklahoma),579466,0
18991,"Tammy West",Tammy,,West,,,2,R,1,Rep,HD-084,39828047,170941,,Tammy_West,579399,0
19006,"Dell Kerbs",Dell,,Kerbs,,,2,R,1,Rep,HD-026,39827935,170780,,Dell_Kerbs,579882,0
19007,"Mike Osburn",Mike,,Osburn,,,2,R,1,Rep,HD-081,6571057,55504,,Mike_Osburn,579908,0
19011,"Mickey Dollens",Mickey,,Dollens,,,1,D,1,Rep,HD-093,39828073,170970,,Mickey_Dollens,579594,0
19013,"Justin Humphrey",Justin,Jj,Humphrey,,,2,R,1,Rep,HD-019,39827925,170772,,Justin_Humphrey,579495,0
19014,"Lonnie Paxton",Lonnie,,Paxton,,,2,R,2,Sen,SD-023,39828132,12383,,Lonnie_Paxton,579451,0
19028,"Kyle Hilbert",Kyle,,Hilbert,,,2,R,1,Rep,HD-029,39827947,170797,,Kyle_Hilbert,579501,0
19041,"Meloyde Blancett",Meloyde,,Blancett,,,1,D,1,Rep,HD-078,8619757,170914,,Meloyde_Blancett,579574,0
19042,"Carl Newton",Carl,,Newton,,,2,R,1,Rep,HD-058,26756755,170860,,Carl_Newton,579530,0
19043,"Scott Fetgatter",Scott,,Fetgatter,,,2,R,1,Rep,HD-016,39827919,170762,,Scott_Fetgatter,579492,0
19045,"Jason Lowe",Jason,,Lowe,,,1,D,1,Rep,HD-097,39828086,170983,,Jason_Lowe,579600,0
19243,"Mark Lawson",Mark,,Lawson,,,2,R,1,Rep,HD-030,39827948,139647,,Mark_Lawson_(Oklahoma),579384,0
19437,"Paul Rosino",Paul,,Rosino,,,2,R,2,Sen,SD-045,18178532,176478,,Paul_Rosino,645880,0
19492,"Jacob Rosecrants",Jacob,,Rosecrants,,,1,D,1,Rep,HD-046,39827977,170839,,Jacob_Rosecrants,579514,0
19493,"Ross Ford",Ross,,Ford,,,2,R,1,Rep,HD-076,43788785,176486,,Ross_Ford_(Oklahoma),645459,0
19617,"Brad Boles",Brad,,Boles,,,2,R,1,Rep,HD-051,19766263,176933,,Brad_Boles,658805,0
19636,"Michael Brooks",Michael,,Brooks,,,1,D,2,Sen,SD-044,23442408,152311,,Michael_Brooks_(Oklahoma),631976,0
19705,"David Bullard",David,,Bullard,,,2,R,2,Sen,SD-006,45034779,181806,,David_Bullard,663400,0
19924,"Jim Olsen",Jim,,Olsen,,,2,R,1,Rep,HD-002,45034831,181851,,Jim_Olsen,663631,0
19961,"Brent Howard",Brent,,Howard,,,2,R,2,Sen,SD-038,45034822,181843,,Brent_Howard,663462,0
19964,"Darrell Weaver",Darrell,,Weaver,,,2,R,2,Sen,SD-024,45034800,181822,,Darrell_Weaver,663428,0
19965,"Julia Kirt",Julia,,Kirt,,,1,D,2,Sen,SD-030,45034805,181826,,Julia_Kirt,663441,0
20007,"Bill Coleman",Bill,,Coleman,,,2,R,2,Sen,SD-010,15755175,181809,,Bill_Coleman_(Oklahoma),663409,0
20038,"Mary Boren",Mary,B.,Boren,,,1,D,2,Sen,SD-016,45034789,181814,,Mary_Boren,663417,0
20170,"Nicole Miller",Nicole,,Miller,,,2,R,1,Rep,HD-082,44213422,182051,,Nicole_Miller_(Oklahoma),663995,0
20564,"Ty Burns",Ty,,Burns,,,2,R,1,Rep,HD-035,45034923,181931,,Ty_Burns,663785,0
20612,"Danny Sterling",Danny,,Sterling,,,2,R,1,Rep,HD-027,8955942,181911,,Danny_Sterling,663752,0
20691,"Ronny Johns",Ronny,,Johns,,,2,R,1,Rep,HD-025,45034890,181902,,Ronny_Johns,663739,0
20692,"Daniel Pae",Daniel,,Pae,,,2,R,1,Rep,HD-062,45034988,181991,,Daniel_Pae,663893,0
20740,"Brian Hill",Brian,,Hill,,,2,R,1,Rep,HD-047,45034963,170957,,Brian_Hill_(Oklahoma),579916,0
20741,"Robert Manger",Robert,,Manger,,,2,R,1,Rep,HD-101,45035108,182103,,Robert_Manger,664098,0
20757,"Jim Grego",Jim,,Grego,,,2,R,1,Rep,HD-017,31963401,181882,,Jim_Grego,663688,0
20758,"Tammy Townley",Tammy,,Townley,,,2,R,1,Rep,HD-048,45034966,181972,,Tammy_Townley,663847,0
20811,"Toni Hasenbeck",Toni,,Hasenbeck,,,2,R,1,Rep,HD-065,23442378,152384,,Toni_Hasenbeck,495540,0
20812,"John Haste",John,,Haste,,,2,R,2,Sen,SD-036,17849260,181838,,John_Haste,663457,0
20813,"Carri Hicks",Carri,,Hicks,,,1,D,2,Sen,SD-040,45034823,181844,,Carri_Hicks,663468,0
20814,"David Smith",David,,Smith,,,2,R,1,Rep,HD-018,45034867,181885,,David_Smith_(Oklahoma),663692,0
20829,"Denise Hader",Denise,,"Crosswhite Hader",,,2,R,1,Rep,HD-041,19765514,181946,,Denise_Hader,663806,0
20831,"Andy Fugate",Andy,,Fugate,,,1,D,1,Rep,HD-094,45035076,182072,,Andy_Fugate,664036,0
20832,"David Hardin",David,,Hardin,,,2,R,1,Rep,HD-086,45035069,182066,,David_Hardin,664016,0
20833,"Marilyn Stark",Marilyn,,Stark,,,2,R,1,Rep,HD-100,45035102,182097,,Marilyn_Stark,664088,0
20835,"John Waldron",John,,Waldron,,,1,D,1,Rep,HD-077,39828156,170655,,John_Waldron,579458,0
20877,"Melissa Provenzano",Melissa,,Provenzano,,,1,D,1,Rep,HD-079,45035034,182035,,Melissa_Provenzano,663971,0
20878,"Trish Ranson",Trish,,Ranson,,,1,D,1,Rep,HD-034,45034920,181928,,Trish_Ranson,663782,0
20879,"Cynthia Roe",Cynthia,Jo,Roe,,,2,R,1,Rep,HD-042,45034946,181952,,Cynthia_Roe,663814,0
20880,"Judd Strom",Judd,,Strom,,,2,R,1,Rep,HD-010,45034842,181862,,Judd_Strom,663655,0
20881,"Mark Vancuren",Mark,,Vancuren,,,2,R,1,Rep,HD-074,45035023,182024,,Mark_Vancuren,663959,0
20886,"Trey Caldwell","Hurchel ",T.,Caldwell,,Trey,2,R,1,Rep,HD-063,45034992,152383,,Hurchel_T._Caldwell,663899,0
20887,"Rusty Cornwell",Rusty,,Cornwell,,,2,R,1,Rep,HD-006,8781490,181858,,Rusty_Cornwell,663647,0
20889,"Thomas Marti",Thomas,,Marti,,T.J.,2,R,1,Rep,HD-075,44212797,182027,,T._Marti,663962,0
20890,"Stan May",Stan,,May,,,2,R,1,Rep,HD-080,45035044,182043,,Stan_May,658639,0
20891,"Kenton Patzkowsky",Kenton,,Patzkowsky,,,2,R,1,Rep,HD-061,44214558,181989,,Kenton_Patzkowsky,663890,0
20893,"Chris Sneed",Chris,,Sneed,,,2,R,1,Rep,HD-014,45034851,181872,,Chris_Sneed,663670,0
20894,"Brenda Stanley",Brenda,,Stanley,,,2,R,2,Sen,SD-042,45034827,181848,,Brenda_Stanley,663627,0
20895,"Jay Steagall",Jay,W.,Steagall,,,2,R,1,Rep,HD-043,45034950,181957,,Jay_Steagall,663827,0
21238,"Chuck Hall",Chuck,,Hall,,,2,R,2,Sen,SD-020,45034796,181819,,Chuck_Hall,482303,0
21326,"Ajay Pittman",Ajay,,Pittman,,,1,D,1,Rep,HD-099,45035096,182092,,Ajay_Pittman,664076,0
21885,"Warren Hamilton",Warren,,Hamilton,,,2,R,2,Sen,SD-007,49636409,192208,,Warren_Hamilton,738109,0
21886,"Jo Dossett",Jo,Anna,Dossett,,,1,D,2,Sen,SD-035,42742970,192188,,Jo_Anna_Dossett,738129,0
22506,"Gerrid Kendrix",Gerrid,,Kendrix,,,2,R,1,Rep,HD-052,49636463,192116,,Gerrid_Kendrix,738271,0
22515,"Eddy Dempsey",Eddy,,Dempsey,,,2,R,1,Rep,HD-001,49636432,191958,,Eddy_Dempsey,477973,0
22548,"Mike Dobrinski",Mike,,Dobrinski,,,2,R,1,Rep,HD-059,49636466,192126,,Mike_Dobrinski,738286,0
22549,"Eric Roberts",Eric,Van,Roberts,,,2,R,1,Rep,HD-083,44087032,181832,,Eric_Roberts,663449,0
22558,"Danny Williams",Danny,,Williams,,,2,R,1,Rep,HD-028,16141955,152302,,Danny_Williams_(Oklahoma),495426,0
22576,"Dick Lowe",Dick,,Lowe,,,2,R,1,Rep,HD-056,38444519,192121,,Dick_Lowe,738277,0
22577,"Preston Stinson",Preston,,Stinson,,,2,R,1,Rep,HD-096,49636495,192166,,Preston_Stinson,738357,0
22578,"Max Wolfley",Max,,Wolfley,,,2,R,1,Rep,HD-095,6477321,67499,,Max_Wolfley,495606,0
22633,"Steve Bashore",Steve,,Bashore,,,2,R,1,Rep,HD-007,49636433,191960,,Steve_Bashore,738156,0
22765,"Bob Culver",Bob,Ed,Culver,,,2,R,1,Rep,HD-004,39827894,24481,,Bob_Ed_Culver,579369,0
22854,"George Burns",George,H.,Burns,,,2,R,2,Sen,SD-005,49636406,192212,,George_Burns,738105,0
22855,"Anthony Moore",Anthony,,Moore,,,2,R,1,Rep,HD-057,46688278,192125,,Anthony_Moore,738283,0
23531,"Dana Prieto",Dana,,Prieto,,,2,R,2,Sen,SD-034,45034818,181839,,Dana_Prieto,0,0
23557,"Kristen Thompson",Kristen,,Thompson,,,2,R,2,Sen,SD-022,55466395,206334,,Kristen_Thompson,0,0
23559,"Todd Gollihare",Todd,,Gollihare,,,2,R,2,Sen,SD-012,55466391,206331,,Todd_Gollihare,0,0
23722,"Arturo Alonso-Sandoval",Arturo,,Alonso-Sandoval,,,1,D,1,Rep,HD-089,55466484,206421,,Arturo_Alonso,808027,0
23723,"Nick Archer",Nick,,Archer,,,2,R,1,Rep,HD-055,55466459,206393,,Nick_Archer,0,0
23724,"Chris Banning",Chris,,Banning,,,2,R,1,Rep,HD-024,53007063,206364,,Chris_Banning,0,0
23725,"Josh Cantrell",Josh,,Cantrell,,,2,R,1,Rep,HD-049,55466452,206388,,Josh_Cantrell,0,0
23726,"Collin Duel",Collin,,Duel,,,2,R,1,Rep,HD-031,55466427,206366,,Collin_Duel,0,0
23727,"John George",John,,George,,,2,R,1,Rep,HD-036,55466436,206373,,John_George_(Oklahoma),0,0
23728,"John Kane",John,B.,Kane,,,2,R,1,Rep,HD-011,48879260,160757,,John_Kane_(Oklahoma),0,0
23729,"Cody Maynard",Cody,,Maynard,,,2,R,1,Rep,HD-021,54870732,206362,,Cody_Maynard,0,0
23730,"Mark Tedford",Mark,,Tedford,,,2,R,1,Rep,HD-069,26764149,206405,,Mark_Tedford,0,0
23731,"Jared Deck",Jared,,Deck,,,1,D,1,Rep,HD-044,48111459,106625,,Jared_Deck,0,0
23732,"Neil Hays",Neil,,Hays,,,2,R,1,Rep,HD-013,55466415,206354,,Neil_Hays,0,0
23733,"Ellyn Hefner",Ellyn,,Hefner,,,1,D,1,Rep,HD-087,55466481,206417,,Ellyn_Hefner,0,0
23734,"Annie Menz",Annie,,Menz,,,1,D,1,Rep,HD-045,54871343,206384,,Annie_Menz,0,0
23735,"Suzanne Schreiber",Suzanne,E.,Schreiber,,,1,D,1,Rep,HD-070,38292550,206407,,Suzanne_Schreiber,0,0
23736,"Clay Staires",Clay,,Staires,,,2,R,1,Rep,HD-066,54871910,206402,,Clay_Staires,0,0
23737,"Amanda Swope",Amanda,,Swope,,,1,D,1,Rep,HD-071,49844529,206408,,Amanda_Swope,0,0
23878,"Ally Seifried",Ally,,Seifried,,,2,R,2,Sen,SD-002,55466383,206325,,Ally_Seifried,0,0
24164,"Jerry Alvord",Jerry,,Alvord,,,2,R,2,Sen,SD-014,46688670,163948,,Jerry_Alvord,0,0
24706,"Grant Green",Grant,,Green,,,2,R,2,Sen,SD-028,22188989,206339,,Grant_Green,808303,0
24707,"Jack Stewart",Jack,,Stewart,,,2,R,2,Sen,SD-018,16902947,133266,,Jack_Stewart,808233,0
24708,"Tom Woods",Tom,,Woods,,,2,R,2,Sen,SD-004,55466389,206329,,Tom_Woods_(Oklahoma),0,0
25063,"Dusty Deevers",Dusty,,Deevers,,,2,R,2,Sen,SD-032,59433418,0,,Dusty_Deevers,0,0
25169,"Erick Harris",Erick,,Harris,,,2,R,1,Rep,HD-039,59459648,181834,,Erick_Harris,0,0
25453,"Stacy Jo Adams","Stacy Jo",,Adams,,,2,R,1,Rep,HD-050,59853551,216494,,Stacy_Adams,0,0
25454,"Jason Blair",Jason,,Blair,,,2,R,1,Rep,HD-053,59853384,112523,,Jason_Blair,0,0
25455,"Mark Chapman",Mark,,Chapman,,,2,R,1,Rep,HD-012,45765539,216462,,Mark_Chapman,0,0
25456,"Ryan Eaves",Ryan,,Eaves,,,2,R,1,Rep,HD-022,59853435,216475,,Ryan_Eaves,0,0
25457,"Emily Gise",Emily,,Gise,,,2,R,1,Rep,HD-090,59853433,216601,,Emily_Gise,0,0
25458,"Rob Hall",Rob,,Hall,,,2,R,1,Rep,HD-067,59853526,216520,,Rob_Hall,0,0
25459,"Derrick Hildebrant",Derrick,,Hildebrant,,,2,R,1,Rep,HD-023,59853596,216477,,Derrick_Hildebrant,0,0
25460,"Molly Jenkins",Molly,,Jenkins,,,2,R,1,Rep,HD-033,59853427,216483,,Molly_Jenkins,0,0
25461,"Mike Kelley",Mike,,Kelley,,,2,R,1,Rep,HD-060,59853507,216512,,Mike_Kelley_(Oklahoma),0,0
25462,"Mike Lay",Mike,,Lay,,,2,R,1,Rep,HD-068,59853508,216521,,Mike_Lay,0,0
25463,"Michelle McCane",Michelle,,McCane,,,1,D,1,Rep,HD-072,59853592,216525,,Michelle_McCane,0,0
25464,"Ellen Pogemiller",Ellen,,Pogemiller,,,1,D,1,Rep,HD-088,59853610,216604,,Ellen_Pogemiller,0,0
25465,"Jim Shaw",Jim,,Shaw,,,2,R,1,Rep,HD-032,59853410,216482,,Jim_Shaw_(Oklahoma),0,0
25466,"Ronald Stewart",Ronald,,Stewart,,Ron,1,D,1,Rep,HD-073,59853509,216529,,Ron_Stewart,0,0
25467,"Tim Turner",Tim,,Turner,,,2,R,1,Rep,HD-015,59853519,216464,,Tim_Turner_(Oklahoma),0,0
25468,"Jonathan Wilk",Jonathan,,Wilk,,,2,R,1,Rep,HD-020,59853523,216470,,Jonathan_Wilk,0,0
25469,"Gabe Woolley",Gabe,,Woolley,,,2,R,1,Rep,HD-098,59853401,216596,,Gabe_Woolley,0,0
25470,"Christi Gillespie",Christi,,Gillespie,,,2,R,2,Sen,SD-033,59853572,187619,,Christi_Gillespie,0,0
25471,"Randy Grellner",Randy,,Grellner,,,2,R,2,Sen,SD-021,8830164,206294,,Randy_Grellner,0,0
25472,"Brian Guthrie",Brian,,Guthrie,,,2,R,2,Sen,SD-025,59853445,216436,,Brian_Guthrie,0,0
25473,"Kelly Hines",Kelly,,Hines,,,2,R,2,Sen,SD-047,59853450,216454,,Kelly_Hines,0,0
25474,"Spencer Kern",Spencer,,Kern,,,2,R,2,Sen,SD-031,59853501,216441,,Spencer_Kern,0,0
25475,"Mark Mann",Mark,Harold,Mann,,,1,D,2,Sen,SD-046,59858797,216451,,Mark_Harold_Mann,0,0
25476,"Julie McIntosh",Julie,,McIntosh,,,2,R,2,Sen,SD-003,59853538,216387,,Julie_McIntosh,0,0
25477,"Nikki Nice",Nikki,,Nice,,,1,D,2,Sen,SD-048,59858798,185943,,Nikki_Nice,0,0
25478,"Aaron Reinhardt",Aaron,,Reinhardt,,,2,R,2,Sen,SD-037,59853515,216446,,Aaron_Reinhardt,0,0
25479,"Kendal Sacchieri",Kendal,,Sacchieri,,,2,R,2,Sen,SD-043,59853600,216448,,Kendal_Sacchieri,0,0
25480,"Lisa Standridge",Lisa,,Standridge,,,2,R,2,Sen,SD-015,26614628,216427,,Lisa_Standridge,874020,0
25481,"Jonathan Wingard",Jonathan,,Wingard,,,2,R,2,Sen,SD-013,59853394,216425,,Jonathan_Wingard,0,0
26469,"Bryan Logan",Bryan,,Logan,,,2,R,2,Sen,SD-008,0,220711,,Bryan_Logan,0,0
