people_id,name,first_name,middle_name,last_name,suffix,nickname,party_id,party,role_id,role,district,followthemoney_eid,votesmart_id,opensecrets_id,ballotpedia,knowwho_pid,committee_id
7855,"Llew Jones",Llewelyn,E.,Jones,,Llew,2,R,1,Rep,HD-018,6659937,40745,,Llew_Jones,228320,0
7872,"Jill Cohenour",Jill,,Cohenour,,,1,D,1,Rep,HD-084,6432848,40669,,Jill_Cohenour,214337,0
7923,"Mary Caferro",Mary,M.,Caferro,,,1,D,1,Rep,HD-082,6456145,40429,,Mary_Caferro,228343,0
7926,"Tom McGillvray",Tom,,McGillvray,,,2,R,2,Sen,SD-023,6659992,40706,,Tom_McGillvray,228329,0
7986,"John Esp",John,,Esp,,,2,R,2,Sen,SD-030,6635093,40362,,John_Esp,206081,0
7994,"Jonathan Windy Boy",Jonathan,,"Windy Boy",,,1,D,1,Rep,HD-032,6396521,40464,,Jonathan_Windy_Boy,214354,0
10396,"Steve Fitzpatrick",Steve,,Fitzpatrick,,,2,R,1,Rep,HD-024,6682824,120787,,Steve_Fitzpatrick,292135,0
10405,"Frank Smith",Frank,J.,Smith,,,1,D,1,Rep,HD-031,6396467,20922,,Frank_Smith_(Montana),196493,0
11953,"Mike Cuffe",Mike,,Cuffe,,,2,R,2,Sen,SD-001,7680513,120755,,Mike_Cuffe,292125,0
11962,"Edward Buttrey",Edward,,Buttrey,,,2,R,1,Rep,HD-021,6683094,120725,,Edward_Buttrey,311686,0
12051,"Ellie Boldman",Ellie,,Boldman,,,1,D,2,Sen,SD-045,6501162,120886,,Ellie_Boldman,292177,0
14173,"Greg Hertz",Greg,,Hertz,,,2,R,2,Sen,SD-006,7666841,136849,,Greg_Hertz,389745,0
14259,"Wylie Galt",Wylie,,Galt,,,2,R,2,Sen,SD-039,7661766,136947,,Wylie_Galt,389785,0
14331,"Carl Glimm",Carl,,Glimm,,,2,R,2,Sen,SD-002,6682800,120772,,Carl_Glimm,290208,0
14338,"Dennis Lenz",Dennis,Robert,Lenz,,,2,R,2,Sen,SD-027,7662465,120830,,Dennis_Lenz,290218,0
14351,"Daniel Zolnikov",Daniel,,Zolnikov,,,2,R,2,Sen,SD-022,10885857,136897,,Daniel_Zolnikov,389755,0
16313,"Denise Hayman",Denise,,Hayman,,,1,D,2,Sen,SD-033,7648770,149252,,Denise_Hayman,484092,0
16341,"Mary Dunwell",Mary,Ann,Dunwell,,,1,D,2,Sen,SD-042,23315663,149265,,Mary_Ann_Dunwell,484105,0
16342,"Willis Curdy",Willis,,Curdy,,,1,D,2,Sen,SD-049,6489164,109827,,Willis_Curdy,290231,0
16353,"Susan Webber",Susan,A,Webber,,,1,D,2,Sen,SD-008,7815331,150032,,Susan_Webber,486983,0
16355,"Janet Ellis",Janet,H.,Ellis,,,1,D,2,Sen,SD-041,7679276,149262,,Janet_Ellis,484102,0
16356,"Andrea Olsen",Andrea,,Olsen,,,1,D,2,Sen,SD-050,7862502,150515,,Andrea_Olsen,490650,0
16375,"Wendy McKamey",Wendy,,McKamey,,,2,R,2,Sen,SD-012,8099840,136817,,Wendy_McKamey,484053,0
16445,"Vince Ricci",Vince,,Ricci,,,2,R,2,Sen,SD-027,7774300,149242,,Vince_Ricci,484073,0
16562,"Forrest Mandeville",Forrest,J.,Mandeville,,,2,R,2,Sen,SD-029,7698549,149244,,Forrest_Mandeville,484078,0
16563,"Theresa Manzella",Theresa,,Manzella,,,2,R,2,Sen,SD-044,23405228,149266,,Theresa_Manzella,484106,0
16656,"Mark Noland",Mark,R.,Noland,,,2,R,2,Sen,SD-005,7733314,149218,,Mark_Noland,484031,0
16658,"Christopher Pope",Christopher,,Pope,,,1,D,2,Sen,SD-031,7704680,149250,,Christopher_Pope,484091,0
16672,"Jedediah Hinkle",Jedediah,Lee,Hinkle,,,2,R,1,Rep,HD-067,6682945,120843,,Jedediah_Hinkle,484016,0
18028,"Dave Fern",Dave,,Fern,,,1,D,1,Rep,HD-005,7686093,136807,,Dave_Fern,396075,0
18044,"Denley Loge",Denley,M.,Loge,,,2,R,1,Rep,HD-014,39289337,168467,,Denley_Loge,574253,0
18373,"Becky Beard",Becky,,Beard,,,2,R,2,Sen,SD-040,39289312,168549,,Becky_Beard,566416,0
18381,"Shane Morigeau",Shane,A.,Morigeau,,,1,D,2,Sen,SD-048,15672018,168580,,Shane_Morigeau,566430,0
18387,"Jeremy Trebas",Jeremy,,Trebas,,,2,R,2,Sen,SD-013,23405125,149229,,Jeremy_Trebas,484057,0
18388,"Barry Usher",Barry,M.,Usher,,,2,R,2,Sen,SD-020,5768671,149209,,Barry_Usher,484008,0
18389,"Sue Vinton",Sue,,Vinton,,,2,R,1,Rep,HD-056,39289421,168517,,Sue_Vinton,566393,0
18515,"Matt Regier",Matt,,Regier,,,2,R,1,Rep,HD-004,39289389,168448,,Matt_Regier,566373,0
18552,"Russel Tempel",Russel,,Tempel,,Russ,2,R,2,Sen,SD-014,43140115,90103,,Russel_Tempel,608049,0
19734,"Pat Flowers",Pat,,Flowers,,,1,D,2,Sen,SD-032,44494171,180648,,Pat_Flowers,651095,0
19742,"David Bedey",David,,Bedey,,,2,R,1,Rep,HD-086,12373944,180747,,David_Bedey,651386,0
19909,"Julie Dooling",Julie,,Dooling,,,2,R,1,Rep,HD-070,44494246,180731,,Julie_Dooling,658758,0
19910,"Katie Sullivan",Katie,,Sullivan,,,1,D,1,Rep,HD-089,44494298,180753,,Katie_Sullivan,651392,0
19911,"Marilyn Marler",Marilyn,,Marler,,,1,D,1,Rep,HD-090,7687975,74426,,Marilyn_Marler,651395,0
19916,"Bruce Gillespie",Bruce,,Gillespie,,Butch,2,R,2,Sen,SD-009,44494120,180635,,Bruce_Gillespie,651087,0
20370,"John Fuller",John,D.,Fuller,,,2,R,2,Sen,SD-004,6675471,40361,,John_Fuller_(Montana),651303,0
20371,"Joshua Kassmier",Joshua,J.,Kassmier,,,2,R,1,Rep,HD-027,44494158,180687,,Joshua_Kassmier,654665,0
20372,"Neil Duram",Neil,A.,Duram,,,2,R,1,Rep,HD-002,44494103,180655,,Neil_Duram,651286,0
20496,"Derek Harvey",Derek,J.,Harvey,,,1,D,1,Rep,HD-074,44494264,180738,,Derek_Harvey,651384,0
20497,"Connie Keogh",Connie,,Keogh,,,1,D,1,Rep,HD-091,28114608,180758,,Connie_Keogh,651398,0
20498,"Emma Kerr-Carpenter",Emma,,Kerr-Carpenter,,,1,D,1,Rep,HD-049,44494214,180706,,Emma_Kerr-Carpenter,658729,0
20501,"Bill Mercer",Bill,,Mercer,,,2,R,1,Rep,HD-046,7653698,180702,,Bill_Mercer,658723,0
20502,"Tyson Running Wolf",Tyson,T.,"Running Wolf",,,1,D,1,Rep,HD-016,44494137,180674,,Tyson_Runningwolf,654662,0
20677,"Jason Ellsworth",Jason,W.,Ellsworth,,,2,R,2,Sen,SD-043,44494195,180652,,Jason_Ellsworth,658676,0
20760,"Kenneth Bogner",Kenneth,,Bogner,,,2,R,2,Sen,SD-019,44494140,180640,,Kenneth_Bogner,636431,0
21433,"Debo Powers",Debo,,Powers,,,1,D,1,Rep,HD-003,42048792,187941,,Debo_Powers,721429,0
21762,"Steve Gist",Steve,,Gist,,,2,R,1,Rep,HD-025,49394882,190657,,Steve_Gist,732181,0
21770,"Marta Bertoglio",Marta,L.,Bertoglio,,,2,R,1,Rep,HD-075,49394929,190705,,Marta_Bertoglio,734848,0
21771,"Mike Fox",Mike,,Fox,,,1,D,1,Rep,HD-032,49394978,190346,,Mike_Fox,734677,0
21773,"Jane Gillette",Jane,,Gillette,,,2,R,1,Rep,HD-064,7689175,185834,,Jane_Gillette,682747,0
21774,"Kerri Seekins-Crowe",Kerri,,Seekins-Crowe,,,2,R,1,Rep,HD-043,7968731,168510,,Kerri_Seekins-Crowe,574284,0
21896,"Donavon Hawk",Donavon,,Hawk,,,1,D,1,Rep,HD-076,49394931,190706,,Donavon_Hawk,732249,0
21897,"Kenneth Walsh",Kenneth,M.,Walsh,,,2,R,1,Rep,HD-071,7654117,190702,,Kenneth_Walsh,732247,0
21982,"Ed Stafman",Ed,,Stafman,,,1,D,1,Rep,HD-062,49394911,190686,,Ed_Stafman,732237,0
22021,"Ron Marshall",Ron,L.,Marshall,,,2,R,1,Rep,HD-087,49394949,190721,,Ron_Marshall_(Montana),732256,0
22084,"Braxton Mitchell",Braxton,,Mitchell,,,2,R,1,Rep,HD-003,49394860,190459,,Braxton_Mitchell,732130,0
22118,"Linda Reksten",Linda,,Reksten,,,2,R,1,Rep,HD-012,49394871,190645,,Linda_Reksten,732151,0
22177,"Fiona Nave",Fiona,,Nave,,,2,R,1,Rep,HD-057,40576742,190683,,Fiona_Nave,732235,0
22178,"Jerry Schillinger",Jerry,,Schillinger,,,2,R,1,Rep,HD-037,7859267,180641,,Jerry_Schillinger,651320,0
22184,"Larry Brewster",Larry,,Brewster,,,2,R,1,Rep,HD-044,7769916,111852,,Larry_Brewster,732224,0
22186,"Paul Fielder",Paul,C.,Fielder,,,2,R,1,Rep,HD-013,26185764,190646,,Paul_Fielder,732153,0
22187,"Tom France",Thomas,M.,France,,Tom,1,D,1,Rep,HD-094,26285382,168441,,Tom_France,567204,0
22190,"Caleb Hinkle",Caleb,,Hinkle,,,2,R,1,Rep,HD-068,49394925,190699,,Caleb_Hinkle,639851,0
22192,"Kelly Kortum",Kelly,,Kortum,,,1,D,1,Rep,HD-065,47938042,190695,,Kelly_Kortum,732243,0
22193,"Brandon Ler",Brandon,,Ler,,,2,R,1,Rep,HD-035,47954029,190665,,Brandon_Ler,732220,0
22194,"Sara Novak",Sara,,Novak,,,1,D,2,Sen,SD-036,49394933,190708,,Sara_Novak,732250,0
22195,"Bob Phalen",Bob,,Phalen,,,2,R,1,Rep,HD-036,15420571,190668,,Bob_Phalen,734814,0
22196,"Amy Regier",Amy,,Regier,,,2,R,1,Rep,HD-006,28114533,190462,,Amy_Regier,732137,0
22198,"Mark Thane",Mark,,Thane,,,1,D,1,Rep,HD-099,49394969,190740,,Mark_Thane,732268,0
22201,"Katie Zolnikov",Katie,,Zolnikov,,,2,R,1,Rep,HD-045,49394847,190677,,Katie_Zolnikov,732225,0
22943,"Sherry Essmann",Sherry,,Essmann,,,2,R,1,Rep,HD-052,0,196926,,Sherry_Essmann,780084,0
23146,"Michael Yakawich",Michael,,Yakawich,,Mike,2,R,1,Rep,HD-051,55421992,147028,,Mike_Yakawich,803953,0
23191,"George Nikolakakos",George,,Nikolakakos,,,2,R,1,Rep,HD-026,52706516,203602,,George_Nikolakakos,0,0
23292,"Greg Oblander",Greg,,Oblander,,,2,R,1,Rep,HD-040,55421979,203616,,Greg_Oblander,0,0
23296,"Gary Parry",Gary,,Parry,,,2,R,1,Rep,HD-039,12397626,203614,,Gary_Parry,0,0
23312,"Greg Kmetz",Greg,,Kmetz,,,2,R,1,Rep,HD-038,12373735,203612,,Greg_Kmetz,0,0
23313,"Nelly Nicol",Nelly,,Nicol,,,2,R,1,Rep,HD-053,55421994,189818,,Nelly_Nicol,0,0
23315,"Terry Falk",Terry,,Falk,,,2,R,1,Rep,HD-008,55421939,203576,,Terry_Falk,0,0
23326,"John Fitzpatrick",John,,Fitzpatrick,,,2,R,1,Rep,HD-077,55422015,0,,John_Fitzpatrick_(Montana),0,0
23334,"Brad Barker",Brad,,Barker,,,2,R,1,Rep,HD-058,55421998,203631,,Brad_Barker,0,0
23335,"Jodee Etchart",Jodee,,Etchart,,,2,R,1,Rep,HD-048,55421986,0,,Jodee_Etchart,0,0
23336,"Russel Miner",Russel,,Miner,,Russ,2,R,1,Rep,HD-019,55421955,203592,,Russ_Miner,0,0
23337,"Courtenay Sprunger",Courtenay,,Sprunger,,,2,R,1,Rep,HD-007,55421937,0,,Courtenay_Sprunger,0,0
23363,"Jennifer Lynch",Jennifer,,Lynch,,,1,D,1,Rep,HD-073,58308726,211112,,Jennifer_Lynch_(Montana),0,0
23370,"Daniel Emrich",Daniel,,Emrich,,,2,R,2,Sen,SD-011,55421912,203530,,Daniel_Emrich,0,0
23372,"Paul Tuss",Paul,,Tuss,,,1,D,1,Rep,HD-028,55421965,180639,,Paul_Tuss,0,0
23607,"Shelley Vance",Shelley,,Vance,,,2,R,2,Sen,SD-034,55421923,0,,Shelley_Vance,803659,0
23629,"Denise Baum",Denise,,Baum,,,1,D,1,Rep,HD-047,55421984,0,,Denise_Baum,0,0
23630,"Robert Carter",Robert,,Carter,,Bob,1,D,1,Rep,HD-098,51425610,203689,,Bob_Carter,0,0
23631,"Lee Deming",Lee,,Deming,,,2,R,1,Rep,HD-055,55421995,203628,,Lee_Deming,0,0
23632,"SJ Howell",SJ,,Howell,,,1,D,1,Rep,HD-095,55422039,203682,,SJ_Howell,0,0
23633,"Jonathan Karlen",Jonathan,,Karlen,,,1,D,1,Rep,HD-096,55422042,203685,,Jonathan_Karlen,0,0
23634,"Melissa Romano",Melissa,,Romano,,,1,D,1,Rep,HD-081,39289472,0,,Melissa_Romano,0,0
23635,"Laura Smith",Laura,,Smith,,,1,D,1,Rep,HD-079,55422019,203659,,Laura_Smith_(Montana),0,0
23637,"Eric Matthews",Eric,,Matthews,,,1,D,1,Rep,HD-066,41088659,203643,,Eric_Matthews_(Montana),0,0
23638,"Zooey Zephyr",Zooey,,Zephyr,,,1,D,1,Rep,HD-100,55422051,203695,,Zooey_Zephyr,0,0
23639,"Zack Wirth",Zachary,E.,Wirth,,"Zack ",2,R,1,Rep,HD-080,39289431,0,,Zachary_Wirth,0,0
25390,"Eric Albus",Eric,,Albus,,,2,R,1,Rep,HD-012,59828438,215649,,Eric_Albus,0,0
25391,"Lyn Bennett",Lyn,,Bennett,,,1,D,1,Rep,HD-041,55421933,203571,,Lyn_Bennett,0,0
25392,"Ed Byrne",Ed,,Byrne,,,1,D,1,Rep,HD-063,59828396,215687,,Ed_Byrne,0,0
25393,"Brian Close",Brian,,Close,,,2,R,1,Rep,HD-030,59828524,190685,,Brian_Close,0,0
25394,"Curtis Cochran",Curtis,,Cochran,,,2,R,1,Rep,HD-023,59828372,215321,,Curtis_Cochran,0,0
25395,"Thedis Crowe",Thedis,B.,Crowe,,,2,R,1,Rep,HD-040,55421950,203586,,Thedis_Crowe,0,0
25396,"Melody Cunningham",Melody,,Cunningham,,,1,D,1,Rep,HD-019,59828371,215310,,Melody_Cunningham,0,0
25397,"Scott DeMarois",Scott,,DeMarois,,,1,D,1,Rep,HD-071,59828339,215426,,Scott_DeMarois,0,0
25398,"Becky Edwards",Becky,,Edwards,,,1,D,1,Rep,HD-061,6675553,215448,,Becky_Edwards_(Montana),0,0
25399,"Pete Elverum",Pete,,Elverum,,,1,D,1,Rep,HD-082,59828477,215348,,Pete_Elverum,0,0
25400,"Sidney Fitzpatrick",Sidney,,Fitzpatrick,,,1,D,1,Rep,HD-042,59828571,132331,,Sidney_Fitzpatrick,0,0
25401,"Shelly Fyant",Shelly,,Fyant,,,1,D,1,Rep,HD-091,59828336,215318,,Shelly_Fyant,0,0
25402,"Randyn Gregg",Randyn,,Gregg,,,2,R,1,Rep,HD-078,59828453,203605,,Randyn_Gregg,0,0
25403,"Alanah Griffith",Alanah,,Griffith,,,1,D,1,Rep,HD-060,55422002,203639,,Alanah_Griffith,0,0
25404,"Jamie Isaly",Jamie,,Isaly,,,1,D,1,Rep,HD-058,59828437,203562,,Jamie_Isaly,0,0
25405,"Steven Kelly",Steven,,Kelly,,,2,R,1,Rep,HD-009,59828525,22246,,Steven_Kelly_(Montana_House_of_Representatives_District_9),0,0
25406,"Shane Klakken",Shane,,Klakken,,,2,R,1,Rep,HD-037,59828377,215611,,Shane_Klakken,0,0
25407,"Gayle Lammers",Gayle,,Lammers,,,2,R,2,Sen,SD-021,59828417,215337,,Gayle_Lammers,0,0
25408,"Marc Lee",Marc,,Lee,,,1,D,1,Rep,HD-074,59828503,215424,,Marc_Lee,0,0
25409,"Kathy Love",Kathy,,Love,,,2,R,1,Rep,HD-085,59828561,215343,,Kathy_Love,0,0
25410,"Shannon Maness",Shannon,,Maness,,,2,R,1,Rep,HD-070,59828550,215429,,Shannon_Maness,0,0
25411,"Tom Millett",Tom,,Millett,,,2,R,1,Rep,HD-002,59828375,215706,,Tom_Millett,0,0
25412,"Valerie Moore",Valerie,,Moore,,,2,R,1,Rep,HD-029,59828397,215644,,Valerie_Moore,0,0
25413,"Luke Muszkiewicz",Luke,,Muszkiewicz,,,1,D,1,Rep,HD-079,59828332,215354,,Luke_Muszkiewicz,0,0
25414,"Anthony Nicastro",Anthony,,Nicastro,,,2,R,1,Rep,HD-050,59828591,215459,,Anthony_Nicastro,0,0
25415,"Melissa Nikolakakos",Melissa,,Nikolakakos,,,2,R,1,Rep,HD-020,59828597,215664,,Melissa_Nikolakakos,0,0
25416,"Greg Overstreet",Greg,,Overstreet,,,2,R,1,Rep,HD-088,59828364,215327,,Greg_Overstreet,0,0
25417,"James Reavis",James,,Reavis,,,1,D,1,Rep,HD-047,55421989,203624,,James_Reavis,0,0
25418,"Scott Rosenzweig",Scott,,Rosenzweig,,,1,D,1,Rep,HD-057,59828343,0,,Scott_Rosenzweig,0,0
25419,"Curtis Schomer",Curtis,,Schomer,,,2,R,1,Rep,HD-048,59828497,203629,,Curtis_Schomer,0,0
25420,"Lukas Schubert",Lukas,,Schubert,,,2,R,1,Rep,HD-008,59828517,215697,,Lukas_Schubert,0,0
25421,"Josh Seckinger",Joshua,,Seckinger,,Josh,1,D,1,Rep,HD-062,59828370,190693,,Josh_Seckinger,0,0
25422,"Tracy Sharp",Tracy,,Sharp,,,2,R,1,Rep,HD-012,59828390,215685,,Tracy_Sharp,0,0
25423,"Jade Sooktis",Jade,,Sooktis,,,1,D,1,Rep,HD-041,59828331,215583,,Jade_Sooktis,0,0
25424,"Peter Strand",Peter,,Strand,,,1,D,1,Rep,HD-063,59828474,215444,,Peter_Strand_(Montana),0,0
25425,"Morgan Thiel",Morgan,,Thiel,,,2,R,1,Rep,HD-030,59828349,215641,,Morgan_Thiel,0,0
25426,"Eric Tilleman",Eric,,Tilleman,,,2,R,1,Rep,HD-023,59828393,150462,,Eric_Tilleman,0,0
25427,"Mike Vinton",Mike,,Vinton,,,2,R,1,Rep,HD-040,59828567,215591,,Mike_Vinton,0,0
25428,"Jane Weber",Jane,,Weber,,,1,D,1,Rep,HD-019,59828493,147057,,Jane_Weber,0,0
25429,"Gregg Hunter",Gregg,,Hunter,,,2,R,2,Sen,SD-015,59828462,215332,,Gregg_Hunter,0,0
25430,"Jacinda Morigeau",Jacinda,,Morigeau,,,1,D,2,Sen,SD-046,59828431,215711,,Jacinda_Morigeau,0,0
25431,"Cora Neumann",Cora,,Neumann,,,1,D,2,Sen,SD-030,59828552,205251,,Cora_Neumann,0,0
25432,"Tony Tezak",Tony,,Tezak,,,2,R,2,Sen,SD-035,59828551,215721,,Tony_Tezak,0,0
25732,"Denise Joy",Denise,,Joy,,,1,D,1,Rep,HD-046,0,0,,,0,0
26438,"Terry Nelson",Terry,,Nelson,,,2,R,1,Rep,HD-087,0,168595,,Terry_Nelson,0,0
