people_id,name,first_name,middle_name,last_name,suffix,nickname,party_id,party,role_id,role,district,followthemoney_eid,votesmart_id,opensecrets_id,ballotpedia,knowwho_pid,committee_id
8123,"James Dunnigan",James,A.,Dunnigan,,Jim,2,R,1,Rep,HD-036,6606637,50739,,Jim_Dunnigan,214111,0
8131,"Jerry Stevenson",Jerry,W.,Stevenson,,,2,R,2,Sen,SD-006,6684268,117513,,Jerry_Stevenson,284089,0
8148,"Stuart Adams","J. Stuart",,Adams,,Stuart,2,R,2,Sen,SD-007,12404793,50400,,Stuart_Adams,210432,0
8150,"Wayne Harper",Wayne,A.,Harper,,,2,R,2,Sen,SD-016,6606689,10551,,Wayne_Harper,199346,0
8151,"Ryan Wilcox",Ryan,D.,Wilcox,,,2,R,1,Rep,HD-007,6675652,103559,,Ryan_Wilcox,268620,0
8156,"Keith Grover",Keith,,Grover,,,2,R,2,Sen,SD-023,6669195,65348,,Keith_Grover,249493,0
8165,"David Hinkins",David,P.,Hinkins,,,2,R,2,Sen,SD-026,6675571,103541,,David_Hinkins,268732,0
8173,"Carol Moss",Carol,Spackman,Moss,,,1,D,1,Rep,HD-034,13007186,168659,,Carol_Moss,208376,0
8186,"Evan Vickers",Evan,J.,Vickers,,,2,R,2,Sen,SD-028,9838132,103758,,Evan_Vickers,268712,0
8193,"Christine Watkins",Christine,F.,Watkins,,,2,R,1,Rep,HD-067,13007279,103747,,Christine_Watkins,268707,0
8196,"Don Ipson",Don,L.,Ipson,,,2,R,2,Sen,SD-029,13007288,103769,,Don_Ipson,268716,0
8209,"Luz Escamilla",Luz,,Escamilla,,,1,D,2,Sen,SD-010,6489663,103492,,Luz_Escamilla,268718,0
11713,"Daniel Thatcher",Daniel,W.,Thatcher,,,2,R,2,Sen,SD-011,13013669,121189,,Daniel_W._Thatcher,292987,0
11842,"Ken Ivory",Ken,,Ivory,,,2,R,1,Rep,HD-039,6684197,121360,,Ken_Ivory,290615,0
11900,"Val Peterson",Val,L.,Peterson,,,2,R,1,Rep,HD-056,6684214,121394,,Val_Peterson,293080,0
12088,"Steve Eliason",Steve,,Eliason,,,2,R,1,Rep,HD-043,6684185,121355,,Steven_Eliason,293061,0
13764,"Stewart Barlow",Stewart,E.,Barlow,,,2,R,1,Rep,HD-017,6700256,134842,,Stewart_Barlow,357846,0
13816,"Todd Weiler",Todd,D.,Weiler,,,2,R,2,Sen,SD-008,6648183,50569,,Todd_Weiler,390467,0
13830,"Daniel McCay",Daniel,,McCay,,Dan,2,R,2,Sen,SD-018,10886383,135315,,Dan_McCay,391021,0
14564,"Angela Romero",Angela,,Romero,,,1,D,1,Rep,HD-025,9860499,137464,,Angela_Romero,404818,0
15452,"Kay Christofferson",Kay,J.,Christofferson,,,2,R,1,Rep,HD-053,13007246,137523,,Kay_Christofferson,404922,0
15458,"Mike McKell",Michael,K.,McKell,,Mike,2,R,2,Sen,SD-025,10886452,137542,,Mike_McKell,404960,0
15461,"Keven Stratton",Keven,J.,Stratton,,,2,R,2,Sen,SD-024,10886401,137509,,Keven_Stratton,404894,0
16439,"Scott Sandall",Scott,D.,Sandall,,,2,R,2,Sen,SD-001,24351929,151629,,Scott_Sandall,492379,0
16525,"Mike Schultz",Mike,,Schultz,,,2,R,1,Rep,HD-012,18188685,151632,,Mike_Schultz_(Utah),492410,0
16714,"Scott Chew",Scott,H.,Chew,,,2,R,1,Rep,HD-068,24352019,151551,,Scott_H._Chew,492965,0
17033,"Raymond Ward",Raymond,P.,Ward,,,2,R,1,Rep,HD-019,9840132,151655,,Raymond_Ward,492687,0
17396,"Ann Millner",Ann,,Millner,,,2,R,2,Sen,SD-005,24352067,151613,,Ann_Millner,492263,0
17448,"Norman Thurston",Norman,K.,Thurston,,Norm,2,R,1,Rep,HD-062,24352034,151648,,Norm_Thurston,492980,0
17527,"Sandra Hollins",Sandra,,Hollins,,,1,D,1,Rep,HD-021,24351964,151584,,Sandra_Hollins,492706,0
17719,"Derrin Owens",Derrin,R.,Owens,,,2,R,2,Sen,SD-027,37970007,164665,,Derrin_Owens,548435,0
17849,"Lincoln Fillmore",Lincoln,,Fillmore,,,2,R,2,Sen,SD-017,6565100,167242,,Lincoln_Fillmore,565253,0
17986,"Walt Brooks",Walt,,Brooks,,,2,R,1,Rep,HD-075,39715810,168715,,Walt_Brooks,574030,0
18110,"Carl Albrecht",Carl,R.,Albrecht,,,2,R,1,Rep,HD-070,27891625,168710,,Carl_R._Albrecht,574027,0
18777,"Cory Maloy",Cory,,Maloy,,,2,R,1,Rep,HD-052,39715717,168612,,Cory_Maloy,573989,0
19010,"Karen Kwan",Karen,,Kwan,,,1,D,2,Sen,SD-012,13731853,151596,,Karen_Kwan,492744,0
19072,"Jefferson Moss",Jefferson,,Moss,,,2,R,1,Rep,HD-051,10886568,159373,,Jefferson_Moss,574872,0
19091,"Karianne Lisonbee",Karianne,,Lisonbee,,,2,R,1,Rep,HD-014,9853475,168623,,Karianne_Lisonbee,575080,0
19415,"Cheryl Acton",Cheryl,K.,Acton,,,2,R,1,Rep,HD-038,44283425,177882,,Cheryl_Acton,637600,0
19707,"Casey Snider",Casey,,Snider,,,2,R,1,Rep,HD-005,45078665,182132,,Casey_Snider,285952,0
20380,"Calvin Musselman",Calvin,R.,Musselman,,,2,R,2,Sen,SD-004,19172124,182138,,Calvin_Musselman,659114,0
20381,"Stephanie Pitcher",Stephanie,,Pitcher,,,1,D,2,Sen,SD-014,45142643,182179,,Stephanie_Pitcher,659462,0
20383,"Andrew Stoddard",Andrew,,Stoddard,,,1,D,1,Rep,HD-040,45142652,182185,,Andrew_Stoddard,659509,0
20471,"Jennifer Dailey-Provost",Jennifer,,Dailey-Provost,,Jen,1,D,1,Rep,HD-022,45078806,182159,,Jen_Dailey-Provost,659174,0
21031,"Mark Strong",Mark,A.,Strong,,,2,R,1,Rep,HD-047,45078724,182180,,Mark_Strong,659477,0
21046,"Rex Shipp",Rex,P.,Shipp,,,2,R,1,Rep,HD-071,45078773,182213,,Rex_Shipp,659752,0
21049,"Jon Hawkins",Jon,,Hawkins,,,2,R,1,Rep,HD-055,45078747,182198,,Jon_Hawkins,659672,0
21066,"Kathleen Riebe",Kathleen,A.,Riebe,,,1,D,2,Sen,SD-015,29170503,169252,,Kathleen_Riebe,642367,0
21100,"Kirk Cullimore",Kirk,A.,Cullimore,Jr.,,2,R,2,Sen,SD-019,45078635,182112,,Kirk_Cullimore,659024,0
21104,"Melissa Garff Ballard",Melissa,,"Garff Ballard",,,2,R,1,Rep,HD-020,39359843,182150,,Melissa_Garff_Ballard,659149,0
21105,"Brady Brammer",Brady,,Brammer,,,2,R,2,Sen,SD-021,45078702,182164,,Brady_Brammer,659391,0
21108,"Ronald Winterton",Ronald,M.,Winterton,,,2,R,2,Sen,SD-020,9929688,114224,,Ronald_Winterton,659074,0
21414,"Candice Pierucci",Candice,B.,Pierucci,,,2,R,1,Rep,HD-049,49322668,187653,,Candice_Pierucci,576095,0
22072,"Jefferson Burton",Jefferson,S.,Burton,,,2,R,1,Rep,HD-064,49449556,144718,,Jefferson_Burton,423605,0
22073,"Matthew Gwynn",Matthew,H.,Gwynn,,Matt,2,R,1,Rep,HD-006,49449417,192301,,Matt_Gwynn,736170,0
22074,"John Johnson",John,D.,Johnson,,,2,R,2,Sen,SD-003,17874987,192459,,John_Johnson_(Utah),736079,0
22075,"Mike Kohler",Michael,L.,Kohler,,Mike,2,R,1,Rep,HD-059,49449536,59746,,Mike_Kohler,736250,0
22124,"Chris Wilson",Chris,H.,Wilson,,,2,R,2,Sen,SD-002,40771058,192461,,Chris_Wilson_(Utah),736087,0
22378,"Jordan Teuscher",Jordan,D.,Teuscher,,,2,R,1,Rep,HD-044,49449515,192328,,Jordan_Teuscher,736217,0
22454,"Nelson Abbott",Nelson,T.,Abbott,,,2,R,1,Rep,HD-057,49449546,192472,,Nelson_Abbott,736260,0
22519,"Gay Lynn Bennion","Gay Lynn",,Bennion,,,1,D,1,Rep,HD-041,45983404,192331,,Gay_Lynn_Bennion,736227,0
22521,"Ashlee Matthews",Ashlee,,Matthews,,,1,D,1,Rep,HD-037,49449431,192320,,Ashlee_Matthews,736205,0
22522,"Michael Petersen",Michael,J.,Petersen,,Mike,2,R,1,Rep,HD-002,49449468,192260,,Mike_Petersen_(Utah),736117,0
22523,"Doug Welton",Douglas,R.,Welton,,,2,R,1,Rep,HD-065,49449564,192481,,Doug_Welton,736277,0
22525,"Doug Owens",Doug,,Owens,,,1,D,1,Rep,HD-033,24352095,151619,,Doug_Owens,736192,0
22968,"Stephen Whyte",Stephen,L.,Whyte,,,2,R,1,Rep,HD-063,10886896,137410,,Stephen_Whyte,404694,0
23044,"Karen Peterson",Karen,M.,Peterson,,,2,R,1,Rep,HD-013,0,201421,,Karen_Peterson_(Utah),613986,0
23169,"Colin Jack",Colin,W.,Jack,,,2,R,1,Rep,HD-073,55399399,204634,,Colin_Jack,801558,0
23751,"Jen Plumb",Jennifer,,Plumb,,Jen,1,D,2,Sen,SD-009,55399182,182107,,Jennifer_Plumb,0,0
23786,"Anthony Loubet",Anthony,E.,Loubet,,,2,R,1,Rep,HD-027,55399284,192305,,Anthony_Loubet,0,0
23787,"Katy Hall",Katy,,Hall,,,2,R,1,Rep,HD-011,55399244,204601,,Katy_Hall,0,0
23788,"Trevor Lee",Trevor,A.,Lee,,,2,R,1,Rep,HD-016,55399257,204605,,Trevor_Lee,0,0
23789,"Paul Cutler",Paul,A.,Cutler,,,2,R,1,Rep,HD-018,55399262,204606,,Paul_Cutler,0,0
23790,"Sahara Hayes",Sahara,,Hayes,,,1,D,1,Rep,HD-032,55399304,204572,,Sahara_Hayes,0,0
23791,"Stephanie Gricius",Stephanie,,Gricius,,,2,R,1,Rep,HD-050,55399349,204518,,Stephanie_Gricius,0,0
23809,"Jason Kyle",Jason,B.,Kyle,,,2,R,1,Rep,HD-008,55399233,182137,,Jason_Kyle,0,0
23896,"Neil Walter","R. Neil",,Walter,,Neil,2,R,1,Rep,HD-074,55399402,169269,,Neil_Walter,0,0
24492,"Bridger Bolinder",Bridger,,Bolinder,,,2,R,1,Rep,HD-029,55399288,204623,,Bridger_Bolinder,801119,0
24493,"Tyler Clancy",Tyler,,Clancy,,,2,R,1,Rep,HD-060,59517003,0,,,0,0
24494,"Joseph Elison",Joseph,,Elison,,,2,R,1,Rep,HD-072,55399394,204631,,Joseph_Elison,801548,0
24496,"Thomas Peterson",Thomas,W.,Peterson,,,2,R,1,Rep,HD-001,0,210882,,Thomas_Peterson_(Utah),0,0
24499,"Nate Blouin",Nate,,Blouin,,,1,D,2,Sen,SD-013,55399191,204553,,Nate_Blouin,800823,0
24964,"Ariel Defay",Ariel,,Defay,,,2,R,1,Rep,HD-015,59516972,0,,,0,0
24965,"Matt MacPherson",Matt,,MacPherson,,,2,R,1,Rep,HD-026,0,192312,,Matt_MacPherson,0,0
25016,"Heidi Balderree",Heidi,,Balderree,,,2,R,2,Sen,SD-022,59516935,212860,,Heidi_Balderree,0,0
25680,"Tracy Miller",Tracy,,Miller,,,2,R,1,Rep,HD-045,48682854,214330,,Tracy_Miller,0,0
25715,"Jason Thompson",Jason,E.,Thompson,,,2,R,1,Rep,HD-003,59517073,214306,,Jason_Thompson_(Utah),0,0
25716,"Jake Sawyer",Jake,,Sawyer,,,2,R,1,Rep,HD-009,59517094,214362,,Jake_Sawyer,0,0
25717,"Jill Koford",Jill,,Koford,,,2,R,1,Rep,HD-010,9878488,204614,,Jill_Koford,0,0
25718,"Hoang Nguyen",Hoang,,Nguyen,,,1,D,1,Rep,HD-023,59517026,214294,,Hoang_Nguyen,0,0
25719,"Grant Miller",Grant,Amjad,Miller,,,1,D,1,Rep,HD-024,59517084,214295,,Grant_Miller_(Utah),0,0
25720,"Nicholeen Peck",Nicholeen,P.,Peck,,,2,R,1,Rep,HD-028,17874859,214303,,Nicholeen_Peck,0,0
25721,"Jake Fitisemanu",Jake,,Fitisemanu,Jr.,,1,D,1,Rep,HD-030,59517037,187666,,Jake_Fitisemanu,0,0
25722,"Verona Mauga",Verona,,Mauga,,,1,D,1,Rep,HD-031,59516937,214309,,Verona_Mauga,0,0
25723,"Rosalba Dominguez",Rosalba,,Dominguez,,,1,D,1,Rep,HD-035,59516968,214316,,Rosalba_Dominguez,0,0
25724,"Clinton Okerlund",Clinton,,Okerlund,,Clint,2,R,1,Rep,HD-042,50537333,214324,,Clint_Okerlund,0,0
25725,"Calvin Roberts",Calvin,,Roberts,,Cal,2,R,1,Rep,HD-046,59517082,214332,,Cal_Roberts,0,0
25726,"Doug Fiefia",Doug,,Fiefia,,,2,R,1,Rep,HD-048,59517015,214334,,Doug_Fiefia,0,0
25727,"Kristen Chevrier",Kristen,,Chevrier,,,2,R,1,Rep,HD-054,0,0,,,0,0
25728,"David Shallenberger",David,,Shallenberger,,,2,R,1,Rep,HD-058,45534069,192335,,David_Shallenberger,0,0
25729,"Lisa Shepherd",Lisa,,Shepherd,,,2,R,1,Rep,HD-061,9848705,103721,,Lisa_Shepherd,0,0
25730,"Troy Shelley",Troy,,Shelley,,,2,R,1,Rep,HD-066,28757282,214353,,Troy_Shelley,0,0
25731,"Logan Monson",Logan,,Monson,,,2,R,1,Rep,HD-069,59517085,214359,,Logan_Monson,0,0
26358,"Tiara Auxier",Tiara,,Auxier,,,2,R,1,Rep,HD-004,0,0,,,0,0
